Order_id,Order_Date,Customer_id,channel_name,Currency _Code,Warehouse_Code,Region_id ,Product_id,Order_ Quantity,Unit _Price,Line_total,Total_Unit_Cost
SO - 000101,2014-06-01,59,Distributor,USD,NXH382,47,25,5,1963.1,9815.5,1001.18
SO - 000102,2014-06-01,33,Wholesale,USD,GUT930,36,24,5,3939.6,19698,3348.66
SO - 000103,2014-06-01,8,Export,USD,GUT930,39,14,10,1775.5,17755,781.22
SO - 000104,2014-06-01,76,Export,USD,AXW291,20,2,6,2324.9,13949.4,1464.69
SO - 000105,2014-06-01,143,Wholesale,USD,AXW291,20,13,6,1822.4,10934.4,1476.14
SO - 000106,2014-06-01,124,Wholesale,USD,NXH382,52,12,6,1038.5,6231,446.56
SO - 000107,2014-06-01,151,Distributor,USD,AXW291,1,22,10,1192.6,11926,536.67
SO - 000108,2014-06-01,20,Distributor,USD,NXH382,51,10,10,1815.7,18157,1525.19
SO - 000109,2014-06-02,121,Wholesale,USD,NXH382,54,25,7,3879.3,27155.1,2211.2
SO - 000110,2014-06-02,110,Wholesale,USD,NXH382,47,4,6,1956.4,11738.4,1212.97
SO - 000111,2014-06-02,130,Export,USD,AXW291,3,17,12,201,2412,124.62
SO - 000112,2014-06-02,144,Distributor,USD,AXW291,28,28,8,6277.9,50223.2,2762.28
SO - 000113,2014-06-02,130,Export,USD,NXH382,57,6,7,1051.9,7363.3,641.66
SO - 000114,2014-06-02,27,Export,USD,NXH382,53,27,9,254.6,2291.4,216.41
SO - 000115,2014-06-02,63,Distributor,USD,AXW291,25,3,5,3932.9,19664.5,3146.32
SO - 000116,2014-06-02,110,Wholesale,USD,FLR025,64,29,10,1112.2,11122,700.69
SO - 000117,2014-06-02,110,Wholesale,USD,NXH382,58,19,12,1239.5,14874,904.84
SO - 000118,2014-06-02,156,Export,USD,AXW291,4,17,12,984.9,11818.8,393.96
SO - 000119,2014-06-02,41,Distributor,USD,FLR025,63,26,5,5581.1,27905.5,4130.01
SO - 000120,2014-06-02,4,Wholesale,USD,AXW291,25,17,8,3095.4,24763.2,1795.33
SO - 000121,2014-06-02,112,Export,USD,GUT930,35,6,8,2278,18224,1754.06
SO - 000122,2014-06-03,90,Export,USD,NXH382,51,26,12,991.6,11899.2,654.46
SO - 000123,2014-06-03,109,Distributor,USD,AXW291,4,2,6,3979.8,23878.8,3064.45
SO - 000124,2014-06-03,52,Wholesale,USD,GUT930,40,14,12,1969.8,23637.6,866.71
SO - 000125,2014-06-03,127,Wholesale,USD,GUT930,31,25,12,268,3216,131.32
SO - 000126,2014-06-03,133,Wholesale,USD,AXW291,20,6,11,174.2,1916.2,95.81
SO - 000127,2014-06-03,116,Distributor,USD,GUT930,42,13,6,2988.2,17929.2,2510.09
SO - 000128,2014-06-03,20,Wholesale,USD,GUT930,43,13,11,3999.9,43998.9,2679.93
SO - 000129,2014-06-03,130,Distributor,USD,AXW291,18,15,10,5976.4,59764,2450.32
SO - 000130,2014-06-03,103,Wholesale,USD,AXW291,19,7,6,2901.1,17406.6,2378.9
SO - 000131,2014-06-04,133,Distributor,USD,NXH382,55,17,7,6076.9,42538.3,2734.61
SO - 000132,2014-06-04,51,Distributor,USD,NXH382,55,5,6,5735.2,34411.2,4186.7
SO - 000133,2014-06-04,175,Export,USD,GUT930,39,2,12,3919.5,47034,2077.34
SO - 000134,2014-06-04,117,Distributor,USD,FLR025,66,26,8,6083.6,48668.8,3832.67
SO - 000135,2014-06-04,42,Wholesale,USD,FLR025,61,3,5,2566.1,12830.5,1642.3
SO - 000136,2014-06-04,166,Wholesale,USD,AXW291,15,19,10,2278,22780,1093.44
SO - 000137,2014-06-04,173,Wholesale,USD,GUT930,46,26,7,261.3,1829.1,120.2
SO - 000138,2014-06-04,11,Wholesale,USD,FLR025,65,6,9,998.3,8984.7,698.81
SO - 000139,2014-06-04,39,Wholesale,USD,AXW291,17,27,6,3497.4,20984.4,1958.54
SO - 000140,2014-06-04,137,Wholesale,USD,GUT930,36,26,9,1132.3,10190.7,486.89
SO - 000141,2014-06-04,75,Wholesale,USD,AXW291,8,14,9,2405.3,21647.7,1587.5
SO - 000142,2014-06-04,33,Distributor,USD,FLR025,66,15,7,5701.7,39911.9,3249.97
SO - 000143,2014-06-05,134,Distributor,USD,GUT930,45,25,9,2452.2,22069.8,1446.8
SO - 000144,2014-06-05,115,Wholesale,USD,AXW291,2,25,7,3095.4,21667.8,2012.01
SO - 000145,2014-06-05,90,Export,USD,GUT930,38,13,9,3865.9,34793.1,2164.9
SO - 000146,2014-06-05,2,Distributor,USD,AXW291,7,5,7,2304.8,16133.6,1382.88
SO - 000147,2014-06-05,47,Distributor,USD,AXW291,7,11,10,3195.9,31959,1470.11
SO - 000148,2014-06-05,80,Wholesale,USD,NXH382,53,13,10,6452.1,64521,5161.68
SO - 000149,2014-06-06,78,Export,USD,AXW291,19,4,6,2003.3,12019.8,921.52
SO - 000150,2014-06-06,91,Wholesale,USD,AXW291,4,18,5,3638.1,18190.5,1455.24
SO - 000151,2014-06-06,19,Export,USD,AXW291,20,3,6,2278,13668,1822.4
SO - 000152,2014-06-06,21,Distributor,USD,AXW291,26,5,12,924.6,11095.2,582.5
SO - 000153,2014-06-06,31,Wholesale,USD,AXW291,20,21,11,3926.2,43188.2,3062.44
SO - 000154,2014-06-06,70,Export,USD,FLR025,63,15,7,3825.7,26779.9,2257.16
SO - 000155,2014-06-06,89,Wholesale,USD,FLR025,65,4,10,2257.9,22579,1377.32
SO - 000156,2014-06-07,3,Wholesale,USD,AXW291,27,30,7,1112.2,7785.4,756.3
SO - 000157,2014-06-07,76,Wholesale,USD,AXW291,19,14,5,3557.7,17788.5,1814.43
SO - 000158,2014-06-07,3,Distributor,USD,AXW291,11,1,7,2371.8,16602.6,1233.34
SO - 000159,2014-06-07,125,Wholesale,USD,AXW291,11,14,12,857.6,10291.2,686.08
SO - 000160,2014-06-08,86,Wholesale,USD,GUT930,43,8,11,3892.7,42819.7,2880.6
SO - 000161,2014-06-08,1,Distributor,USD,AXW291,28,24,8,3477.3,27818.4,1390.92
SO - 000162,2014-06-08,104,Distributor,USD,AXW291,28,26,6,3738.6,22431.6,2803.95
SO - 000163,2014-06-08,63,Wholesale,USD,NXH382,48,25,8,1072,8576,589.6
SO - 000164,2014-06-08,121,Wholesale,USD,AXW291,22,4,12,2257.9,27094.8,1761.16
SO - 000165,2014-06-08,40,Distributor,USD,GUT930,42,3,5,1058.6,5293,751.61
SO - 000166,2014-06-08,118,Wholesale,USD,AXW291,14,1,10,2492.4,24924,1296.05
SO - 000167,2014-06-08,20,Wholesale,USD,AXW291,13,4,6,3852.5,23115,2465.6
SO - 000168,2014-06-09,119,Wholesale,USD,GUT930,39,13,11,241.2,2653.2,132.66
SO - 000169,2014-06-09,134,Distributor,USD,AXW291,6,5,5,1051.9,5259.5,494.39
SO - 000170,2014-06-09,146,Distributor,USD,AXW291,31,29,8,227.8,1822.4,107.07
SO - 000171,2014-06-09,101,Wholesale,USD,FLR025,60,26,9,1078.7,9708.3,506.99
SO - 000172,2014-06-09,125,Wholesale,USD,AXW291,18,17,6,1005,6030,743.7
SO - 000173,2014-06-09,109,Distributor,USD,NXH382,52,23,6,2485.7,14914.2,1317.42
SO - 000174,2014-06-09,108,Distributor,USD,AXW291,26,4,10,2659.9,26599,2154.52
SO - 000175,2014-06-10,72,Wholesale,USD,AXW291,20,6,11,2224.4,24468.4,1579.32
SO - 000176,2014-06-10,152,Wholesale,USD,FLR025,61,1,8,2472.3,19778.4,1260.87
SO - 000177,2014-06-10,71,Wholesale,USD,GUT930,42,25,7,1011.7,7081.9,799.24
SO - 000178,2014-06-10,133,Wholesale,USD,GUT930,42,25,6,234.5,1407,128.98
SO - 000179,2014-06-10,131,Distributor,USD,AXW291,29,25,8,261.3,2090.4,143.72
SO - 000180,2014-06-10,147,Export,USD,AXW291,7,11,5,4006.6,20033,2844.69
SO - 000181,2014-06-10,150,Distributor,USD,GUT930,38,14,6,1333.3,7999.8,866.65
SO - 000182,2014-06-11,109,Wholesale,USD,GUT930,46,16,5,167.5,837.5,90.45
SO - 000183,2014-06-11,140,Export,USD,FLR025,61,25,5,3195.9,15979.5,1821.66
SO - 000184,2014-06-11,3,Wholesale,USD,NXH382,56,16,10,1051.9,10519,809.96
SO - 000185,2014-06-11,102,Export,USD,AXW291,2,5,9,5447.1,49023.9,3540.62
SO - 000186,2014-06-11,159,Wholesale,USD,GUT930,36,5,8,3182.5,25460,1973.15
SO - 000187,2014-06-12,136,Wholesale,USD,FLR025,61,13,5,891.1,4455.5,632.68
SO - 000188,2014-06-12,145,Export,USD,AXW291,29,17,7,3892.7,27248.9,2724.89
SO - 000189,2014-06-12,21,Export,USD,GUT930,45,12,9,3953,35577,3360.05
SO - 000190,2014-06-12,106,Wholesale,USD,GUT930,34,15,9,924.6,8321.4,545.51
SO - 000191,2014-06-12,5,Distributor,USD,GUT930,34,14,10,3430.4,34304,1989.63
SO - 000192,2014-06-12,57,Wholesale,USD,AXW291,31,17,8,1152.4,9219.2,622.3
SO - 000193,2014-06-12,28,Wholesale,USD,AXW291,24,2,5,1085.4,5427,922.59
SO - 000194,2014-06-13,34,Wholesale,USD,AXW291,27,16,5,5031.7,25158.5,4025.36
SO - 000195,2014-06-13,72,Wholesale,USD,AXW291,18,5,8,1092.1,8736.8,436.84
SO - 000196,2014-06-13,170,Export,USD,AXW291,4,28,9,187.6,1688.4,144.45
SO - 000197,2014-06-13,13,Export,USD,AXW291,17,26,9,3993.2,35938.8,2835.17
SO - 000198,2014-06-13,19,Export,USD,FLR025,65,30,11,2472.3,27195.3,1433.93
SO - 000199,2014-06-13,166,Wholesale,USD,AXW291,5,25,11,1206,13266,844.2
SO - 000200,2014-06-13,136,Distributor,USD,AXW291,26,13,11,1728.6,19014.6,985.3
SO - 000201,2014-06-13,121,Wholesale,USD,AXW291,25,25,6,1983.2,11899.2,1447.74
SO - 000202,2014-06-13,75,Wholesale,USD,GUT930,33,30,7,5313.1,37191.7,2656.55
SO - 000203,2014-06-13,124,Export,USD,AXW291,11,6,11,871,9581,566.15
SO - 000204,2014-06-14,100,Wholesale,USD,GUT930,32,4,6,2532.6,15195.6,2051.41
SO - 000205,2014-06-14,54,Wholesale,USD,AXW291,17,21,8,5916.1,47328.8,4673.72
SO - 000206,2014-06-14,146,Wholesale,USD,GUT930,42,1,7,2887.7,20213.9,1443.85
SO - 000207,2014-06-14,170,Wholesale,USD,GUT930,36,12,7,1855.9,12991.3,1447.6
SO - 000208,2014-06-14,108,Distributor,USD,AXW291,11,21,6,207.7,1246.2,135.01
SO - 000209,2014-06-14,166,Wholesale,USD,FLR025,62,3,6,1058.6,6351.6,772.78
SO - 000210,2014-06-14,142,Wholesale,USD,GUT930,44,3,10,958.1,9581,517.37
SO - 000211,2014-06-14,100,Wholesale,USD,GUT930,34,8,9,2659.9,23939.1,1675.74
SO - 000212,2014-06-14,75,Distributor,USD,AXW291,26,13,12,2217.7,26612.4,1707.63
SO - 000213,2014-06-15,155,Wholesale,USD,AXW291,8,16,7,1715.2,12006.4,857.6
SO - 000214,2014-06-15,20,Wholesale,USD,NXH382,52,10,6,3932.9,23597.4,1691.15
SO - 000215,2014-06-15,104,Distributor,USD,AXW291,31,9,5,2546,12730,1909.5
SO - 000216,2014-06-15,150,Distributor,USD,NXH382,50,25,5,837.5,4187.5,603
SO - 000217,2014-06-15,70,Distributor,USD,GUT930,40,10,10,1809,18090,1302.48
SO - 000218,2014-06-15,77,Distributor,USD,NXH382,55,13,5,857.6,4288,514.56
SO - 000219,2014-06-15,38,Export,USD,AXW291,2,13,8,1748.7,13989.6,1101.68
SO - 000220,2014-06-15,68,Distributor,USD,AXW291,14,25,10,1266.3,12663,582.5
SO - 000221,2014-06-15,142,Wholesale,USD,AXW291,5,13,11,5058.5,55643.5,3591.54
SO - 000222,2014-06-15,74,Distributor,USD,AXW291,7,23,10,958.1,9581,795.22
SO - 000223,2014-06-15,156,Export,USD,AXW291,22,19,11,1802.3,19825.3,756.97
SO - 000224,2014-06-16,135,Wholesale,USD,AXW291,9,13,11,6298,69278,4534.56
SO - 000225,2014-06-16,126,Wholesale,USD,AXW291,1,27,6,2499.1,14994.6,1824.34
SO - 000226,2014-06-16,140,Wholesale,USD,GUT930,36,19,8,871,6968,705.51
SO - 000227,2014-06-16,123,Wholesale,USD,GUT930,44,15,6,750.4,4502.4,360.19
SO - 000228,2014-06-16,139,Distributor,USD,GUT930,36,5,5,763.8,3819,504.11
SO - 000229,2014-06-16,96,Export,USD,NXH382,55,17,11,844.2,9286.2,565.61
SO - 000230,`,154,Wholesale,USD,AXW291,6,24,5,261.3,1306.5,112.36
SO - 000231,2014-06-16,4,Export,USD,AXW291,13,14,8,3999.9,31999.2,2359.94
SO - 000232,2014-06-16,70,Wholesale,USD,GUT930,45,26,7,1112.2,7785.4,811.91
SO - 000233,2014-06-16,50,Wholesale,USD,AXW291,30,8,8,2633.1,21064.8,1843.17
SO - 000234,2014-06-16,44,Distributor,USD,AXW291,24,20,5,1018.4,5092,631.41
SO - 000235,2014-06-16,70,Distributor,USD,AXW291,10,26,12,5219.3,62631.6,3444.74
SO - 000236,2014-06-16,175,Export,USD,NXH382,47,8,11,3999.9,43998.9,2359.94
SO - 000237,2014-06-17,90,Wholesale,USD,FLR025,62,13,10,1721.9,17219,1084.8
SO - 000238,2014-06-17,129,Wholesale,USD,GUT930,35,1,9,737,6633,456.94
SO - 000239,2014-06-17,124,Wholesale,USD,AXW291,6,9,9,1219.4,10974.6,695.06
SO - 000240,2014-06-17,9,Wholesale,USD,NXH382,51,29,6,891.1,5346.6,712.88
SO - 000241,2014-06-17,117,Wholesale,USD,AXW291,27,25,12,978.2,11738.4,743.43
SO - 000242,2014-06-17,100,Wholesale,USD,AXW291,31,17,9,3946.3,35516.7,1657.45
SO - 000243,2014-06-17,92,Wholesale,USD,GUT930,33,18,12,1299.8,15597.6,922.86
SO - 000244,2014-06-18,155,Distributor,USD,AXW291,14,7,5,5815.6,29078,2791.49
SO - 000245,2014-06-18,100,Distributor,USD,AXW291,22,15,10,1092.1,10921,655.26
SO - 000246,2014-06-18,156,Wholesale,USD,AXW291,7,25,7,1072,7504,643.2
SO - 000247,2014-06-18,134,Wholesale,USD,GUT930,39,26,11,4020,44220,2653.2
SO - 000248,2014-06-18,140,Wholesale,USD,AXW291,12,3,9,984.9,8864.1,669.73
SO - 000249,2014-06-18,28,Wholesale,USD,FLR025,62,16,12,227.8,2733.6,100.23
SO - 000250,2014-06-18,72,Wholesale,USD,AXW291,7,13,11,3993.2,43925.2,3314.36
SO - 000251,2014-06-18,106,Distributor,USD,AXW291,30,2,10,221.1,2211,185.72
SO - 000252,2014-06-19,62,Distributor,USD,AXW291,19,14,9,3356.7,30210.3,2819.63
SO - 000253,2014-06-19,94,Wholesale,USD,NXH382,58,21,6,1701.8,10210.8,1157.22
SO - 000254,2014-06-19,67,Wholesale,USD,NXH382,50,15,5,2566.1,12830.5,2181.19
SO - 000255,2014-06-19,102,Wholesale,USD,AXW291,19,13,12,221.1,2653.2,126.03
SO - 000256,2014-06-19,172,Wholesale,USD,GUT930,45,27,9,1782.2,16039.8,980.21
SO - 000257,2014-06-19,41,Wholesale,USD,AXW291,17,30,10,2003.3,20033,801.32
SO - 000258,2014-06-19,142,Wholesale,USD,AXW291,6,17,11,2385.2,26237.2,1502.68
SO - 000259,2014-06-19,2,Wholesale,USD,AXW291,3,15,11,2231.1,24542.1,1784.88
SO - 000260,2014-06-19,140,Wholesale,USD,AXW291,22,18,7,1005,7035,412.05
SO - 000261,2014-06-19,122,Distributor,USD,NXH382,53,2,12,2693.4,32320.8,1939.25
SO - 000262,2014-06-19,156,Wholesale,USD,AXW291,20,4,8,1105.5,8844,652.25
SO - 000263,2014-06-20,108,Distributor,USD,AXW291,16,8,9,1909.5,17185.5,1088.42
SO - 000264,2014-06-20,123,Distributor,USD,GUT930,32,1,8,1118.9,8951.2,850.36
SO - 000265,2014-06-20,15,Wholesale,USD,AXW291,17,4,10,1038.5,10385,758.11
SO - 000266,2014-06-20,125,Distributor,USD,AXW291,23,14,6,6324.8,37948.8,4300.86
SO - 000267,2014-06-20,75,Wholesale,USD,AXW291,3,16,6,1005,6030,502.5
SO - 000268,2014-06-20,116,Distributor,USD,GUT930,32,16,10,1293.1,12931,659.48
SO - 000269,2014-06-20,47,Wholesale,USD,AXW291,14,25,5,844.2,4221,540.29
SO - 000270,2014-06-20,40,Wholesale,USD,NXH382,58,1,8,247.9,1983.2,195.84
SO - 000271,2014-06-20,161,Wholesale,USD,GUT930,39,13,12,174.2,2090.4,139.36
SO - 000272,2014-06-21,58,Wholesale,USD,NXH382,50,2,9,1025.1,9225.9,707.32
SO - 000273,2014-06-21,18,Export,USD,FLR025,62,10,9,3068.6,27617.4,2301.45
SO - 000274,2014-06-21,78,Distributor,USD,AXW291,22,18,7,241.2,1688.4,115.78
SO - 000275,2014-06-21,67,Distributor,USD,GUT930,36,15,10,174.2,1742,139.36
SO - 000276,2014-06-21,152,Export,USD,AXW291,6,17,7,2505.8,17540.6,1804.18
SO - 000277,2014-06-21,164,Wholesale,USD,GUT930,42,11,11,2599.6,28595.6,1637.75
SO - 000278,2014-06-21,151,Export,USD,AXW291,28,26,12,2278,27336,1503.48
SO - 000279,2014-06-22,106,Wholesale,USD,FLR025,64,25,12,1092.1,13105.2,589.73
SO - 000280,2014-06-22,1,Wholesale,USD,AXW291,8,17,9,1139,10251,933.98
SO - 000281,2014-06-22,67,Export,USD,FLR025,61,14,11,1675,18425,1072
SO - 000282,2014-06-22,38,Export,USD,GUT930,41,23,7,1011.7,7081.9,687.96
SO - 000283,2014-06-22,127,Wholesale,USD,AXW291,23,4,12,938,11256,412.72
SO - 000284,2014-06-22,66,Distributor,USD,AXW291,10,2,10,2566.1,25661,1052.1
SO - 000285,2014-06-23,59,Wholesale,USD,GUT930,32,6,12,871,10452,374.53
SO - 000286,2014-06-23,68,Wholesale,USD,AXW291,15,25,9,2485.7,22371.3,1789.7
SO - 000287,2014-06-23,67,Distributor,USD,FLR025,66,27,9,2345,21105,1922.9
SO - 000288,2014-06-23,21,Distributor,USD,AXW291,9,12,12,1118.9,13426.8,749.66
SO - 000289,2014-06-23,39,Wholesale,USD,AXW291,2,20,7,1996.6,13976.2,1397.62
SO - 000290,2014-06-23,113,Distributor,USD,AXW291,23,25,6,710.2,4261.2,390.61
SO - 000291,2014-06-23,21,Export,USD,GUT930,37,1,6,3979.8,23878.8,1790.91
SO - 000292,2014-06-23,116,Distributor,USD,FLR025,61,25,6,1025.1,6150.6,440.79
SO - 000293,2014-06-23,95,Distributor,USD,GUT930,36,15,8,2519.2,20153.6,1309.98
SO - 000294,2014-06-23,9,Wholesale,USD,AXW291,27,5,8,5031.7,40253.6,3471.87
SO - 000295,2014-06-24,3,Wholesale,USD,NXH382,56,18,10,1829.1,18291,768.22
SO - 000296,2014-06-24,148,Wholesale,USD,NXH382,55,26,11,1072,11792,900.48
SO - 000297,2014-06-24,109,Wholesale,USD,GUT930,45,27,10,2539.3,25393,1828.3
SO - 000298,2014-06-24,38,Distributor,USD,NXH382,48,19,8,3899.4,31195.2,2027.69
SO - 000299,2014-06-25,102,Wholesale,USD,FLR025,66,1,7,5045.1,35315.7,3380.22
SO - 000300,2014-06-25,37,Wholesale,USD,AXW291,23,20,11,1005,11055,522.6
SO - 000301,2014-06-25,107,Wholesale,USD,GUT930,33,28,11,2438.8,26826.8,1219.4
SO - 000302,2014-06-26,40,Distributor,USD,AXW291,28,1,6,3336.6,20019.6,2035.33
SO - 000303,2014-06-26,154,Wholesale,USD,GUT930,46,27,6,1098.8,6592.8,857.06
SO - 000304,2014-06-26,107,Wholesale,USD,AXW291,12,2,11,1902.8,20930.8,970.43
SO - 000305,2014-06-26,137,Wholesale,USD,AXW291,28,9,11,3477.3,38250.3,2190.7
SO - 000306,2014-06-27,146,Distributor,USD,GUT930,36,17,10,2599.6,25996,1481.77
SO - 000307,2014-06-27,164,Wholesale,USD,NXH382,54,25,12,1078.7,12944.4,506.99
SO - 000308,2014-06-27,4,Distributor,USD,GUT930,36,1,11,1045.2,11497.2,533.05
SO - 000309,2014-06-27,4,Export,USD,AXW291,29,2,11,1125.6,12381.6,787.92
SO - 000310,2014-06-27,165,Export,USD,GUT930,34,16,12,1105.5,13266,762.8
SO - 000311,2014-06-27,68,Export,USD,AXW291,16,10,10,2606.3,26063,1668.03
SO - 000312,2014-06-27,109,Wholesale,USD,GUT930,41,13,7,227.8,1594.6,95.68
SO - 000313,2014-06-27,107,Wholesale,USD,GUT930,33,15,8,167.5,1340,123.95
SO - 000314,2014-06-27,48,Wholesale,USD,GUT930,45,23,6,1145.7,6874.2,538.48
SO - 000315,2014-06-27,62,Wholesale,USD,NXH382,59,14,7,2599.6,18197.2,2157.67
SO - 000316,2014-06-28,21,Wholesale,USD,AXW291,25,10,5,3939.6,19698,1969.8
SO - 000317,2014-06-28,40,Distributor,USD,AXW291,20,2,6,2881,17286,1584.55
SO - 000318,2014-06-28,62,Distributor,USD,AXW291,20,13,8,3852.5,30820,2003.3
SO - 000319,2014-06-28,100,Export,USD,AXW291,10,17,7,1139,7973,546.72
SO - 000320,2014-06-28,59,Distributor,USD,GUT930,35,25,8,2519.2,20153.6,2040.55
SO - 000321,2014-06-28,39,Distributor,USD,AXW291,15,17,12,1192.6,14311.2,703.63
SO - 000322,2014-06-28,122,Wholesale,USD,GUT930,39,19,11,2412,26532,1013.04
SO - 000323,2014-06-28,142,Wholesale,USD,AXW291,24,25,9,2479,22311,2057.57
SO - 000324,2014-06-28,5,Wholesale,USD,NXH382,58,14,10,1956.4,19564,1330.35
SO - 000325,2014-06-28,22,Wholesale,USD,GUT930,32,25,9,1078.7,9708.3,722.73
SO - 000326,2014-06-28,47,Wholesale,USD,AXW291,13,22,11,1212.7,13339.7,945.91
SO - 000327,2014-06-28,88,Distributor,USD,GUT930,46,21,7,978.2,6847.4,821.69
SO - 000328,2014-06-28,172,Distributor,USD,NXH382,50,23,10,174.2,1742,120.2
SO - 000329,2014-06-28,74,Wholesale,USD,GUT930,41,5,5,1125.6,5628,630.34
SO - 000330,2014-06-29,31,Distributor,USD,NXH382,52,25,8,1065.3,8522.4,468.73
SO - 000331,2014-06-29,111,Distributor,USD,AXW291,11,2,8,3892.7,31141.6,2724.89
SO - 000332,2014-06-29,54,Wholesale,USD,NXH382,54,6,5,207.7,1038.5,120.47
SO - 000333,2014-06-29,99,Wholesale,USD,AXW291,14,27,8,1185.9,9487.2,948.72
SO - 000334,2014-06-29,110,Export,USD,FLR025,64,25,11,2586.2,28448.2,1629.31
SO - 000335,2014-06-29,152,Wholesale,USD,AXW291,5,5,10,2579.5,25795,1960.42
SO - 000336,2014-06-29,10,Distributor,USD,AXW291,5,4,8,6378.4,51027.2,2806.5
SO - 000337,2014-06-29,41,Wholesale,USD,NXH382,53,6,6,3008.3,18049.8,2226.14
SO - 000338,2014-06-29,27,Wholesale,USD,AXW291,26,26,8,1755.4,14043.2,930.36
SO - 000339,2014-06-29,168,Wholesale,USD,AXW291,31,6,8,1139,9112,740.35
SO - 000340,2014-06-29,3,Distributor,USD,AXW291,8,6,7,6157.3,43101.1,4556.4
SO - 000341,2014-06-29,150,Export,USD,AXW291,8,22,12,2231.1,26773.2,1093.24
SO - 000342,2014-06-29,4,Wholesale,USD,AXW291,12,20,9,2479,22311,1859.25
SO - 000343,2014-06-30,70,Wholesale,USD,AXW291,4,25,11,6391.8,70309.8,4793.85
SO - 000344,2014-06-30,143,Export,USD,NXH382,48,25,8,1139,9112,660.62
SO - 000345,2014-06-30,65,Wholesale,USD,GUT930,36,10,8,2586.2,20689.6,1681.03
SO - 000346,2014-06-30,171,Wholesale,USD,GUT930,38,25,5,3899.4,19497,1871.71
SO - 000347,2014-06-30,48,Distributor,USD,AXW291,15,22,9,951.4,8562.6,599.38
SO - 000348,2014-07-01,41,Distributor,USD,GUT930,31,26,9,5607.9,50471.1,3476.9
SO - 000349,2014-07-01,44,Export,USD,NXH382,50,5,8,1165.8,9326.4,827.72
SO - 000350,2014-07-01,30,Distributor,USD,NXH382,50,13,12,1949.7,23396.4,1520.77
SO - 000351,2014-07-01,75,Distributor,USD,AXW291,27,16,9,3685,33165,2690.05
SO - 000352,2014-07-01,138,Wholesale,USD,FLR025,60,13,8,2633.1,21064.8,1816.84
SO - 000353,2014-07-01,133,Wholesale,USD,NXH382,50,5,6,1072,6432,460.96
SO - 000354,2014-07-01,67,Distributor,USD,AXW291,6,17,10,3537.6,35376,1910.3
SO - 000355,2014-07-01,151,Distributor,USD,GUT930,42,18,11,1092.1,12013.1,622.5
SO - 000356,2014-07-01,98,Wholesale,USD,NXH382,48,4,9,1748.7,15738.3,1136.66
SO - 000357,2014-07-01,82,Wholesale,USD,AXW291,2,2,8,891.1,7128.8,739.61
SO - 000358,2014-07-01,78,Wholesale,USD,AXW291,29,19,5,3082,15410,1510.18
SO - 000359,2014-07-01,63,Wholesale,USD,AXW291,27,25,5,1125.6,5628,776.66
SO - 000360,2014-07-01,47,Wholesale,USD,AXW291,19,19,9,1252.9,11276.1,651.51
SO - 000361,2014-07-02,4,Distributor,USD,FLR025,66,14,11,837.5,9212.5,527.63
SO - 000362,2014-07-02,172,Wholesale,USD,NXH382,53,5,10,1031.8,10318,773.85
SO - 000363,2014-07-02,64,Wholesale,USD,GUT930,46,15,10,2385.2,23852,1454.97
SO - 000364,2014-07-02,106,Distributor,USD,AXW291,28,29,8,1802.3,14418.4,1153.47
SO - 000365,2014-07-02,29,Distributor,USD,NXH382,49,25,5,1018.4,5092,753.62
SO - 000366,2014-07-02,60,Wholesale,USD,AXW291,19,13,10,3946.3,39463,1815.3
SO - 000367,2014-07-02,29,Distributor,USD,AXW291,24,15,6,3953,23718,2095.09
SO - 000368,2014-07-03,142,Wholesale,USD,AXW291,29,16,10,5098.7,50987,3416.13
SO - 000369,2014-07-03,173,Export,USD,FLR025,63,20,11,3758.7,41345.7,1954.52
SO - 000370,2014-07-03,141,Distributor,USD,AXW291,9,1,5,911.2,4556,610.5
SO - 000371,2014-07-03,42,Wholesale,USD,GUT930,43,19,8,904.5,7236,379.89
SO - 000372,2014-07-03,87,Wholesale,USD,AXW291,23,26,10,911.2,9112,410.04
SO - 000373,2014-07-03,82,Wholesale,USD,AXW291,7,12,10,227.8,2278,134.4
SO - 000374,2014-07-03,4,Distributor,USD,AXW291,13,3,5,254.6,1273,117.12
SO - 000375,2014-07-03,160,Wholesale,USD,AXW291,6,14,11,683.4,7517.4,444.21
SO - 000376,2014-07-04,129,Wholesale,USD,AXW291,29,25,7,3919.5,27436.5,2234.12
SO - 000377,2014-07-04,34,Distributor,USD,FLR025,64,13,10,1092.1,10921,786.31
SO - 000378,2014-07-05,130,Wholesale,USD,GUT930,36,13,11,924.6,10170.6,536.27
SO - 000379,2014-07-05,47,Distributor,USD,GUT930,33,24,5,1018.4,5092,794.35
SO - 000380,2014-07-05,66,Distributor,USD,FLR025,65,14,5,1788.9,8944.5,1305.9
SO - 000381,2014-07-05,77,Distributor,USD,AXW291,15,22,11,944.7,10391.7,538.48
SO - 000382,2014-07-05,133,Distributor,USD,AXW291,26,15,6,3959.7,23758.2,2573.81
SO - 000383,2014-07-05,42,Distributor,USD,AXW291,27,4,12,167.5,2010,70.35
SO - 000384,2014-07-05,111,Export,USD,AXW291,19,8,8,3872.6,30980.8,1975.03
SO - 000385,2014-07-05,65,Distributor,USD,GUT930,34,2,5,6539.2,32696,3858.13
SO - 000386,2014-07-05,17,Wholesale,USD,AXW291,10,29,6,1025.1,6150.6,779.08
SO - 000387,2014-07-05,11,Wholesale,USD,GUT930,35,8,5,938,4690,572.18
SO - 000388,2014-07-05,159,Distributor,USD,FLR025,64,18,11,1045.2,11497.2,804.8
SO - 000389,2014-07-05,106,Export,USD,GUT930,37,9,9,167.5,1507.5,112.23
SO - 000390,2014-07-05,86,Distributor,USD,FLR025,61,26,5,1721.9,8609.5,1377.52
SO - 000391,2014-07-06,150,Wholesale,USD,GUT930,44,10,8,676.7,5413.6,466.92
SO - 000392,2014-07-06,151,Wholesale,USD,AXW291,30,25,12,167.5,2010,82.08
SO - 000393,2014-07-06,167,Distributor,USD,GUT930,46,4,10,1118.9,11189,895.12
SO - 000394,2014-07-06,10,Distributor,USD,AXW291,5,9,6,1139,6834,933.98
SO - 000395,2014-07-06,99,Wholesale,USD,NXH382,50,2,5,1748.7,8743.5,751.94
SO - 000396,2014-07-06,133,Distributor,USD,NXH382,47,15,11,1728.6,19014.6,1140.88
SO - 000397,2014-07-06,78,Distributor,USD,GUT930,33,14,5,1112.2,5561,500.49
SO - 000398,2014-07-06,49,Distributor,USD,AXW291,11,17,11,2385.2,26237.2,1454.97
SO - 000399,2014-07-06,11,Export,USD,AXW291,15,1,12,221.1,2653.2,172.46
SO - 000400,2014-07-07,7,Wholesale,USD,AXW291,22,10,6,5708.4,34250.4,2682.95
SO - 000401,2014-07-07,103,Wholesale,USD,NXH382,52,3,7,1038.5,7269.5,830.8
SO - 000402,2014-07-07,34,Distributor,USD,AXW291,4,11,7,3993.2,27952.4,3234.49
SO - 000403,2014-07-07,97,Distributor,USD,GUT930,35,25,12,1085.4,13024.8,792.34
SO - 000404,2014-07-07,22,Wholesale,USD,NXH382,50,18,11,3886,42746,2020.72
SO - 000405,2014-07-07,155,Wholesale,USD,NXH382,53,28,6,3986.5,23919,2670.96
SO - 000406,2014-07-07,147,Wholesale,USD,AXW291,22,25,8,1206,9648,988.92
SO - 000407,2014-07-08,39,Export,USD,FLR025,65,16,6,1842.5,11055,1050.23
SO - 000408,2014-07-08,95,Distributor,USD,NXH382,54,18,6,5051.8,30310.8,2930.04
SO - 000409,2014-07-08,107,Distributor,USD,GUT930,45,5,11,1165.8,12823.8,466.32
SO - 000410,2014-07-08,171,Wholesale,USD,FLR025,60,26,11,3966.4,43630.4,2340.18
SO - 000411,2014-07-08,20,Wholesale,USD,NXH382,58,10,9,1802.3,16220.7,1495.91
SO - 000412,2014-07-09,37,Wholesale,USD,AXW291,28,18,8,1105.5,8844,851.24
SO - 000413,2014-07-09,143,Wholesale,USD,AXW291,9,17,9,1889.4,17004.6,1398.16
SO - 000414,2014-07-09,3,Wholesale,USD,FLR025,63,25,6,1018.4,6110.4,661.96
SO - 000415,2014-07-09,50,Wholesale,USD,NXH382,53,22,12,3865.9,46390.8,2822.11
SO - 000416,2014-07-09,6,Wholesale,USD,GUT930,46,20,10,998.3,9983,449.24
SO - 000417,2014-07-09,102,Distributor,USD,AXW291,27,25,6,254.6,1527.6,127.3
SO - 000418,2014-07-09,46,Wholesale,USD,AXW291,2,6,7,703.5,4924.5,316.58
SO - 000419,2014-07-09,32,Wholesale,USD,AXW291,12,16,7,1092.1,7644.7,546.05
SO - 000420,2014-07-09,128,Export,USD,AXW291,11,15,8,1038.5,8308,560.79
SO - 000421,2014-07-09,99,Distributor,USD,GUT930,34,16,12,2398.6,28783.2,1894.89
SO - 000422,2014-07-10,54,Export,USD,AXW291,27,8,6,897.8,5386.8,368.1
SO - 000423,2014-07-10,50,Wholesale,USD,AXW291,8,14,12,5212.6,62551.2,3179.69
SO - 000424,2014-07-10,161,Export,USD,AXW291,19,12,5,254.6,1273,206.23
SO - 000425,2014-07-10,130,Distributor,USD,GUT930,43,29,7,3926.2,27483.4,2120.15
SO - 000426,2014-07-10,140,Wholesale,USD,NXH382,57,15,7,1165.8,8160.6,582.9
SO - 000427,2014-07-10,2,Export,USD,GUT930,33,17,8,3859.2,30873.6,2354.11
SO - 000428,2014-07-10,75,Export,USD,AXW291,13,14,5,167.5,837.5,100.5
SO - 000429,2014-07-10,75,Distributor,USD,NXH382,60,1,9,1681.7,15135.3,891.3
SO - 000430,2014-07-10,59,Export,USD,AXW291,25,13,7,924.6,6472.2,665.71
SO - 000431,2014-07-10,145,Wholesale,USD,AXW291,22,3,9,3966.4,35697.6,3371.44
SO - 000432,2014-07-10,156,Distributor,USD,NXH382,51,19,6,938,5628,450.24
SO - 000433,2014-07-11,96,Distributor,USD,AXW291,15,4,8,1983.2,15865.6,1090.76
SO - 000434,2014-07-11,127,Wholesale,USD,AXW291,30,5,10,2586.2,25862,2094.82
SO - 000435,2014-07-12,119,Export,USD,AXW291,16,13,12,3061.9,36742.8,2051.47
SO - 000436,2014-07-12,98,Export,USD,NXH382,58,3,11,1051.9,11570.9,452.32
SO - 000437,2014-07-12,26,Export,USD,GUT930,41,18,9,261.3,2351.7,104.52
SO - 000438,2014-07-12,67,Wholesale,USD,AXW291,25,21,5,6143.9,30719.5,3071.95
SO - 000439,2014-07-12,104,Distributor,USD,AXW291,26,14,9,2472.3,22250.7,1928.39
SO - 000440,2014-07-12,68,Wholesale,USD,NXH382,57,14,9,3892.7,35034.3,3075.23
SO - 000441,2014-07-12,28,Distributor,USD,GUT930,39,11,10,964.8,9648,492.05
SO - 000442,2014-07-12,13,Export,USD,FLR025,62,21,12,3832.4,45988.8,3104.24
SO - 000443,2014-07-12,105,Distributor,USD,GUT930,35,5,6,964.8,5788.8,781.49
SO - 000444,2014-07-12,67,Wholesale,USD,AXW291,22,1,11,1118.9,12307.9,794.42
SO - 000445,2014-07-12,73,Wholesale,USD,NXH382,58,26,6,180.9,1085.4,74.17
SO - 000446,2014-07-12,150,Wholesale,USD,AXW291,18,1,7,844.2,5909.4,346.12
SO - 000447,2014-07-12,148,Export,USD,AXW291,18,14,6,3490.7,20944.2,1780.26
SO - 000448,2014-07-13,23,Distributor,USD,AXW291,12,24,10,1112.2,11122,778.54
SO - 000449,2014-07-13,163,Wholesale,USD,AXW291,23,25,7,1072,7504,568.16
SO - 000450,2014-07-13,47,Wholesale,USD,AXW291,1,25,7,1078.7,7550.9,906.11
SO - 000451,2014-07-13,2,Wholesale,USD,NXH382,49,5,9,5433.7,48903.3,3857.93
SO - 000452,2014-07-13,120,Distributor,USD,NXH382,56,14,6,3906.1,23436.6,3163.94
SO - 000453,2014-07-13,67,Distributor,USD,AXW291,19,26,5,2458.9,12294.5,2090.07
SO - 000454,2014-07-13,141,Export,USD,NXH382,47,25,8,1112.2,8897.6,856.39
SO - 000455,2014-07-13,162,Export,USD,AXW291,27,13,6,1065.3,6391.8,745.71
SO - 000456,2014-07-13,105,Distributor,USD,NXH382,54,14,7,1862.6,13038.2,1359.7
SO - 000457,2014-07-13,162,Wholesale,USD,NXH382,49,12,9,1822.4,16401.6,1184.56
SO - 000458,2014-07-13,107,Distributor,USD,AXW291,29,6,10,1065.3,10653,575.26
SO - 000459,2014-07-13,84,Wholesale,USD,AXW291,6,25,5,5875.9,29379.5,4289.41
SO - 000460,2014-07-13,47,Wholesale,USD,AXW291,28,16,5,1728.6,8643,708.73
SO - 000461,2014-07-14,27,Distributor,USD,AXW291,23,15,5,3832.4,19162,2452.74
SO - 000462,2014-07-14,75,Wholesale,USD,NXH382,47,18,8,1025.1,8200.8,861.08
SO - 000463,2014-07-14,132,Distributor,USD,AXW291,21,2,10,1815.7,18157,944.16
SO - 000464,2014-07-14,93,Wholesale,USD,NXH382,53,22,5,3839.1,19195.5,1689.2
SO - 000465,2014-07-14,72,Wholesale,USD,AXW291,11,6,5,2425.4,12127,1430.99
SO - 000466,2014-07-14,142,Wholesale,USD,GUT930,40,2,5,3865.9,19329.5,1971.61
SO - 000467,2014-07-14,71,Distributor,USD,FLR025,64,7,8,2653.2,21225.6,1857.24
SO - 000468,2014-07-14,79,Distributor,USD,AXW291,17,28,7,991.6,6941.2,594.96
SO - 000469,2014-07-14,49,Wholesale,USD,FLR025,63,11,8,2512.5,20100,2060.25
SO - 000470,2014-07-15,99,Wholesale,USD,AXW291,8,19,11,2613,28743,1332.63
SO - 000471,2014-07-15,56,Wholesale,USD,FLR025,65,13,7,5721.8,40052.6,3375.86
SO - 000472,2014-07-15,76,Wholesale,USD,GUT930,42,13,12,1768.8,21225.6,831.34
SO - 000473,2014-07-15,63,Export,USD,GUT930,40,11,5,2606.3,13031.5,1251.02
SO - 000474,2014-07-15,80,Export,USD,FLR025,60,5,10,2452.2,24522,1569.41
SO - 000475,2014-07-15,88,Wholesale,USD,GUT930,38,5,12,964.8,11577.6,694.66
SO - 000476,2014-07-16,97,Export,USD,AXW291,17,14,11,1125.6,12381.6,562.8
SO - 000477,2014-07-16,48,Distributor,USD,NXH382,57,18,11,857.6,9433.6,548.86
SO - 000478,2014-07-16,31,Wholesale,USD,AXW291,5,6,9,3906.1,35154.9,1796.81
SO - 000479,2014-07-16,36,Export,USD,AXW291,29,20,5,1078.7,5393.5,506.99
SO - 000480,2014-07-16,17,Wholesale,USD,NXH382,51,17,12,2432.1,29185.2,1264.69
SO - 000481,2014-07-16,165,Wholesale,USD,AXW291,17,18,7,958.1,6706.7,536.54
SO - 000482,2014-07-17,93,Wholesale,USD,AXW291,25,2,6,864.3,5185.8,726.01
SO - 000483,2014-07-17,57,Distributor,USD,AXW291,27,1,12,864.3,10371.6,700.08
SO - 000484,2014-07-17,75,Distributor,USD,GUT930,35,4,5,891.1,4455.5,579.22
SO - 000485,2014-07-17,16,Wholesale,USD,AXW291,18,6,6,3979.8,23878.8,2069.5
SO - 000486,2014-07-17,156,Wholesale,USD,GUT930,39,13,5,837.5,4187.5,469
SO - 000487,2014-07-17,10,Distributor,USD,AXW291,14,17,9,2318.2,20863.8,1738.65
SO - 000488,2014-07-17,9,Wholesale,USD,AXW291,6,8,7,1822.4,12756.8,801.86
SO - 000489,2014-07-17,5,Distributor,USD,NXH382,60,25,6,1165.8,6994.8,664.51
SO - 000490,2014-07-17,159,Wholesale,USD,AXW291,8,26,7,234.5,1641.5,187.6
SO - 000491,2014-07-18,133,Wholesale,USD,GUT930,44,15,11,2452.2,26974.2,1912.72
SO - 000492,2014-07-18,164,Distributor,USD,FLR025,60,13,11,261.3,2874.3,133.26
SO - 000493,2014-07-18,114,Export,USD,AXW291,16,1,10,1031.8,10318,453.99
SO - 000494,2014-07-18,81,Wholesale,USD,FLR025,63,6,8,3082,24656,1849.2
SO - 000495,2014-07-18,20,Wholesale,USD,NXH382,56,4,11,6405.2,70457.2,3138.55
SO - 000496,2014-07-18,19,Distributor,USD,AXW291,30,19,7,1822.4,12756.8,947.65
SO - 000497,2014-07-18,124,Wholesale,USD,GUT930,33,29,11,1279.7,14076.7,1062.15
SO - 000498,2014-07-18,149,Wholesale,USD,NXH382,51,10,5,3932.9,19664.5,2635.04
SO - 000499,2014-07-18,89,Wholesale,USD,NXH382,56,6,9,201,1809,80.4
SO - 000500,2014-07-18,80,Wholesale,USD,AXW291,26,26,9,3946.3,35516.7,2131
SO - 000501,2014-07-19,56,Wholesale,USD,AXW291,13,3,12,1909.5,22914,1317.56
SO - 000502,2014-07-19,49,Distributor,USD,AXW291,22,17,5,2412,12060,1109.52
SO - 000503,2014-07-19,119,Wholesale,USD,AXW291,28,18,12,964.8,11577.6,675.36
SO - 000504,2014-07-19,146,Wholesale,USD,AXW291,11,18,9,1996.6,17969.4,1457.52
SO - 000505,2014-07-19,132,Wholesale,USD,GUT930,41,21,10,1045.2,10452,700.28
SO - 000506,2014-07-19,91,Wholesale,USD,AXW291,7,26,12,3879.3,46551.6,3219.82
SO - 000507,2014-07-19,105,Wholesale,USD,AXW291,14,3,12,5976.4,71716.8,3466.31
SO - 000508,2014-07-19,66,Wholesale,USD,GUT930,46,13,8,2257.9,18063.2,1264.42
SO - 000509,2014-07-20,73,Distributor,USD,GUT930,34,25,10,241.2,2412,154.37
SO - 000510,2014-07-20,156,Distributor,USD,AXW291,13,7,6,1983.2,11899.2,793.28
SO - 000511,2014-07-20,112,Export,USD,FLR025,66,20,6,3919.5,23517,3331.58
SO - 000512,2014-07-20,14,Distributor,USD,GUT930,32,13,9,241.2,2170.8,135.07
SO - 000513,2014-07-20,26,Distributor,USD,AXW291,1,25,11,3946.3,43409.3,2012.61
SO - 000514,2014-07-20,79,Wholesale,USD,AXW291,29,14,7,3966.4,27764.8,3054.13
SO - 000515,2014-07-20,160,Wholesale,USD,AXW291,20,25,7,1829.1,12803.7,1463.28
SO - 000516,2014-07-20,107,Wholesale,USD,NXH382,50,5,12,2733.6,32803.2,1230.12
SO - 000517,2014-07-20,126,Distributor,USD,NXH382,59,23,9,844.2,7597.8,717.57
SO - 000518,2014-07-21,82,Wholesale,USD,NXH382,55,26,6,6231,37386,4922.49
SO - 000519,2014-07-21,168,Distributor,USD,AXW291,12,5,10,1159.1,11591,614.32
SO - 000520,2014-07-21,76,Wholesale,USD,AXW291,8,29,6,3966.4,23798.4,2379.84
SO - 000521,2014-07-21,103,Wholesale,USD,AXW291,1,28,5,1105.5,5527.5,740.69
SO - 000522,2014-07-21,16,Wholesale,USD,AXW291,11,26,8,1125.6,9004.8,731.64
SO - 000523,2014-07-21,110,Distributor,USD,AXW291,25,15,11,897.8,9875.8,709.26
SO - 000524,2014-07-21,15,Wholesale,USD,AXW291,13,19,5,207.7,1038.5,83.08
SO - 000525,2014-07-21,166,Wholesale,USD,FLR025,65,14,10,3959.7,39597,2138.24
SO - 000526,2014-07-22,58,Wholesale,USD,NXH382,58,4,6,1755.4,10532.4,912.81
SO - 000527,2014-07-22,34,Wholesale,USD,GUT930,39,19,7,3001.6,21011.2,1650.88
SO - 000528,2014-07-22,136,Wholesale,USD,NXH382,49,18,7,1031.8,7222.6,464.31
SO - 000529,2014-07-22,169,Export,USD,AXW291,10,26,10,3966.4,39664,2776.48
SO - 000530,2014-07-22,45,Distributor,USD,AXW291,18,13,6,1681.7,10090.2,1126.74
SO - 000531,2014-07-22,135,Wholesale,USD,AXW291,2,2,6,1172.5,7035,809.03
SO - 000532,2014-07-22,41,Distributor,USD,NXH382,55,15,5,716.9,3584.5,473.15
SO - 000533,2014-07-22,51,Wholesale,USD,NXH382,52,2,6,6465.5,38793,3879.3
SO - 000534,2014-07-22,78,Wholesale,USD,NXH382,53,13,11,241.2,2653.2,101.3
SO - 000535,2014-07-22,166,Export,USD,AXW291,22,14,6,1929.6,11577.6,849.02
SO - 000536,2014-07-22,130,Wholesale,USD,AXW291,30,9,12,3953,47436,3280.99
SO - 000537,2014-07-23,151,Distributor,USD,GUT930,37,28,8,2492.4,19939.2,1320.97
SO - 000538,2014-07-23,118,Export,USD,NXH382,54,1,5,241.2,1206,185.72
SO - 000539,2014-07-23,120,Distributor,USD,GUT930,38,19,6,951.4,5708.4,380.56
SO - 000540,2014-07-23,90,Export,USD,AXW291,14,18,10,6217.6,62176,5284.96
SO - 000541,2014-07-23,154,Distributor,USD,AXW291,14,15,6,2351.7,14110.2,1246.4
SO - 000542,2014-07-23,158,Distributor,USD,AXW291,25,1,7,1132.3,7926.1,871.87
SO - 000543,2014-07-23,76,Wholesale,USD,GUT930,38,22,6,1145.7,6874.2,607.22
SO - 000544,2014-07-23,41,Wholesale,USD,AXW291,23,10,6,3725.2,22351.2,2048.86
SO - 000545,2014-07-23,15,Wholesale,USD,GUT930,35,29,11,944.7,10391.7,689.63
SO - 000546,2014-07-23,78,Distributor,USD,AXW291,29,8,9,1219.4,10974.6,560.92
SO - 000547,2014-07-23,96,Wholesale,USD,GUT930,38,13,11,1051.9,11570.9,736.33
SO - 000548,2014-07-23,157,Wholesale,USD,AXW291,4,10,10,207.7,2077,135.01
SO - 000549,2014-07-23,52,Export,USD,GUT930,37,13,8,1862.6,14900.8,1098.93
SO - 000550,2014-07-23,78,Distributor,USD,AXW291,14,6,12,1889.4,22672.8,1152.53
SO - 000551,2014-07-23,161,Wholesale,USD,FLR025,64,17,6,2653.2,15919.2,2016.43
SO - 000552,2014-07-23,159,Wholesale,USD,FLR025,62,21,9,3953,35577,1818.38
SO - 000553,2014-07-23,24,Export,USD,FLR025,66,7,12,227.8,2733.6,191.35
SO - 000554,2014-07-24,99,Distributor,USD,NXH382,56,17,12,3879.3,46551.6,1551.72
SO - 000555,2014-07-24,152,Wholesale,USD,AXW291,28,17,5,1045.2,5226,804.8
SO - 000556,2014-07-24,65,Wholesale,USD,NXH382,54,30,12,5071.9,60862.8,2535.95
SO - 000557,2014-07-24,14,Wholesale,USD,FLR025,66,26,8,241.2,1929.6,144.72
SO - 000558,2014-07-24,167,Distributor,USD,AXW291,18,6,6,2298.1,13788.6,1539.73
SO - 000559,2014-07-24,47,Distributor,USD,AXW291,12,25,12,3845.8,46149.6,1845.98
SO - 000560,2014-07-24,123,Distributor,USD,GUT930,46,25,8,2425.4,19403.2,1042.92
SO - 000561,2014-07-25,125,Wholesale,USD,AXW291,2,13,7,1206,8442,663.3
SO - 000562,2014-07-25,76,Distributor,USD,AXW291,23,18,6,221.1,1326.6,179.09
SO - 000563,2014-07-25,170,Wholesale,USD,GUT930,46,15,9,3825.7,34431.3,2563.22
SO - 000564,2014-07-25,77,Wholesale,USD,AXW291,8,15,5,857.6,4288,394.5
SO - 000565,2014-07-25,40,Distributor,USD,AXW291,8,3,10,3825.7,38257,2563.22
SO - 000566,2014-07-25,168,Wholesale,USD,AXW291,20,29,8,1996.6,15972.8,898.47
SO - 000567,2014-07-25,72,Distributor,USD,AXW291,27,4,8,234.5,1876,121.94
SO - 000568,2014-07-25,56,Wholesale,USD,GUT930,37,17,8,1896.1,15168.8,948.05
SO - 000569,2014-07-26,39,Distributor,USD,AXW291,21,20,5,207.7,1038.5,87.23
SO - 000570,2014-07-26,57,Distributor,USD,AXW291,20,3,11,167.5,1842.5,125.63
SO - 000571,2014-07-26,92,Wholesale,USD,NXH382,54,19,10,3986.5,39865,2591.23
SO - 000572,2014-07-26,108,Wholesale,USD,AXW291,21,23,7,2546,17822,1018.4
SO - 000573,2014-07-26,120,Wholesale,USD,AXW291,25,25,9,864.3,7778.7,380.29
SO - 000574,2014-07-26,20,Export,USD,AXW291,27,14,5,1876,9380,1350.72
SO - 000575,2014-07-26,151,Distributor,USD,NXH382,56,2,7,247.9,1735.3,163.61
SO - 000576,2014-07-26,125,Wholesale,USD,AXW291,28,15,6,5051.8,30310.8,3435.22
SO - 000577,2014-07-26,49,Export,USD,NXH382,48,17,5,1011.7,5058.5,667.72
SO - 000578,2014-07-26,159,Distributor,USD,GUT930,44,2,9,1862.6,16763.4,1247.94
SO - 000579,2014-07-26,2,Export,USD,AXW291,27,13,8,1246.2,9969.6,660.49
SO - 000580,2014-07-27,164,Export,USD,FLR025,63,3,7,1688.4,11818.8,1215.65
SO - 000581,2014-07-27,149,Wholesale,USD,GUT930,43,4,5,5916.1,29580.5,4673.72
SO - 000582,2014-07-27,127,Wholesale,USD,GUT930,35,10,9,5132.2,46189.8,2771.39
SO - 000583,2014-07-27,37,Distributor,USD,AXW291,15,30,8,1118.9,8951.2,839.18
SO - 000584,2014-07-27,109,Export,USD,GUT930,39,18,11,5835.7,64192.7,3968.28
SO - 000585,2014-07-27,35,Wholesale,USD,NXH382,50,7,9,6036.7,54330.3,3139.08
SO - 000586,2014-07-27,130,Distributor,USD,AXW291,31,14,8,1031.8,8254.4,825.44
SO - 000587,2014-07-27,45,Wholesale,USD,FLR025,60,14,10,5956.3,59563,4407.66
SO - 000588,2014-07-27,80,Distributor,USD,AXW291,19,2,6,3932.9,23597.4,2989
SO - 000589,2014-07-27,14,Wholesale,USD,GUT930,45,14,6,5889.3,35335.8,4416.98
SO - 000590,2014-07-27,41,Export,USD,NXH382,59,14,7,2458.9,17212.3,1647.46
SO - 000591,2014-07-27,110,Wholesale,USD,AXW291,19,27,6,3912.8,23476.8,2034.66
SO - 000592,2014-07-28,7,Wholesale,USD,AXW291,25,7,5,5668.2,28341,3570.97
SO - 000593,2014-07-28,85,Wholesale,USD,AXW291,1,4,8,5547.6,44380.8,4216.18
SO - 000594,2014-07-29,137,Export,USD,AXW291,20,15,10,201,2010,96.48
SO - 000595,2014-07-29,157,Wholesale,USD,FLR025,65,12,9,247.9,2231.1,198.32
SO - 000596,2014-07-29,128,Distributor,USD,NXH382,51,15,6,3859.2,23155.2,3125.95
SO - 000597,2014-07-29,29,Wholesale,USD,GUT930,39,13,10,5487.3,54873,3127.76
SO - 000598,2014-07-29,128,Wholesale,USD,GUT930,40,6,11,1809,19899,1157.76
SO - 000599,2014-07-30,62,Export,USD,AXW291,18,2,7,2405.3,16837.1,1731.82
SO - 000600,2014-07-30,126,Wholesale,USD,GUT930,34,19,8,790.6,6324.8,672.01
SO - 000601,2014-07-30,65,Distributor,USD,NXH382,53,13,7,3202.6,22418.2,2177.77
SO - 000602,2014-07-30,153,Wholesale,USD,NXH382,57,16,12,1058.6,12703.2,645.75
SO - 000603,2014-07-30,159,Wholesale,USD,AXW291,7,26,9,1768.8,15919.2,778.27
SO - 000604,2014-07-30,60,Export,USD,GUT930,36,14,7,971.5,6800.5,534.33
SO - 000605,2014-07-30,154,Distributor,USD,AXW291,28,17,5,938,4690,478.38
SO - 000606,2014-07-30,76,Wholesale,USD,AXW291,5,13,9,958.1,8622.9,756.9
SO - 000607,2014-07-30,38,Wholesale,USD,AXW291,30,2,8,3705.1,29640.8,2111.91
SO - 000608,2014-07-31,120,Wholesale,USD,GUT930,47,3,12,1025.1,12301.2,686.82
SO - 000609,2014-07-31,47,Export,USD,GUT930,33,4,6,2592.9,15557.4,1711.31
SO - 000610,2014-07-31,43,Wholesale,USD,AXW291,27,4,11,3865.9,42524.9,3054.06
SO - 000611,2014-07-31,16,Wholesale,USD,FLR025,63,25,6,5634.7,33808.2,4226.03
SO - 000612,2014-07-31,69,Wholesale,USD,FLR025,65,7,10,971.5,9715,621.76
SO - 000613,2014-08-01,74,Distributor,USD,GUT930,40,4,11,1051.9,11570.9,694.25
SO - 000614,2014-08-01,38,Wholesale,USD,GUT930,36,1,5,1051.9,5259.5,683.74
SO - 000615,2014-08-01,21,Export,USD,GUT930,41,21,12,1139,13668,854.25
SO - 000616,2014-08-01,130,Distributor,USD,AXW291,6,25,7,5849.1,40943.7,3041.53
SO - 000617,2014-08-01,54,Export,USD,AXW291,13,15,10,2264.6,22646,1222.88
SO - 000618,2014-08-01,4,Export,USD,AXW291,19,25,9,1125.6,10130.4,889.22
SO - 000619,2014-08-01,101,Distributor,USD,AXW291,2,29,8,1078.7,8629.6,755.09
SO - 000620,2014-08-01,173,Wholesale,USD,AXW291,11,15,11,2405.3,26458.3,1635.6
SO - 000621,2014-08-01,170,Export,USD,AXW291,28,2,7,1072,7504,707.52
SO - 000622,2014-08-02,14,Export,USD,GUT930,37,18,11,5808.9,63897.9,3369.16
SO - 000623,2014-08-02,96,Distributor,USD,GUT930,37,11,8,3926.2,31409.6,1845.31
SO - 000624,2014-08-02,164,Wholesale,USD,NXH382,52,8,11,201,2211,160.8
SO - 000625,2014-08-02,143,Wholesale,USD,AXW291,3,20,5,1882.7,9413.5,1430.85
SO - 000626,2014-08-02,126,Distributor,USD,AXW291,27,13,8,2532.6,20260.8,1089.02
SO - 000627,2014-08-02,57,Wholesale,USD,AXW291,4,13,6,207.7,1246.2,135.01
SO - 000628,2014-08-02,133,Distributor,USD,AXW291,21,5,9,241.2,2170.8,180.9
SO - 000629,2014-08-02,23,Wholesale,USD,GUT930,40,26,7,1152.4,8066.8,507.06
SO - 000630,2014-08-03,117,Wholesale,USD,GUT930,35,4,7,3879.3,27155.1,2288.79
SO - 000631,2014-08-03,9,Wholesale,USD,GUT930,40,13,7,3865.9,27061.3,3170.04
SO - 000632,2014-08-03,16,Distributor,USD,AXW291,22,18,8,1835.8,14686.4,1248.34
SO - 000633,2014-08-03,145,Wholesale,USD,FLR025,61,16,5,234.5,1172.5,180.57
SO - 000634,2014-08-03,129,Wholesale,USD,NXH382,51,23,5,757.1,3785.5,507.26
SO - 000635,2014-08-03,108,Wholesale,USD,GUT930,39,3,10,1005,10050,703.5
SO - 000636,2014-08-04,61,Distributor,USD,AXW291,29,11,10,6391.8,63918,5113.44
SO - 000637,2014-08-04,84,Wholesale,USD,NXH382,49,1,5,2740.3,13701.5,1123.52
SO - 000638,2014-08-04,136,Distributor,USD,AXW291,11,25,5,924.6,4623,536.27
SO - 000639,2014-08-04,136,Distributor,USD,AXW291,4,26,11,1031.8,11349.8,505.58
SO - 000640,2014-08-04,53,Wholesale,USD,AXW291,17,9,12,1098.8,13185.6,769.16
SO - 000641,2014-08-04,101,Wholesale,USD,NXH382,51,5,5,1132.3,5661.5,713.35
SO - 000642,2014-08-04,153,Wholesale,USD,FLR025,63,27,6,2465.6,14793.6,1602.64
SO - 000643,2014-08-04,99,Distributor,USD,AXW291,23,5,7,1005,7035,462.3
SO - 000644,2014-08-05,160,Wholesale,USD,GUT930,46,14,9,1246.2,11215.8,1021.88
SO - 000645,2014-08-05,7,Distributor,USD,NXH382,53,13,5,1025.1,5125.5,809.83
SO - 000646,2014-08-05,145,Distributor,USD,AXW291,3,11,11,1902.8,20930.8,1084.6
SO - 000647,2014-08-05,163,Wholesale,USD,NXH382,53,29,8,3738.6,29908.8,2056.23
SO - 000648,2014-08-05,73,Wholesale,USD,GUT930,32,17,7,1996.6,13976.2,1237.89
SO - 000649,2014-08-05,174,Distributor,USD,AXW291,14,15,6,2331.6,13989.6,1818.65
SO - 000650,2014-08-05,143,Export,USD,GUT930,40,3,5,1078.7,5393.5,701.16
SO - 000651,2014-08-05,108,Distributor,USD,FLR025,60,26,10,1788.9,17889,1216.45
SO - 000652,2014-08-05,111,Wholesale,USD,FLR025,63,1,9,241.2,2170.8,161.6
SO - 000653,2014-08-05,138,Distributor,USD,GUT930,44,25,12,1159.1,13909.2,533.19
SO - 000654,2014-08-05,68,Wholesale,USD,AXW291,1,22,11,1051.9,11570.9,515.43
SO - 000655,2014-08-05,54,Wholesale,USD,GUT930,44,6,7,5969.7,41787.9,3343.03
SO - 000656,2014-08-05,97,Wholesale,USD,FLR025,64,27,11,3919.5,43114.5,2508.48
SO - 000657,2014-08-05,41,Export,USD,AXW291,1,14,10,1118.9,11189,492.32
SO - 000658,2014-08-05,112,Export,USD,FLR025,63,23,5,1118.9,5594.5,570.64
SO - 000659,2014-08-05,6,Wholesale,USD,AXW291,5,13,9,5427,48843,3744.63
SO - 000660,2014-08-05,33,Wholesale,USD,AXW291,20,6,5,3725.2,18626,2570.39
SO - 000661,2014-08-05,27,Wholesale,USD,GUT930,39,18,5,187.6,938,75.04
SO - 000662,2014-08-05,118,Export,USD,NXH382,54,16,5,3999.9,19999.5,3359.92
SO - 000663,2014-08-05,138,Wholesale,USD,AXW291,3,14,11,971.5,10686.5,592.62
SO - 000664,2014-08-05,106,Wholesale,USD,AXW291,4,19,10,1118.9,11189,727.29
SO - 000665,2014-08-06,23,Export,USD,GUT930,38,25,12,864.3,10371.6,501.29
SO - 000666,2014-08-06,55,Wholesale,USD,AXW291,21,2,11,5782.1,63603.1,4394.4
SO - 000667,2014-08-06,75,Wholesale,USD,AXW291,28,4,6,904.5,5427,461.3
SO - 000668,2014-08-06,51,Wholesale,USD,GUT930,34,3,6,247.9,1487.4,158.66
SO - 000669,2014-08-06,92,Export,USD,NXH382,49,2,10,1708.5,17085,1213.04
SO - 000670,2014-08-06,6,Distributor,USD,AXW291,30,16,10,1132.3,11323,702.03
SO - 000671,2014-08-06,143,Distributor,USD,AXW291,22,28,5,1775.5,8877.5,1225.1
SO - 000672,2014-08-06,125,Distributor,USD,AXW291,5,5,8,1902.8,15222.4,970.43
SO - 000673,2014-08-07,129,Wholesale,USD,AXW291,27,12,8,5963,47704,2802.61
SO - 000674,2014-08-07,34,Wholesale,USD,GUT930,38,26,6,3886,23316,2176.16
SO - 000675,2014-08-07,37,Wholesale,USD,NXH382,51,15,9,1058.6,9527.4,635.16
SO - 000676,2014-08-07,28,Wholesale,USD,GUT930,39,6,5,5815.6,29078,4419.86
SO - 000677,2014-08-07,128,Export,USD,GUT930,44,26,11,5353.3,58886.3,4496.77
SO - 000678,2014-08-07,80,Wholesale,USD,NXH382,54,2,11,5567.7,61244.7,4565.51
SO - 000679,2014-08-08,160,Distributor,USD,AXW291,28,3,7,2512.5,17587.5,2135.63
SO - 000680,2014-08-08,141,Wholesale,USD,NXH382,53,28,8,1681.7,13453.6,1227.64
SO - 000681,2014-08-08,139,Wholesale,USD,NXH382,48,25,10,194.3,1943,136.01
SO - 000682,2014-08-08,92,Distributor,USD,GUT930,46,25,8,2405.3,19242.4,1683.71
SO - 000683,2014-08-08,26,Distributor,USD,NXH382,49,30,6,1038.5,6231,706.18
SO - 000684,2014-08-08,7,Wholesale,USD,AXW291,13,6,8,857.6,6860.8,591.74
SO - 000685,2014-08-08,99,Wholesale,USD,NXH382,52,20,8,1855.9,14847.2,1354.81
SO - 000686,2014-08-08,13,Distributor,USD,AXW291,5,18,10,5621.3,56213,2585.8
SO - 000687,2014-08-08,35,Distributor,USD,AXW291,17,29,7,1139,7973,649.23
SO - 000688,2014-08-09,9,Export,USD,FLR025,63,14,10,2264.6,22646,1834.33
SO - 000689,2014-08-09,47,Wholesale,USD,NXH382,55,2,7,884.4,6190.8,566.02
SO - 000690,2014-08-09,168,Wholesale,USD,AXW291,15,26,5,683.4,3417,382.7
SO - 000691,2014-08-09,143,Export,USD,AXW291,13,4,10,1025.1,10251,481.8
SO - 000692,2014-08-09,117,Export,USD,AXW291,16,6,9,3731.9,33587.1,2276.46
SO - 000693,2014-08-09,47,Wholesale,USD,FLR025,62,18,5,5567.7,27838.5,3229.27
SO - 000694,2014-08-09,116,Wholesale,USD,AXW291,17,13,5,991.6,4958,525.55
SO - 000695,2014-08-09,148,Wholesale,USD,AXW291,17,15,9,3852.5,34672.5,3043.48
SO - 000696,2014-08-09,71,Distributor,USD,NXH382,48,26,11,3906.1,42967.1,1835.87
SO - 000697,2014-08-09,142,Wholesale,USD,GUT930,44,16,11,5118.8,56306.8,2354.65
SO - 000698,2014-08-09,2,Wholesale,USD,NXH382,52,28,11,6117.1,67288.1,4404.31
SO - 000699,2014-08-09,22,Distributor,USD,NXH382,51,25,5,1025.1,5125.5,850.83
SO - 000700,2014-08-09,144,Distributor,USD,AXW291,21,13,10,944.7,9447,462.9
SO - 000701,2014-08-10,7,Wholesale,USD,NXH382,55,25,7,1025.1,7175.7,656.06
SO - 000702,2014-08-10,22,Distributor,USD,NXH382,48,17,10,3859.2,38592,2045.38
SO - 000703,2014-08-10,108,Wholesale,USD,NXH382,60,14,11,194.3,2137.3,91.32
SO - 000704,2014-08-10,15,Wholesale,USD,AXW291,15,1,11,6184.1,68025.1,4638.08
SO - 000705,2014-08-10,49,Distributor,USD,AXW291,24,1,6,1728.6,10371.6,916.16
SO - 000706,2014-08-10,107,Wholesale,USD,GUT930,37,13,8,931.3,7450.4,772.98
SO - 000707,2014-08-10,143,Wholesale,USD,AXW291,24,14,5,3886,19430,2797.92
SO - 000708,2014-08-10,138,Wholesale,USD,AXW291,14,13,12,234.5,2814,96.15
SO - 000709,2014-08-10,92,Distributor,USD,GUT930,39,19,9,3979.8,35818.2,1989.9
SO - 000710,2014-08-11,4,Distributor,USD,GUT930,42,4,6,3356.7,20140.2,1846.19
SO - 000711,2014-08-11,63,Wholesale,USD,AXW291,10,14,5,2519.2,12596,1309.98
SO - 000712,2014-08-11,11,Wholesale,USD,AXW291,5,4,5,837.5,4187.5,460.63
SO - 000713,2014-08-11,42,Distributor,USD,GUT930,42,29,6,3926.2,23557.2,2552.03
SO - 000714,2014-08-11,99,Wholesale,USD,NXH382,56,7,9,6231,56079,4797.87
SO - 000715,2014-08-11,167,Wholesale,USD,GUT930,43,2,6,3932.9,23597.4,2871.02
SO - 000716,2014-08-11,151,Wholesale,USD,AXW291,29,25,8,3966.4,31731.2,2816.14
SO - 000717,2014-08-11,58,Wholesale,USD,AXW291,13,22,5,2291.4,11457,1581.07
SO - 000718,2014-08-11,8,Wholesale,USD,GUT930,33,6,6,3678.3,22069.8,2059.85
SO - 000719,2014-08-12,86,Distributor,USD,FLR025,65,25,5,3999.9,19999.5,3039.92
SO - 000720,2014-08-12,102,Export,USD,NXH382,51,26,10,991.6,9916,575.13
SO - 000721,2014-08-12,80,Distributor,USD,AXW291,26,29,9,5447.1,49023.9,4248.74
SO - 000722,2014-08-12,13,Distributor,USD,GUT930,32,7,7,2452.2,17165.4,1054.45
SO - 000723,2014-08-12,77,Export,USD,GUT930,37,14,10,998.3,9983,469.2
SO - 000724,2014-08-12,150,Wholesale,USD,GUT930,45,26,11,1313.2,14445.2,577.81
SO - 000725,2014-08-12,89,Wholesale,USD,AXW291,3,26,9,2512.5,22612.5,1658.25
SO - 000726,2014-08-13,93,Distributor,USD,GUT930,43,15,10,5346.6,53466,3528.76
SO - 000727,2014-08-13,88,Distributor,USD,NXH382,60,26,5,3618,18090,2496.42
SO - 000728,2014-08-13,115,Wholesale,USD,AXW291,23,17,5,1876,9380,1500.8
SO - 000729,2014-08-13,70,Distributor,USD,AXW291,8,14,9,254.6,2291.4,201.13
SO - 000730,2014-08-13,41,Distributor,USD,AXW291,29,25,11,3825.7,42082.7,1530.28
SO - 000731,2014-08-13,86,Wholesale,USD,NXH382,51,23,7,2251.2,15758.4,1620.86
SO - 000732,2014-08-13,106,Wholesale,USD,AXW291,24,26,7,4013.3,28093.1,3090.24
SO - 000733,2014-08-13,11,Export,USD,AXW291,28,4,7,1072,7504,836.16
SO - 000734,2014-08-14,166,Export,USD,NXH382,50,25,5,2458.9,12294.5,2090.07
SO - 000735,2014-08-14,82,Export,USD,AXW291,29,20,8,1809,14472,1013.04
SO - 000736,2014-08-14,99,Wholesale,USD,NXH382,48,26,10,1728.6,17286,1158.16
SO - 000737,2014-08-14,129,Wholesale,USD,GUT930,34,25,5,3718.5,18592.5,2677.32
SO - 000738,2014-08-14,93,Wholesale,USD,AXW291,12,25,11,180.9,1989.9,150.15
SO - 000739,2014-08-14,28,Distributor,USD,AXW291,19,25,12,3939.6,47275.2,3269.87
SO - 000740,2014-08-14,80,Distributor,USD,AXW291,6,14,6,1869.3,11215.8,1196.35
SO - 000741,2014-08-14,81,Wholesale,USD,FLR025,65,23,9,864.3,7778.7,691.44
SO - 000742,2014-08-14,74,Wholesale,USD,AXW291,19,16,6,1098.8,6592.8,835.09
SO - 000743,2014-08-14,96,Wholesale,USD,GUT930,41,4,7,3845.8,26920.6,2730.52
SO - 000744,2014-08-14,60,Export,USD,AXW291,21,10,9,5246.1,47214.9,3882.11
SO - 000745,2014-08-14,149,Export,USD,NXH382,57,14,6,763.8,4582.8,404.81
SO - 000746,2014-08-15,58,Export,USD,AXW291,22,26,11,3819,42009,2673.3
SO - 000747,2014-08-15,144,Distributor,USD,NXH382,53,26,9,2425.4,21828.6,2013.08
SO - 000748,2014-08-15,134,Wholesale,USD,AXW291,12,13,7,1319.9,9239.3,884.33
SO - 000749,2014-08-15,21,Distributor,USD,AXW291,20,28,5,1125.6,5628,529.03
SO - 000750,2014-08-15,35,Distributor,USD,AXW291,5,15,11,6318.1,69499.1,2590.42
SO - 000751,2014-08-15,82,Export,USD,GUT930,33,29,5,3242.8,16214,1459.26
SO - 000752,2014-08-15,53,Distributor,USD,AXW291,30,14,6,1936.3,11617.8,1142.42
SO - 000753,2014-08-15,56,Wholesale,USD,GUT930,40,25,8,3946.3,31570.4,3038.65
SO - 000754,2014-08-15,70,Wholesale,USD,AXW291,2,10,7,1078.7,7550.9,442.27
SO - 000755,2014-08-16,121,Wholesale,USD,AXW291,22,2,8,5587.8,44702.4,3967.34
SO - 000756,2014-08-16,72,Wholesale,USD,AXW291,9,26,12,3108.8,37305.6,1896.37
SO - 000757,2014-08-16,157,Distributor,USD,AXW291,22,17,5,871,4355,661.96
SO - 000758,2014-08-16,32,Distributor,USD,NXH382,51,26,12,1815.7,21788.4,1543.35
SO - 000759,2014-08-16,7,Wholesale,USD,GUT930,42,25,10,984.9,9849,541.7
SO - 000760,2014-08-16,90,Distributor,USD,FLR025,64,25,11,3926.2,43188.2,1727.53
SO - 000761,2014-08-17,74,Wholesale,USD,NXH382,55,26,10,234.5,2345,126.63
SO - 000762,2014-08-17,69,Wholesale,USD,GUT930,37,2,7,2552.7,17868.9,1429.51
SO - 000763,2014-08-17,53,Wholesale,USD,GUT930,41,25,5,857.6,4288,591.74
SO - 000764,2014-08-17,51,Distributor,USD,AXW291,13,5,11,1065.3,11718.3,553.96
SO - 000765,2014-08-17,109,Distributor,USD,FLR025,60,7,10,1976.5,19765,1581.2
SO - 000766,2014-08-17,72,Distributor,USD,AXW291,22,2,12,3839.1,46069.2,2725.76
SO - 000767,2014-08-17,114,Wholesale,USD,GUT930,40,26,9,3899.4,35094.6,2807.57
SO - 000768,2014-08-17,55,Wholesale,USD,GUT930,40,30,8,180.9,1447.2,85.02
SO - 000769,2014-08-17,113,Wholesale,USD,NXH382,51,7,10,1226.1,12261,588.53
SO - 000770,2014-08-17,63,Export,USD,NXH382,48,16,10,783.9,7839,313.56
SO - 000771,2014-08-18,3,Distributor,USD,GUT930,46,12,5,978.2,4891,489.1
SO - 000772,2014-08-18,143,Wholesale,USD,NXH382,51,5,10,3169.1,31691,1616.24
SO - 000773,2014-08-18,99,Distributor,USD,AXW291,18,5,12,3055.2,36662.4,1497.05
SO - 000774,2014-08-18,98,Wholesale,USD,GUT930,37,3,12,2606.3,31275.6,1563.78
SO - 000775,2014-08-18,133,Export,USD,GUT930,34,18,8,1045.2,8361.6,794.35
SO - 000776,2014-08-18,142,Distributor,USD,GUT930,38,17,7,1909.5,13366.5,1069.32
SO - 000777,2014-08-18,30,Wholesale,USD,AXW291,19,26,10,984.9,9849,689.43
SO - 000778,2014-08-18,41,Export,USD,AXW291,28,2,5,1165.8,5829,944.3
SO - 000779,2014-08-18,92,Export,USD,AXW291,24,5,8,1748.7,13989.6,944.3
SO - 000780,2014-08-18,70,Export,USD,FLR025,65,19,5,3819,19095,2024.07
SO - 000781,2014-08-18,168,Wholesale,USD,GUT930,35,14,11,1145.7,12602.7,744.71
SO - 000782,2014-08-18,79,Wholesale,USD,GUT930,39,8,10,3644.8,36448,1968.19
SO - 000783,2014-08-18,73,Wholesale,USD,AXW291,31,25,11,3865.9,42524.9,3092.72
SO - 000784,2014-08-18,64,Export,USD,AXW291,3,9,11,194.3,2137.3,110.75
SO - 000785,2014-08-19,70,Wholesale,USD,AXW291,25,29,8,3363.4,26907.2,1681.7
SO - 000786,2014-08-19,59,Wholesale,USD,AXW291,10,13,11,3008.3,33091.3,2406.64
SO - 000787,2014-08-19,62,Export,USD,GUT930,44,25,5,3055.2,15276,2230.3
SO - 000788,2014-08-19,173,Wholesale,USD,AXW291,11,25,11,1031.8,11349.8,629.4
SO - 000789,2014-08-19,83,Wholesale,USD,AXW291,14,18,9,3939.6,35456.4,2127.38
SO - 000790,2014-08-19,94,Distributor,USD,AXW291,25,13,12,3886,46632,2720.2
SO - 000791,2014-08-19,130,Export,USD,AXW291,7,17,5,3108.8,15544,1896.37
SO - 000792,2014-08-19,22,Distributor,USD,GUT930,41,19,9,1011.7,9105.3,505.85
SO - 000793,2014-08-19,73,Wholesale,USD,NXH382,47,17,7,2552.7,17868.9,1327.4
SO - 000794,2014-08-19,157,Distributor,USD,AXW291,30,2,6,1675,10050,954.75
SO - 000795,2014-08-20,61,Wholesale,USD,AXW291,28,25,7,1139,7973,831.47
SO - 000796,2014-08-20,95,Distributor,USD,AXW291,23,2,5,6338.2,31691,3802.92
SO - 000797,2014-08-20,131,Wholesale,USD,NXH382,47,4,5,2231.1,11155.5,1874.12
SO - 000798,2014-08-20,74,Wholesale,USD,AXW291,15,10,10,2311.5,23115,1525.59
SO - 000799,2014-08-20,76,Wholesale,USD,AXW291,3,14,11,3832.4,42156.4,2835.98
SO - 000800,2014-08-20,85,Wholesale,USD,NXH382,59,14,6,1005,6030,793.95
SO - 000801,2014-08-20,92,Wholesale,USD,AXW291,3,26,5,1065.3,5326.5,671.14
SO - 000802,2014-08-20,89,Wholesale,USD,AXW291,31,2,12,1889.4,22672.8,1454.84
SO - 000803,2014-08-21,31,Distributor,USD,NXH382,49,26,9,167.5,1507.5,108.88
SO - 000804,2014-08-21,92,Distributor,USD,NXH382,50,6,7,6030,42210,2472.3
SO - 000805,2014-08-21,153,Export,USD,NXH382,55,2,6,837.5,5025,527.63
SO - 000806,2014-08-21,62,Wholesale,USD,AXW291,14,25,10,1782.2,17822,1051.5
SO - 000807,2014-08-21,48,Wholesale,USD,GUT930,31,1,7,998.3,6988.1,439.25
SO - 000808,2014-08-21,107,Wholesale,USD,NXH382,58,3,10,3999.9,39999,2679.93
SO - 000809,2014-08-22,127,Distributor,USD,NXH382,55,20,8,1896.1,15168.8,1118.7
SO - 000810,2014-08-22,119,Wholesale,USD,AXW291,28,7,12,1038.5,12462,477.71
SO - 000811,2014-08-22,149,Distributor,USD,AXW291,31,25,11,3839.1,42230.1,3071.28
SO - 000812,2014-08-22,74,Wholesale,USD,AXW291,24,5,10,743.7,7437,535.46
SO - 000813,2014-08-22,154,Wholesale,USD,AXW291,17,5,8,2445.5,19564,1100.48
SO - 000814,2014-08-22,123,Wholesale,USD,NXH382,54,15,11,2613,28743,1463.28
SO - 000815,2014-08-22,107,Distributor,USD,GUT930,36,18,11,187.6,2063.6,127.57
SO - 000816,2014-08-22,164,Wholesale,USD,GUT930,36,18,11,5494,60434,3845.8
SO - 000817,2014-08-22,39,Distributor,USD,GUT930,42,3,9,5782.1,52038.9,4625.68
SO - 000818,2014-08-22,52,Distributor,USD,AXW291,6,27,8,3872.6,30980.8,2052.48
SO - 000819,2014-08-23,36,Export,USD,NXH382,47,13,9,6445.4,58008.6,3544.97
SO - 000820,2014-08-23,43,Distributor,USD,AXW291,18,12,7,227.8,1594.6,93.4
SO - 000821,2014-08-23,47,Distributor,USD,AXW291,4,1,9,247.9,2231.1,151.22
SO - 000822,2014-08-23,86,Distributor,USD,AXW291,19,26,5,1031.8,5159,763.53
SO - 000823,2014-08-23,156,Distributor,USD,FLR025,64,15,11,2237.8,24615.8,1499.33
SO - 000824,2014-08-23,115,Wholesale,USD,AXW291,22,13,11,1179.2,12971.2,825.44
SO - 000825,2014-08-23,160,Distributor,USD,GUT930,43,26,12,2378.5,28542,1546.03
SO - 000826,2014-08-23,25,Export,USD,AXW291,24,6,12,1025.1,12301.2,768.83
SO - 000827,2014-08-23,70,Export,USD,AXW291,25,16,5,1802.3,9011.5,720.92
SO - 000828,2014-08-23,1,Wholesale,USD,AXW291,22,1,5,1916.2,9581,1015.59
SO - 000829,2014-08-24,83,Distributor,USD,AXW291,15,25,8,3021.7,24173.6,1661.94
SO - 000830,2014-08-24,156,Wholesale,USD,AXW291,15,14,6,2251.2,13507.2,1710.91
SO - 000831,2014-08-24,20,Wholesale,USD,AXW291,28,16,8,2619.7,20957.6,1074.08
SO - 000832,2014-08-24,42,Wholesale,USD,GUT930,41,13,10,2010,20100,884.4
SO - 000833,2014-08-24,161,Wholesale,USD,AXW291,16,4,11,1145.7,12602.7,687.42
SO - 000834,2014-08-24,67,Wholesale,USD,GUT930,46,23,6,3618,21708,1447.2
SO - 000835,2014-08-24,73,Wholesale,USD,GUT930,39,5,9,3551,31959,2982.84
SO - 000836,2014-08-24,42,Distributor,USD,GUT930,40,5,5,944.7,4723.5,736.87
SO - 000837,2014-08-24,72,Export,USD,AXW291,6,11,9,174.2,1567.8,74.91
SO - 000838,2014-08-24,122,Distributor,USD,AXW291,3,14,8,1809,14472,1465.29
SO - 000839,2014-08-25,65,Wholesale,USD,AXW291,11,24,5,3993.2,19966,1876.8
SO - 000840,2014-08-25,159,Wholesale,USD,AXW291,17,3,6,1005,6030,793.95
SO - 000841,2014-08-25,9,Wholesale,USD,AXW291,27,14,6,3819,22914,2176.83
SO - 000842,2014-08-25,13,Wholesale,USD,GUT930,39,25,12,2251.2,27014.4,968.02
SO - 000843,2014-08-25,102,Wholesale,USD,AXW291,19,17,10,964.8,9648,665.71
SO - 000844,2014-08-25,86,Wholesale,USD,NXH382,56,25,11,1018.4,11202.4,733.25
SO - 000845,2014-08-26,160,Export,USD,NXH382,60,9,8,261.3,2090.4,117.59
SO - 000846,2014-08-26,150,Wholesale,USD,GUT930,35,2,7,2887.7,20213.9,1530.48
SO - 000847,2014-08-26,60,Distributor,USD,AXW291,26,18,9,1098.8,9889.2,857.06
SO - 000848,2014-08-26,28,Wholesale,USD,AXW291,1,15,9,2217.7,19959.3,1596.74
SO - 000849,2014-08-26,56,Wholesale,USD,AXW291,17,20,8,254.6,2036.8,165.49
SO - 000850,2014-08-26,119,Distributor,USD,AXW291,11,12,12,2432.1,29185.2,2018.64
SO - 000851,2014-08-26,6,Wholesale,USD,GUT930,43,19,12,2499.1,29989.2,1624.42
SO - 000852,2014-08-26,146,Wholesale,USD,FLR025,65,4,6,3564.4,21386.4,1497.05
SO - 000853,2014-08-26,53,Wholesale,USD,AXW291,21,26,7,2532.6,17728.2,1595.54
SO - 000854,2014-08-27,167,Wholesale,USD,AXW291,16,13,6,1768.8,10612.8,1043.59
SO - 000855,2014-08-27,133,Distributor,USD,NXH382,58,25,7,2445.5,17118.5,1222.75
SO - 000856,2014-08-27,46,Wholesale,USD,AXW291,9,4,10,5855.8,58558,4567.52
SO - 000857,2014-08-27,78,Wholesale,USD,GUT930,38,15,8,3979.8,31838.4,3223.64
SO - 000858,2014-08-27,94,Distributor,USD,GUT930,41,1,6,964.8,5788.8,443.81
SO - 000859,2014-08-28,43,Wholesale,USD,GUT930,41,24,7,247.9,1735.3,158.66
SO - 000860,2014-08-28,60,Distributor,USD,GUT930,46,25,10,3189.2,31892,2264.33
SO - 000861,2014-08-28,146,Wholesale,USD,NXH382,57,9,7,5339.9,37379.3,2830.15
SO - 000862,2014-08-28,125,Wholesale,USD,AXW291,7,14,11,1139,12529,717.57
SO - 000863,2014-08-28,168,Distributor,USD,AXW291,27,15,7,207.7,1453.9,91.39
SO - 000864,2014-08-28,127,Export,USD,NXH382,55,1,6,2345,14070,1242.85
SO - 000865,2014-08-28,62,Wholesale,USD,AXW291,18,20,11,2432.1,26753.1,1824.08
SO - 000866,2014-08-28,67,Distributor,USD,GUT930,45,29,12,1112.2,13346.4,578.34
SO - 000867,2014-08-28,92,Distributor,USD,AXW291,27,3,12,1098.8,13185.6,670.27
SO - 000868,2014-08-28,108,Wholesale,USD,NXH382,56,25,10,1159.1,11591,741.82
SO - 000869,2014-08-28,37,Wholesale,USD,AXW291,29,1,6,2666.6,15999.6,1253.3
SO - 000870,2014-08-28,88,Wholesale,USD,NXH382,56,28,7,2834.1,19838.7,1190.32
SO - 000871,2014-08-28,59,Wholesale,USD,AXW291,15,30,8,3953,31624,2450.86
SO - 000872,2014-08-28,150,Distributor,USD,NXH382,49,20,6,1762.1,10572.6,1127.74
SO - 000873,2014-08-29,117,Export,USD,NXH382,60,20,11,2592.9,28521.9,1400.17
SO - 000874,2014-08-29,145,Wholesale,USD,AXW291,15,4,12,2505.8,30069.6,1378.19
SO - 000875,2014-08-29,86,Wholesale,USD,FLR025,65,4,5,194.3,971.5,137.95
SO - 000876,2014-08-29,46,Wholesale,USD,FLR025,64,28,9,5822.3,52400.7,2852.93
SO - 000877,2014-08-30,17,Distributor,USD,NXH382,58,21,12,1815.7,21788.4,1434.4
SO - 000878,2014-08-30,145,Wholesale,USD,GUT930,35,26,9,3906.1,35154.9,2148.36
SO - 000879,2014-08-30,154,Wholesale,USD,GUT930,43,3,11,3926.2,43188.2,1766.79
SO - 000880,2014-08-30,36,Wholesale,USD,AXW291,31,4,9,6123.8,55114.2,4960.28
SO - 000881,2014-08-30,39,Export,USD,AXW291,11,7,12,1132.3,13587.6,962.46
SO - 000882,2014-08-30,157,Export,USD,GUT930,43,1,10,3859.2,38592,2315.52
SO - 000883,2014-08-30,107,Distributor,USD,GUT930,41,11,6,797.3,4783.8,454.46
SO - 000884,2014-08-30,73,Distributor,USD,NXH382,57,26,9,5380.1,48420.9,3174.26
SO - 000885,2014-08-31,109,Wholesale,USD,AXW291,25,6,12,3986.5,47838,2870.28
SO - 000886,2014-08-31,146,Distributor,USD,AXW291,4,21,10,1219.4,12194,951.13
SO - 000887,2014-08-31,112,Distributor,USD,GUT930,34,25,7,1681.7,11771.9,1345.36
SO - 000888,2014-08-31,16,Wholesale,USD,AXW291,4,2,11,174.2,1916.2,80.13
SO - 000889,2014-08-31,94,Wholesale,USD,AXW291,25,25,10,3865.9,38659,1739.66
SO - 000890,2014-08-31,87,Wholesale,USD,AXW291,30,25,10,5132.2,51322,2514.78
SO - 000891,2014-08-31,117,Export,USD,AXW291,20,5,6,1829.1,10974.6,987.71
SO - 000892,2014-08-31,37,Wholesale,USD,FLR025,64,3,11,3162.4,34786.4,2023.94
SO - 000893,2014-08-31,149,Distributor,USD,AXW291,1,18,11,6103.7,67140.7,2746.67
SO - 000894,2014-08-31,141,Distributor,USD,GUT930,43,2,10,750.4,7504,600.32
SO - 000895,2014-09-01,46,Distributor,USD,GUT930,41,18,10,167.5,1675,100.5
SO - 000896,2014-09-01,19,Wholesale,USD,GUT930,36,14,5,2653.2,13266,2069.5
SO - 000897,2014-09-01,63,Distributor,USD,AXW291,2,27,11,3008.3,33091.3,1594.4
SO - 000898,2014-09-01,160,Distributor,USD,NXH382,48,5,5,690.1,3450.5,338.15
SO - 000899,2014-09-01,47,Distributor,USD,AXW291,21,9,10,1031.8,10318,474.63
SO - 000900,2014-09-01,55,Wholesale,USD,FLR025,65,18,7,884.4,6190.8,371.45
SO - 000901,2014-09-02,53,Distributor,USD,AXW291,20,6,8,1118.9,8951.2,469.94
SO - 000902,2014-09-02,119,Wholesale,USD,AXW291,25,10,10,2338.3,23383,958.7
SO - 000903,2014-09-02,79,Wholesale,USD,AXW291,22,3,12,810.7,9728.4,551.28
SO - 000904,2014-09-02,107,Wholesale,USD,AXW291,24,1,5,3932.9,19664.5,1651.82
SO - 000905,2014-09-02,21,Distributor,USD,AXW291,16,28,12,844.2,10130.4,337.68
SO - 000906,2014-09-02,60,Distributor,USD,GUT930,40,23,8,180.9,1447.2,119.39
SO - 000907,2014-09-02,64,Wholesale,USD,NXH382,47,14,6,2365.1,14190.6,1986.68
SO - 000908,2014-09-02,69,Wholesale,USD,AXW291,18,14,11,2358.4,25942.4,1084.86
SO - 000909,2014-09-03,80,Wholesale,USD,GUT930,38,14,7,1748.7,12240.9,1171.63
SO - 000910,2014-09-03,90,Export,USD,GUT930,39,26,9,1822.4,16401.6,1202.78
SO - 000911,2014-09-03,90,Wholesale,USD,FLR025,66,13,11,824.1,9065.1,684
SO - 000912,2014-09-03,38,Wholesale,USD,FLR025,62,21,6,1882.7,11296.2,1317.89
SO - 000913,2014-09-03,80,Distributor,USD,AXW291,17,13,11,3819,42009,1565.79
SO - 000914,2014-09-03,62,Wholesale,USD,NXH382,54,13,10,1085.4,10854,672.95
SO - 000915,2014-09-03,127,Wholesale,USD,NXH382,51,6,9,1072,9648,857.6
SO - 000916,2014-09-03,112,Wholesale,USD,AXW291,27,5,7,1051.9,7363.3,441.8
SO - 000917,2014-09-04,44,Export,USD,GUT930,42,2,12,1025.1,12301.2,584.31
SO - 000918,2014-09-04,5,Distributor,USD,GUT930,33,25,10,2231.1,22311,1026.31
SO - 000919,2014-09-04,142,Export,USD,GUT930,33,25,5,261.3,1306.5,117.59
SO - 000920,2014-09-05,54,Distributor,USD,AXW291,9,11,9,3524.2,31717.8,2960.33
SO - 000921,2014-09-05,127,Export,USD,FLR025,64,14,7,3819,26733,3207.96
SO - 000922,2014-09-05,73,Distributor,USD,AXW291,12,30,5,3879.3,19396.5,2560.34
SO - 000923,2014-09-05,77,Wholesale,USD,GUT930,39,21,10,227.8,2278,132.12
SO - 000924,2014-09-05,46,Wholesale,USD,GUT930,45,15,7,1145.7,8019.9,847.82
SO - 000925,2014-09-05,98,Wholesale,USD,AXW291,8,25,6,2579.5,15477,1134.98
SO - 000926,2014-09-05,12,Distributor,USD,GUT930,43,12,12,1105.5,13266,464.31
SO - 000927,2014-09-05,52,Distributor,USD,NXH382,49,4,6,1762.1,10572.6,1215.85
SO - 000928,2014-09-05,95,Wholesale,USD,NXH382,52,26,11,1989.9,21888.9,935.25
SO - 000929,2014-09-06,81,Export,USD,AXW291,29,15,9,261.3,2351.7,198.59
SO - 000930,2014-09-06,69,Export,USD,AXW291,6,25,12,1072,12864,675.36
SO - 000931,2014-09-06,78,Distributor,USD,GUT930,33,18,5,1058.6,5293,899.81
SO - 000932,2014-09-06,172,Export,USD,GUT930,38,12,9,247.9,2231.1,131.39
SO - 000933,2014-09-06,126,Wholesale,USD,AXW291,4,28,10,2659.9,26599,1117.16
SO - 000934,2014-09-06,22,Distributor,USD,AXW291,28,13,9,1031.8,9286.2,866.71
SO - 000935,2014-09-06,174,Distributor,USD,AXW291,8,9,6,2546,15276,1120.24
SO - 000936,2014-09-06,57,Distributor,USD,AXW291,10,5,6,857.6,5145.6,660.35
SO - 000937,2014-09-07,162,Distributor,USD,AXW291,21,25,7,3946.3,27624.1,1973.15
SO - 000938,2014-09-07,4,Distributor,USD,FLR025,66,26,6,4006.6,24039.6,2484.09
SO - 000939,2014-09-07,173,Wholesale,USD,GUT930,40,3,11,1132.3,12455.3,758.64
SO - 000940,2014-09-07,93,Wholesale,USD,AXW291,19,26,8,897.8,7182.4,511.75
SO - 000941,2014-09-07,5,Wholesale,USD,AXW291,28,18,10,3939.6,39396,2678.93
SO - 000942,2014-09-07,145,Distributor,USD,GUT930,32,26,9,1031.8,9286.2,515.9
SO - 000943,2014-09-07,91,Export,USD,AXW291,5,25,7,6251.1,43757.7,4938.37
SO - 000944,2014-09-07,62,Wholesale,USD,AXW291,31,11,12,3819,45828,2176.83
SO - 000945,2014-09-07,99,Wholesale,USD,AXW291,29,15,12,5480.6,65767.2,3233.55
SO - 000946,2014-09-08,80,Distributor,USD,FLR025,63,25,7,1045.2,7316.4,752.54
SO - 000947,2014-09-08,27,Wholesale,USD,AXW291,19,4,11,2298.1,25279.1,988.18
SO - 000948,2014-09-08,30,Wholesale,USD,AXW291,12,25,7,924.6,6472.2,730.43
SO - 000949,2014-09-08,38,Distributor,USD,GUT930,34,14,8,2974.8,23798.4,2231.1
SO - 000950,2014-09-08,79,Distributor,USD,AXW291,23,16,7,830.8,5815.6,515.1
SO - 000951,2014-09-08,96,Export,USD,GUT930,34,2,6,1051.9,6311.4,641.66
SO - 000952,2014-09-08,12,Export,USD,AXW291,27,2,7,1031.8,7222.6,763.53
SO - 000953,2014-09-08,95,Export,USD,AXW291,18,25,7,1775.5,12428.5,905.51
SO - 000954,2014-09-09,125,Wholesale,USD,AXW291,5,29,5,1809,9045,1465.29
SO - 000955,2014-09-09,62,Wholesale,USD,GUT930,43,1,11,1005,11055,763.8
SO - 000956,2014-09-09,28,Export,USD,AXW291,25,19,6,167.5,1005,85.43
SO - 000957,2014-09-09,174,Distributor,USD,GUT930,37,28,12,1098.8,13185.6,681.26
SO - 000958,2014-09-09,72,Wholesale,USD,NXH382,59,3,10,187.6,1876,91.92
SO - 000959,2014-09-09,60,Wholesale,USD,AXW291,28,13,8,1065.3,8522.4,511.34
SO - 000960,2014-09-09,31,Distributor,USD,GUT930,40,15,11,1179.2,12971.2,813.65
SO - 000961,2014-09-10,36,Wholesale,USD,AXW291,26,26,12,1045.2,12542.4,418.08
SO - 000962,2014-09-10,38,Wholesale,USD,AXW291,4,4,9,837.5,7537.5,644.88
SO - 000963,2014-09-10,144,Wholesale,USD,AXW291,8,25,12,1172.5,14070,480.73
SO - 000964,2014-09-10,50,Wholesale,USD,AXW291,10,19,10,268,2680,123.28
SO - 000965,2014-09-10,87,Distributor,USD,AXW291,10,5,5,1085.4,5427,640.39
SO - 000966,2014-09-10,132,Wholesale,USD,NXH382,51,2,5,3115.5,15577.5,1246.2
SO - 000967,2014-09-11,44,Wholesale,USD,AXW291,18,26,8,2412,19296,1447.2
SO - 000968,2014-09-11,29,Export,USD,AXW291,10,15,5,3926.2,19631,1923.84
SO - 000969,2014-09-11,110,Wholesale,USD,AXW291,3,20,12,2284.7,27416.4,1713.53
SO - 000970,2014-09-11,49,Export,USD,GUT930,46,2,10,783.9,7839,556.57
SO - 000971,2014-09-11,23,Wholesale,USD,NXH382,56,1,5,871,4355,557.44
SO - 000972,2014-09-11,61,Distributor,USD,GUT930,35,28,7,1051.9,7363.3,831
SO - 000973,2014-09-11,146,Distributor,USD,NXH382,53,5,8,1219.4,9755.2,609.7
SO - 000974,2014-09-11,118,Wholesale,USD,FLR025,65,26,10,877.7,8777,509.07
SO - 000975,2014-09-11,32,Export,USD,GUT930,35,14,10,261.3,2613,151.55
SO - 000976,2014-09-12,136,Distributor,USD,AXW291,5,4,12,5172.4,62068.8,3155.16
SO - 000977,2014-09-12,13,Wholesale,USD,GUT930,42,8,12,2237.8,26853.6,1835
SO - 000978,2014-09-12,106,Wholesale,USD,AXW291,22,24,8,180.9,1447.2,135.68
SO - 000979,2014-09-12,119,Distributor,USD,AXW291,19,26,6,1876,11256,1594.6
SO - 000980,2014-09-12,115,Wholesale,USD,GUT930,46,6,7,5815.6,40709.2,4303.54
SO - 000981,2014-09-12,98,Wholesale,USD,AXW291,27,12,10,1922.9,19229,903.76
SO - 000982,2014-09-12,2,Wholesale,USD,AXW291,26,26,9,1051.9,9467.1,441.8
SO - 000983,2014-09-12,24,Wholesale,USD,AXW291,14,26,7,5996.5,41975.5,3597.9
SO - 000984,2014-09-12,91,Wholesale,USD,NXH382,58,14,8,1172.5,9380,926.28
SO - 000985,2014-09-12,90,Distributor,USD,AXW291,10,17,6,207.7,1246.2,153.7
SO - 000986,2014-09-12,137,Wholesale,USD,AXW291,27,5,6,1085.4,6512.4,868.32
SO - 000987,2014-09-12,31,Distributor,USD,GUT930,41,27,9,964.8,8683.2,627.12
SO - 000988,2014-09-12,97,Distributor,USD,GUT930,37,6,8,3832.4,30659.2,3142.57
SO - 000989,2014-09-13,32,Distributor,USD,NXH382,49,1,6,1125.6,6753.6,754.15
SO - 000990,2014-09-13,129,Wholesale,USD,AXW291,9,10,5,1065.3,5326.5,649.83
SO - 000991,2014-09-13,121,Distributor,USD,AXW291,22,18,11,6197.5,68172.5,4214.3
SO - 000992,2014-09-13,31,Export,USD,AXW291,1,13,7,3912.8,27389.6,2778.09
SO - 000993,2014-09-13,20,Wholesale,USD,NXH382,52,19,9,247.9,2231.1,185.93
SO - 000994,2014-09-13,139,Distributor,USD,FLR025,61,24,7,1038.5,7269.5,789.26
SO - 000995,2014-09-13,33,Wholesale,USD,AXW291,20,22,7,1098.8,7691.6,604.34
SO - 000996,2014-09-13,153,Distributor,USD,AXW291,15,5,6,1273,7638,814.72
SO - 000997,2014-09-13,116,Distributor,USD,FLR025,63,2,11,268,2948,160.8
SO - 000998,2014-09-14,81,Wholesale,USD,AXW291,13,6,9,3852.5,34672.5,2157.4
SO - 000999,2014-09-14,86,Export,USD,AXW291,28,5,9,1876,16884,900.48
SO - 0001000,2014-09-14,49,Wholesale,USD,AXW291,24,29,5,1286.4,6432,887.62
SO - 0001001,2014-09-14,132,Export,USD,AXW291,22,4,8,174.2,1393.6,101.04
SO - 0001002,2014-09-14,91,Distributor,USD,FLR025,65,19,11,5259.5,57854.5,4102.41
SO - 0001003,2014-09-14,103,Distributor,USD,GUT930,39,26,5,6512.4,32562,5144.8
SO - 0001004,2014-09-14,85,Wholesale,USD,GUT930,35,7,8,1701.8,13614.4,1021.08
SO - 0001005,2014-09-14,160,Wholesale,USD,AXW291,9,6,12,3832.4,45988.8,2682.68
SO - 0001006,2014-09-14,167,Distributor,USD,NXH382,60,25,12,1775.5,21306,923.26
SO - 0001007,2014-09-14,136,Distributor,USD,AXW291,3,25,8,1922.9,15383.2,865.31
SO - 0001008,2014-09-14,112,Distributor,USD,NXH382,53,13,12,891.1,10693.2,490.11
SO - 0001009,2014-09-15,90,Wholesale,USD,NXH382,48,4,10,3289.7,32897,1875.13
SO - 0001010,2014-09-15,37,Wholesale,USD,AXW291,17,17,9,1078.7,9708.3,593.29
SO - 0001011,2014-09-15,14,Distributor,USD,FLR025,63,3,10,3886,38860,2720.2
SO - 0001012,2014-09-15,133,Distributor,USD,GUT930,31,7,8,1681.7,13453.6,1143.56
SO - 0001013,2014-09-15,53,Wholesale,USD,NXH382,48,26,6,1065.3,6391.8,852.24
SO - 0001014,2014-09-15,106,Wholesale,USD,AXW291,27,20,11,3912.8,43040.8,3286.75
SO - 0001015,2014-09-15,150,Wholesale,USD,AXW291,16,14,12,3819,45828,2520.54
SO - 0001016,2014-09-15,145,Distributor,USD,GUT930,40,16,7,1025.1,7175.7,758.57
SO - 0001017,2014-09-15,30,Wholesale,USD,GUT930,37,6,12,3202.6,38431.2,1601.3
SO - 0001018,2014-09-15,7,Distributor,USD,AXW291,31,1,6,5306.4,31838.4,2440.94
SO - 0001019,2014-09-15,124,Distributor,USD,GUT930,43,6,5,1849.2,9246,1331.42
SO - 0001020,2014-09-15,18,Distributor,USD,NXH382,51,27,10,194.3,1943,137.95
SO - 0001021,2014-09-15,28,Wholesale,USD,AXW291,5,2,6,1051.9,6311.4,757.37
SO - 0001022,2014-09-15,167,Export,USD,AXW291,11,26,7,1809,12663,1537.65
SO - 0001023,2014-09-16,107,Distributor,USD,AXW291,7,2,5,214.4,1072,130.78
SO - 0001024,2014-09-16,121,Wholesale,USD,AXW291,4,22,12,3530.9,42370.8,2577.56
SO - 0001025,2014-09-16,125,Distributor,USD,GUT930,37,7,7,1038.5,7269.5,810.03
SO - 0001026,2014-09-16,94,Export,USD,FLR025,64,26,5,3470.6,17353,1561.77
SO - 0001027,2014-09-16,57,Wholesale,USD,AXW291,15,2,6,2659.9,15959.4,2154.52
SO - 0001028,2014-09-16,71,Distributor,USD,AXW291,23,17,7,1118.9,7832.3,637.77
SO - 0001029,2014-09-16,43,Distributor,USD,NXH382,59,15,8,3892.7,31141.6,2257.77
SO - 0001030,2014-09-16,30,Export,USD,GUT930,32,26,12,2003.3,24039.6,921.52
SO - 0001031,2014-09-16,2,Distributor,USD,AXW291,16,14,11,998.3,10981.3,788.66
SO - 0001032,2014-09-17,144,Distributor,USD,NXH382,57,25,9,2546,22914,1654.9
SO - 0001033,2014-09-17,146,Wholesale,USD,AXW291,5,25,9,2552.7,22974.3,2093.21
SO - 0001034,2014-09-17,25,Export,USD,AXW291,9,2,5,3839.1,19195.5,2610.59
SO - 0001035,2014-09-17,23,Wholesale,USD,FLR025,64,17,11,6076.9,66845.9,4071.52
SO - 0001036,2014-09-17,106,Distributor,USD,NXH382,56,15,9,1051.9,9467.1,462.84
SO - 0001037,2014-09-17,51,Wholesale,USD,NXH382,55,25,7,1132.3,7926.1,577.47
SO - 0001038,2014-09-18,102,Wholesale,USD,FLR025,66,14,10,2961.4,29614,1184.56
SO - 0001039,2014-09-18,104,Wholesale,USD,AXW291,16,29,7,3396.9,23778.3,2140.05
SO - 0001040,2014-09-18,17,Export,USD,GUT930,44,4,5,5728.5,28642.5,3322.53
SO - 0001041,2014-09-18,73,Distributor,USD,GUT930,42,20,12,2224.4,26692.8,1401.37
SO - 0001042,2014-09-18,120,Wholesale,USD,FLR025,65,21,8,3986.5,31892,1674.33
SO - 0001043,2014-09-18,25,Wholesale,USD,AXW291,28,23,6,5681.6,34089.6,2613.54
SO - 0001044,2014-09-19,24,Distributor,USD,AXW291,4,15,9,5272.9,47456.1,3005.55
SO - 0001045,2014-09-19,85,Export,USD,NXH382,58,30,12,1125.6,13507.2,529.03
SO - 0001046,2014-09-19,26,Distributor,USD,AXW291,11,26,6,690.1,4140.6,400.26
SO - 0001047,2014-09-19,173,Wholesale,USD,AXW291,17,4,9,2546,22914,1502.14
SO - 0001048,2014-09-19,26,Distributor,USD,GUT930,41,20,9,3035.1,27315.9,2276.33
SO - 0001049,2014-09-19,9,Distributor,USD,AXW291,25,7,7,4006.6,28046.2,2444.03
SO - 0001050,2014-09-20,154,Export,USD,GUT930,35,26,10,3892.7,38927,2179.91
SO - 0001051,2014-09-20,125,Wholesale,USD,FLR025,61,23,6,2566.1,15396.6,1334.37
SO - 0001052,2014-09-20,80,Export,USD,GUT930,37,13,5,1333.3,6666.5,786.65
SO - 0001053,2014-09-20,166,Distributor,USD,FLR025,64,3,7,1051.9,7363.3,452.32
SO - 0001054,2014-09-20,169,Distributor,USD,NXH382,51,18,10,3946.3,39463,3314.89
SO - 0001055,2014-09-20,69,Distributor,USD,AXW291,27,3,8,1118.9,8951.2,593.02
SO - 0001056,2014-09-20,154,Distributor,USD,NXH382,50,20,5,2881,14405,1325.26
SO - 0001057,2014-09-21,96,Export,USD,GUT930,38,10,12,2224.4,26692.8,1890.74
SO - 0001058,2014-09-21,147,Wholesale,USD,AXW291,30,2,6,1011.7,6070.2,586.79
SO - 0001059,2014-09-21,2,Wholesale,USD,AXW291,4,19,11,167.5,1842.5,123.95
SO - 0001060,2014-09-21,94,Wholesale,USD,AXW291,3,16,12,1139,13668,740.35
SO - 0001061,2014-09-21,49,Wholesale,USD,AXW291,24,17,5,167.5,837.5,110.55
SO - 0001062,2014-09-21,136,Wholesale,USD,AXW291,28,25,8,864.3,6914.4,553.15
SO - 0001063,2014-09-21,14,Wholesale,USD,AXW291,25,26,12,2914.5,34974,2477.33
SO - 0001064,2014-09-22,167,Distributor,USD,GUT930,42,5,5,5293,26465,2858.22
SO - 0001065,2014-09-22,70,Export,USD,AXW291,12,4,6,924.6,5547.6,406.82
SO - 0001066,2014-09-22,98,Wholesale,USD,AXW291,29,22,6,884.4,5306.4,619.08
SO - 0001067,2014-09-22,95,Distributor,USD,AXW291,11,25,7,2458.9,17212.3,1819.59
SO - 0001068,2014-09-22,64,Export,USD,FLR025,65,10,11,924.6,10170.6,656.47
SO - 0001069,2014-09-22,1,Wholesale,USD,AXW291,19,26,12,6344.9,76138.8,3235.9
SO - 0001070,2014-09-22,81,Distributor,USD,AXW291,4,25,5,3932.9,19664.5,2910.35
SO - 0001071,2014-09-23,160,Export,USD,NXH382,54,13,10,1112.2,11122,500.49
SO - 0001072,2014-09-23,54,Export,USD,NXH382,47,17,12,904.5,10854,370.85
SO - 0001073,2014-09-23,54,Wholesale,USD,AXW291,17,13,8,1165.8,9326.4,524.61
SO - 0001074,2014-09-23,75,Export,USD,NXH382,53,15,10,174.2,1742,116.71
SO - 0001075,2014-09-23,113,Wholesale,USD,NXH382,58,14,11,2378.5,26163.5,1379.53
SO - 0001076,2014-09-23,77,Wholesale,USD,FLR025,65,17,9,1025.1,9225.9,850.83
SO - 0001077,2014-09-23,23,Wholesale,USD,AXW291,18,25,8,3839.1,30712.8,2034.72
SO - 0001078,2014-09-23,95,Distributor,USD,AXW291,31,11,11,1031.8,11349.8,650.03
SO - 0001079,2014-09-23,143,Wholesale,USD,FLR025,61,7,11,1005,11055,623.1
SO - 0001080,2014-09-24,111,Distributor,USD,FLR025,61,26,7,3886,27202,2215.02
SO - 0001081,2014-09-24,120,Distributor,USD,GUT930,34,6,12,1125.6,13507.2,574.06
SO - 0001082,2014-09-24,127,Distributor,USD,NXH382,59,4,7,3899.4,27295.8,1832.72
SO - 0001083,2014-09-24,171,Export,USD,GUT930,38,4,6,1842.5,11055,976.53
SO - 0001084,2014-09-24,50,Distributor,USD,AXW291,28,6,7,201,1407,86.43
SO - 0001085,2014-09-24,104,Wholesale,USD,NXH382,55,4,11,1768.8,19456.8,707.52
SO - 0001086,2014-09-24,119,Wholesale,USD,NXH382,48,15,5,5996.5,29982.5,3777.8
SO - 0001087,2014-09-24,55,Export,USD,NXH382,60,28,10,2525.9,25259,1667.09
SO - 0001088,2014-09-24,158,Distributor,USD,AXW291,11,13,12,1005,12060,562.8
SO - 0001089,2014-09-24,24,Wholesale,USD,NXH382,52,9,7,944.7,6612.9,377.88
SO - 0001090,2014-09-24,21,Export,USD,GUT930,44,20,10,1681.7,16817,924.94
SO - 0001091,2014-09-25,5,Wholesale,USD,FLR025,61,6,5,180.9,904.5,151.96
SO - 0001092,2014-09-25,162,Wholesale,USD,NXH382,56,21,10,1896.1,18961,1592.72
SO - 0001093,2014-09-25,139,Wholesale,USD,NXH382,52,11,12,804,9648,410.04
SO - 0001094,2014-09-25,32,Wholesale,USD,NXH382,52,2,7,1112.2,7785.4,778.54
SO - 0001095,2014-09-25,173,Wholesale,USD,GUT930,32,27,7,971.5,6800.5,437.18
SO - 0001096,2014-09-25,146,Export,USD,NXH382,49,7,11,2465.6,27121.6,1380.74
SO - 0001097,2014-09-25,171,Wholesale,USD,GUT930,38,20,6,2659.9,15959.4,1915.13
SO - 0001098,2014-09-26,31,Wholesale,USD,AXW291,11,30,11,1675,18425,1155.75
SO - 0001099,2014-09-26,107,Wholesale,USD,AXW291,21,13,8,6150.6,49204.8,3505.84
SO - 0001100,2014-09-26,74,Distributor,USD,GUT930,31,13,12,5306.4,63676.8,2387.88
SO - 0001101,2014-09-26,15,Wholesale,USD,NXH382,60,14,6,3758.7,22552.2,3082.13
SO - 0001102,2014-09-26,87,Wholesale,USD,NXH382,58,22,5,2291.4,11457,1603.98
SO - 0001103,2014-09-26,1,Distributor,USD,AXW291,26,6,6,5748.6,34491.6,3564.13
SO - 0001104,2014-09-26,75,Wholesale,USD,FLR025,64,26,11,1909.5,21004.5,1336.65
SO - 0001105,2014-09-26,127,Distributor,USD,GUT930,34,25,5,3892.7,19463.5,3308.8
SO - 0001106,2014-09-26,148,Wholesale,USD,FLR025,65,14,12,1118.9,13426.8,749.66
SO - 0001107,2014-09-26,65,Distributor,USD,AXW291,30,3,9,3999.9,35999.1,2559.94
SO - 0001108,2014-09-27,58,Wholesale,USD,NXH382,52,5,6,1782.2,10693.2,873.28
SO - 0001109,2014-09-27,48,Distributor,USD,AXW291,21,6,11,1072,11792,707.52
SO - 0001110,2014-09-27,121,Wholesale,USD,AXW291,6,30,11,917.9,10096.9,559.92
SO - 0001111,2014-09-27,109,Wholesale,USD,NXH382,59,1,5,5252.8,26264,2836.51
SO - 0001112,2014-09-27,78,Distributor,USD,GUT930,39,11,6,6505.7,39034.2,5399.73
SO - 0001113,2014-09-27,105,Wholesale,USD,NXH382,57,22,11,3390.2,37292.2,1932.41
SO - 0001114,2014-09-27,169,Export,USD,NXH382,54,8,11,221.1,2432.1,108.34
SO - 0001115,2014-09-27,50,Wholesale,USD,NXH382,51,10,12,3993.2,47918.4,3034.83
SO - 0001116,2014-09-27,41,Wholesale,USD,FLR025,61,4,8,2519.2,20153.6,1612.29
SO - 0001117,2014-09-28,20,Wholesale,USD,AXW291,4,10,12,3953,47436,2964.75
SO - 0001118,2014-09-28,2,Wholesale,USD,NXH382,55,15,11,1092.1,12013.1,840.92
SO - 0001119,2014-09-28,115,Wholesale,USD,AXW291,16,26,6,5835.7,35014.2,4726.92
SO - 0001120,2014-09-28,159,Wholesale,USD,AXW291,19,1,6,1701.8,10210.8,1276.35
SO - 0001121,2014-09-28,3,Distributor,USD,AXW291,4,25,6,6117.1,36702.6,4343.14
SO - 0001122,2014-09-28,136,Wholesale,USD,FLR025,60,2,12,1829.1,21949.2,1188.92
SO - 0001123,2014-09-28,27,Distributor,USD,FLR025,66,18,12,3932.9,47194.8,2477.73
SO - 0001124,2014-09-28,40,Wholesale,USD,AXW291,18,20,11,1695.1,18646.1,1101.82
SO - 0001125,2014-09-28,144,Wholesale,USD,GUT930,36,25,8,180.9,1447.2,130.25
SO - 0001126,2014-09-29,54,Wholesale,USD,AXW291,23,13,10,877.7,8777,631.94
SO - 0001127,2014-09-29,2,Distributor,USD,AXW291,15,25,9,2646.5,23818.5,1984.88
SO - 0001128,2014-09-29,107,Distributor,USD,AXW291,14,4,7,5132.2,35925.4,2206.85
SO - 0001129,2014-09-29,19,Distributor,USD,AXW291,9,26,5,5112.1,25560.5,3271.74
SO - 0001130,2014-09-29,70,Wholesale,USD,GUT930,40,11,9,1065.3,9587.7,522
SO - 0001131,2014-09-29,19,Wholesale,USD,GUT930,39,2,9,3269.6,29426.4,2059.85
SO - 0001132,2014-09-29,75,Export,USD,NXH382,57,9,12,6070.2,72842.4,3277.91
SO - 0001133,2014-09-29,98,Distributor,USD,AXW291,6,19,5,1279.7,6398.5,857.4
SO - 0001134,2014-09-29,103,Distributor,USD,AXW291,14,4,5,3061.9,15309.5,2449.52
SO - 0001135,2014-09-29,29,Export,USD,GUT930,42,26,6,2646.5,15879,1217.39
SO - 0001136,2014-09-30,107,Wholesale,USD,AXW291,31,4,6,5232.7,31396.2,3767.54
SO - 0001137,2014-09-30,35,Distributor,USD,AXW291,19,14,9,3986.5,35878.5,3268.93
SO - 0001138,2014-09-30,60,Wholesale,USD,NXH382,56,26,12,247.9,2974.8,178.49
SO - 0001139,2014-09-30,18,Wholesale,USD,AXW291,21,14,9,221.1,1989.9,141.5
SO - 0001140,2014-09-30,80,Wholesale,USD,FLR025,65,30,9,1118.9,10070.1,492.32
SO - 0001141,2014-09-30,165,Wholesale,USD,AXW291,27,14,9,5433.7,48903.3,2825.52
SO - 0001142,2014-09-30,89,Wholesale,USD,NXH382,53,25,7,3028.4,21198.8,1756.47
SO - 0001143,2014-09-30,120,Distributor,USD,NXH382,54,22,11,3892.7,42819.7,2296.69
SO - 0001144,2014-09-30,128,Wholesale,USD,GUT930,41,5,8,2579.5,20636,2089.4
SO - 0001145,2014-09-30,57,Wholesale,USD,AXW291,24,4,9,1809,16281,1230.12
SO - 0001146,2014-10-01,4,Wholesale,USD,GUT930,39,19,10,5118.8,51188,2457.02
SO - 0001147,2014-10-01,74,Distributor,USD,GUT930,44,29,9,978.2,8803.8,753.21
SO - 0001148,2014-10-01,168,Wholesale,USD,GUT930,39,25,8,770.5,6164,554.76
SO - 0001149,2014-10-01,96,Distributor,USD,AXW291,4,16,12,1085.4,13024.8,759.78
SO - 0001150,2014-10-01,149,Wholesale,USD,NXH382,56,13,12,1989.9,23878.8,795.96
SO - 0001151,2014-10-01,123,Wholesale,USD,AXW291,4,8,10,2907.8,29078,2180.85
SO - 0001152,2014-10-01,10,Wholesale,USD,AXW291,10,25,5,1165.8,5829,886.01
SO - 0001153,2014-10-01,126,Wholesale,USD,AXW291,21,6,6,5715.1,34290.6,4343.48
SO - 0001154,2014-10-01,39,Wholesale,USD,AXW291,29,21,10,1695.1,16951,1254.37
SO - 0001155,2014-10-02,32,Wholesale,USD,AXW291,28,18,9,1038.5,9346.5,643.87
SO - 0001156,2014-10-02,17,Export,USD,NXH382,57,5,12,5788.8,69465.6,2778.62
SO - 0001157,2014-10-02,69,Export,USD,AXW291,4,28,12,2237.8,26853.6,1118.9
SO - 0001158,2014-10-02,8,Export,USD,NXH382,60,25,10,1132.3,11323,871.87
SO - 0001159,2014-10-02,75,Wholesale,USD,AXW291,16,19,5,891.1,4455.5,552.48
SO - 0001160,2014-10-02,78,Distributor,USD,AXW291,4,2,5,3819,19095,3055.2
SO - 0001161,2014-10-03,56,Wholesale,USD,NXH382,52,14,11,1232.8,13560.8,702.7
SO - 0001162,2014-10-03,111,Export,USD,AXW291,3,3,6,6331.5,37989,2532.6
SO - 0001163,2014-10-03,144,Distributor,USD,AXW291,9,19,8,917.9,7343.2,431.41
SO - 0001164,2014-10-03,8,Wholesale,USD,GUT930,45,25,9,1333.3,11999.7,639.98
SO - 0001165,2014-10-03,80,Wholesale,USD,AXW291,18,14,5,5467.2,27336,3444.34
SO - 0001166,2014-10-03,115,Export,USD,NXH382,56,1,12,5896,70752,3950.32
SO - 0001167,2014-10-03,117,Wholesale,USD,AXW291,14,15,8,1809,14472,1212.03
SO - 0001168,2014-10-03,3,Wholesale,USD,AXW291,15,18,8,1112.2,8897.6,722.93
SO - 0001169,2014-10-04,46,Export,USD,GUT930,34,26,10,2546,25460,1782.2
SO - 0001170,2014-10-04,58,Wholesale,USD,GUT930,41,10,6,1139,6834,774.52
SO - 0001171,2014-10-04,108,Wholesale,USD,GUT930,41,8,11,3872.6,42598.6,2362.29
SO - 0001172,2014-10-04,85,Wholesale,USD,AXW291,7,18,9,1326.6,11939.4,809.23
SO - 0001173,2014-10-04,31,Wholesale,USD,FLR025,63,13,10,2525.9,25259,1793.39
SO - 0001174,2014-10-04,157,Wholesale,USD,AXW291,26,16,9,924.6,8321.4,564.01
SO - 0001175,2014-10-04,50,Wholesale,USD,AXW291,23,19,11,261.3,2874.3,146.33
SO - 0001176,2014-10-05,114,Distributor,USD,AXW291,3,19,9,234.5,2110.5,161.81
SO - 0001177,2014-10-05,70,Distributor,USD,NXH382,59,4,12,5775.4,69304.8,4273.8
SO - 0001178,2014-10-05,50,Distributor,USD,GUT930,33,20,11,3852.5,42377.5,2812.33
SO - 0001179,2014-10-05,28,Distributor,USD,AXW291,27,27,12,1045.2,12542.4,585.31
SO - 0001180,2014-10-05,22,Export,USD,FLR025,62,25,5,864.3,4321.5,535.87
SO - 0001181,2014-10-05,162,Distributor,USD,AXW291,17,27,6,2559.4,15356.4,2124.3
SO - 0001182,2014-10-06,20,Wholesale,USD,GUT930,37,4,10,1922.9,19229,999.91
SO - 0001183,2014-10-06,127,Distributor,USD,AXW291,3,9,8,3979.8,31838.4,2865.46
SO - 0001184,2014-10-06,88,Wholesale,USD,NXH382,54,23,12,917.9,11014.8,706.78
SO - 0001185,2014-10-06,136,Export,USD,GUT930,32,6,7,3671.6,25701.2,1652.22
SO - 0001186,2014-10-06,150,Export,USD,GUT930,37,27,10,1018.4,10184,651.78
SO - 0001187,2014-10-07,154,Distributor,USD,AXW291,25,27,12,1051.9,12622.8,831
SO - 0001188,2014-10-07,34,Wholesale,USD,AXW291,10,26,6,1025.1,6150.6,789.33
SO - 0001189,2014-10-07,95,Wholesale,USD,NXH382,49,26,8,194.3,1554.4,83.55
SO - 0001190,2014-10-07,54,Export,USD,AXW291,15,5,8,3993.2,31945.6,1836.87
SO - 0001191,2014-10-07,93,Distributor,USD,AXW291,14,26,9,5567.7,50109.3,4175.78
SO - 0001192,2014-10-07,86,Distributor,USD,AXW291,22,3,6,1065.3,6391.8,500.69
SO - 0001193,2014-10-07,24,Wholesale,USD,AXW291,28,25,6,1072,6432,911.2
SO - 0001194,2014-10-07,50,Wholesale,USD,NXH382,49,23,6,214.4,1286.4,154.37
SO - 0001195,2014-10-08,93,Wholesale,USD,AXW291,8,26,6,5112.1,30672.6,2913.9
SO - 0001196,2014-10-08,161,Export,USD,AXW291,29,14,11,904.5,9949.5,615.06
SO - 0001197,2014-10-08,143,Export,USD,NXH382,55,26,8,2324.9,18599.2,1952.92
SO - 0001198,2014-10-08,104,Wholesale,USD,GUT930,38,4,6,3993.2,23959.2,3314.36
SO - 0001199,2014-10-08,139,Wholesale,USD,NXH382,51,15,6,1025.1,6150.6,594.56
SO - 0001200,2014-10-08,139,Wholesale,USD,AXW291,20,13,12,1306.5,15678,888.42
SO - 0001201,2014-10-08,78,Wholesale,USD,AXW291,5,17,6,254.6,1527.6,101.84
SO - 0001202,2014-10-08,38,Distributor,USD,GUT930,42,1,9,1896.1,17064.9,1573.76
SO - 0001203,2014-10-09,121,Distributor,USD,GUT930,34,12,7,1058.6,7410.2,571.64
SO - 0001204,2014-10-09,11,Wholesale,USD,GUT930,46,23,5,4020,20100,2130.6
SO - 0001205,2014-10-09,174,Wholesale,USD,AXW291,24,2,10,2003.3,20033,861.42
SO - 0001206,2014-10-09,133,Wholesale,USD,GUT930,42,6,9,5165.7,46491.3,4029.25
SO - 0001207,2014-10-09,123,Wholesale,USD,AXW291,11,2,8,5145.6,41164.8,3601.92
SO - 0001208,2014-10-09,64,Distributor,USD,FLR025,60,25,5,1936.3,9681.5,1277.96
SO - 0001209,2014-10-10,61,Wholesale,USD,AXW291,25,5,12,174.2,2090.4,114.97
SO - 0001210,2014-10-10,31,Wholesale,USD,NXH382,54,25,10,1728.6,17286,1071.73
SO - 0001211,2014-10-10,49,Distributor,USD,AXW291,11,29,7,1809,12663,1121.58
SO - 0001212,2014-10-10,67,Distributor,USD,GUT930,33,25,7,3517.5,24622.5,2673.3
SO - 0001213,2014-10-10,48,Distributor,USD,AXW291,3,15,12,2659.9,31918.8,2154.52
SO - 0001214,2014-10-10,124,Wholesale,USD,NXH382,50,20,7,2351.7,16461.9,1716.74
SO - 0001215,2014-10-11,4,Wholesale,USD,NXH382,56,8,6,180.9,1085.4,94.07
SO - 0001216,2014-10-11,72,Distributor,USD,AXW291,20,2,8,1118.9,8951.2,581.83
SO - 0001217,2014-10-11,125,Wholesale,USD,AXW291,28,12,6,2010,12060,1185.9
SO - 0001218,2014-10-11,16,Distributor,USD,GUT930,34,6,8,1206,9648,795.96
SO - 0001219,2014-10-11,6,Wholesale,USD,AXW291,1,14,5,180.9,904.5,130.25
SO - 0001220,2014-10-12,30,Wholesale,USD,GUT930,44,11,7,3886,27202,2059.58
SO - 0001221,2014-10-12,52,Distributor,USD,FLR025,65,19,8,6505.7,52045.6,4293.76
SO - 0001222,2014-10-12,175,Export,USD,AXW291,7,14,6,1051.9,6311.4,820.48
SO - 0001223,2014-10-12,103,Wholesale,USD,NXH382,52,25,9,1092.1,9828.9,524.21
SO - 0001224,2014-10-12,159,Wholesale,USD,AXW291,3,14,8,2492.4,19939.2,1370.82
SO - 0001225,2014-10-12,17,Wholesale,USD,FLR025,64,14,12,3892.7,46712.4,1868.5
SO - 0001226,2014-10-13,134,Wholesale,USD,FLR025,66,18,7,2505.8,17540.6,2079.81
SO - 0001227,2014-10-13,2,Wholesale,USD,GUT930,46,20,11,824.1,9065.1,395.57
SO - 0001228,2014-10-13,126,Distributor,USD,GUT930,46,30,10,690.1,6901,441.66
SO - 0001229,2014-10-13,117,Distributor,USD,AXW291,12,1,8,2365.1,18920.8,1206.2
SO - 0001230,2014-10-13,56,Distributor,USD,AXW291,12,16,10,1072,10720,460.96
SO - 0001231,2014-10-13,144,Distributor,USD,FLR025,64,2,6,1065.3,6391.8,468.73
SO - 0001232,2014-10-13,20,Wholesale,USD,GUT930,46,18,5,2586.2,12931,1396.55
SO - 0001233,2014-10-14,48,Wholesale,USD,NXH382,59,4,12,207.7,2492.4,151.62
SO - 0001234,2014-10-14,70,Wholesale,USD,AXW291,9,15,8,4006.6,32052.8,2283.76
SO - 0001235,2014-10-14,21,Export,USD,AXW291,10,14,5,2331.6,11658,1095.85
SO - 0001236,2014-10-14,149,Export,USD,AXW291,18,30,11,1018.4,11202.4,600.86
SO - 0001237,2014-10-14,77,Wholesale,USD,AXW291,3,17,11,5628,61908,4108.44
SO - 0001238,2014-10-14,1,Wholesale,USD,AXW291,22,24,10,2546,25460,1782.2
SO - 0001239,2014-10-14,39,Wholesale,USD,FLR025,60,8,7,857.6,6003.2,668.93
SO - 0001240,2014-10-15,4,Distributor,USD,AXW291,16,26,5,3906.1,19530.5,1757.75
SO - 0001241,2014-10-15,123,Wholesale,USD,NXH382,47,26,5,1005,5025,783.9
SO - 0001242,2014-10-15,17,Wholesale,USD,NXH382,55,11,12,844.2,10130.4,388.33
SO - 0001243,2014-10-15,100,Wholesale,USD,AXW291,6,26,9,1031.8,9286.2,515.9
SO - 0001244,2014-10-16,68,Wholesale,USD,NXH382,55,15,12,924.6,11095.2,591.74
SO - 0001245,2014-10-16,110,Export,USD,NXH382,54,5,8,1072,8576,825.44
SO - 0001246,2014-10-16,94,Distributor,USD,AXW291,14,26,11,261.3,2874.3,172.46
SO - 0001247,2014-10-16,151,Distributor,USD,AXW291,7,15,8,1065.3,8522.4,894.85
SO - 0001248,2014-10-16,162,Distributor,USD,GUT930,42,29,10,1929.6,19296,1254.24
SO - 0001249,2014-10-16,12,Export,USD,AXW291,5,1,10,5460.5,54605,3494.72
SO - 0001250,2014-10-16,57,Export,USD,GUT930,42,29,11,1815.7,19972.7,1180.21
SO - 0001251,2014-10-16,74,Distributor,USD,AXW291,31,26,12,944.7,11336.4,387.33
SO - 0001252,2014-10-16,120,Wholesale,USD,FLR025,63,8,7,850.9,5956.3,553.09
SO - 0001253,2014-10-16,120,Wholesale,USD,AXW291,13,5,6,207.7,1246.2,174.47
SO - 0001254,2014-10-16,5,Distributor,USD,AXW291,20,14,12,1916.2,22994.4,823.97
SO - 0001255,2014-10-17,156,Distributor,USD,GUT930,41,20,8,1889.4,15115.2,963.59
SO - 0001256,2014-10-17,149,Wholesale,USD,AXW291,17,8,12,241.2,2894.4,185.72
SO - 0001257,2014-10-17,128,Distributor,USD,AXW291,21,28,11,6016.6,66182.6,4392.12
SO - 0001258,2014-10-17,82,Distributor,USD,AXW291,7,4,6,1072,6432,621.76
SO - 0001259,2014-10-17,10,Distributor,USD,AXW291,1,19,8,3825.7,30605.6,2601.48
SO - 0001260,2014-10-18,17,Wholesale,USD,FLR025,64,2,12,2814,33768,2166.78
SO - 0001261,2014-10-18,6,Wholesale,USD,NXH382,49,26,7,2619.7,18337.9,1807.59
SO - 0001262,2014-10-18,127,Export,USD,AXW291,29,2,10,1118.9,11189,525.88
SO - 0001263,2014-10-18,7,Wholesale,USD,AXW291,31,15,12,1072,12864,514.56
SO - 0001264,2014-10-18,20,Wholesale,USD,AXW291,31,14,7,3946.3,27624.1,1617.98
SO - 0001265,2014-10-18,50,Wholesale,USD,NXH382,57,3,9,241.2,2170.8,166.43
SO - 0001266,2014-10-19,51,Distributor,USD,AXW291,28,3,10,241.2,2412,156.78
SO - 0001267,2014-10-19,118,Export,USD,NXH382,47,13,6,1005,6030,854.25
SO - 0001268,2014-10-19,88,Export,USD,AXW291,25,2,12,234.5,2814,178.22
SO - 0001269,2014-10-19,94,Wholesale,USD,AXW291,26,28,6,904.5,5427,741.69
SO - 0001270,2014-10-19,95,Wholesale,USD,AXW291,16,30,12,1085.4,13024.8,477.58
SO - 0001271,2014-10-19,22,Distributor,USD,AXW291,16,17,11,1018.4,11202.4,600.86
SO - 0001272,2014-10-19,138,Distributor,USD,AXW291,5,1,6,261.3,1567.8,180.3
SO - 0001273,2014-10-19,175,Distributor,USD,NXH382,53,18,7,3939.6,27577.2,2166.78
SO - 0001274,2014-10-19,78,Distributor,USD,NXH382,55,24,8,6117.1,48936.8,3364.41
SO - 0001275,2014-10-19,142,Wholesale,USD,AXW291,22,13,11,1775.5,19530.5,1207.34
SO - 0001276,2014-10-19,140,Distributor,USD,AXW291,28,16,5,1005,5025,683.4
SO - 0001277,2014-10-20,3,Distributor,USD,FLR025,66,4,5,1159.1,5795.5,985.24
SO - 0001278,2014-10-20,89,Distributor,USD,GUT930,47,20,8,241.2,1929.6,200.2
SO - 0001279,2014-10-20,92,Wholesale,USD,GUT930,33,5,9,5936.2,53425.8,3264.91
SO - 0001280,2014-10-20,36,Distributor,USD,NXH382,56,17,7,931.3,6519.1,391.15
SO - 0001281,2014-10-20,64,Distributor,USD,AXW291,23,26,9,1299.8,11698.2,623.9
SO - 0001282,2014-10-20,171,Export,USD,AXW291,11,16,6,5373.4,32240.4,2364.3
SO - 0001283,2014-10-20,146,Wholesale,USD,FLR025,60,28,10,2224.4,22244,1801.76
SO - 0001284,2014-10-21,68,Distributor,USD,GUT930,34,13,5,2673.3,13366.5,1684.18
SO - 0001285,2014-10-21,131,Distributor,USD,NXH382,53,18,11,3999.9,43998.9,2559.94
SO - 0001286,2014-10-21,52,Wholesale,USD,GUT930,41,3,5,3845.8,19229,3268.93
SO - 0001287,2014-10-21,125,Wholesale,USD,AXW291,23,24,11,2311.5,25426.5,1433.13
SO - 0001288,2014-10-21,84,Distributor,USD,FLR025,64,22,6,1112.2,6673.2,444.88
SO - 0001289,2014-10-21,100,Export,USD,AXW291,25,26,9,1031.8,9286.2,588.13
SO - 0001290,2014-10-21,143,Distributor,USD,AXW291,21,25,9,891.1,8019.9,650.5
SO - 0001291,2014-10-21,77,Wholesale,USD,AXW291,15,20,5,6103.7,30518.5,4394.66
SO - 0001292,2014-10-22,123,Wholesale,USD,NXH382,52,7,10,5547.6,55476,3217.61
SO - 0001293,2014-10-22,168,Wholesale,USD,NXH382,59,14,8,683.4,5467.2,396.37
SO - 0001294,2014-10-22,128,Wholesale,USD,AXW291,8,17,8,5058.5,40468,2782.18
SO - 0001295,2014-10-22,127,Wholesale,USD,FLR025,60,2,12,2485.7,29828.4,1217.99
SO - 0001296,2014-10-22,169,Wholesale,USD,GUT930,42,3,6,6056.8,36340.8,2907.26
SO - 0001297,2014-10-22,1,Distributor,USD,NXH382,59,27,5,3819,19095,2367.78
SO - 0001298,2014-10-22,52,Distributor,USD,NXH382,50,6,12,951.4,11416.8,437.64
SO - 0001299,2014-10-22,24,Distributor,USD,AXW291,22,26,9,1172.5,10552.5,926.28
SO - 0001300,2014-10-22,118,Wholesale,USD,GUT930,36,17,7,2586.2,18103.4,1396.55
SO - 0001301,2014-10-23,56,Export,USD,NXH382,55,5,6,234.5,1407,194.64
SO - 0001302,2014-10-23,48,Distributor,USD,AXW291,11,26,9,1192.6,10733.4,632.08
SO - 0001303,2014-10-23,121,Wholesale,USD,NXH382,53,5,10,3249.5,32495,2697.09
SO - 0001304,2014-10-23,142,Distributor,USD,AXW291,29,10,11,5607.9,61686.9,3757.29
SO - 0001305,2014-10-23,134,Export,USD,GUT930,36,2,8,1098.8,8790.4,868.05
SO - 0001306,2014-10-23,111,Distributor,USD,AXW291,5,14,9,1936.3,17426.7,1394.14
SO - 0001307,2014-10-23,137,Export,USD,AXW291,4,11,12,6371.7,76460.4,4460.19
SO - 0001308,2014-10-23,47,Distributor,USD,NXH382,56,18,8,897.8,7182.4,736.2
SO - 0001309,2014-10-23,84,Distributor,USD,FLR025,65,13,12,837.5,10050,586.25
SO - 0001310,2014-10-23,91,Wholesale,USD,AXW291,2,26,7,737,5159,626.45
SO - 0001311,2014-10-24,53,Wholesale,USD,GUT930,44,23,6,180.9,1085.4,146.53
SO - 0001312,2014-10-24,73,Wholesale,USD,FLR025,63,2,9,3463.9,31175.1,1662.67
SO - 0001313,2014-10-24,25,Wholesale,USD,AXW291,8,12,9,180.9,1628.1,85.02
SO - 0001314,2014-10-24,77,Wholesale,USD,AXW291,26,13,7,971.5,6800.5,777.2
SO - 0001315,2014-10-25,8,Export,USD,GUT930,33,17,7,2472.3,17306.1,1310.32
SO - 0001316,2014-10-25,166,Wholesale,USD,FLR025,60,6,9,2385.2,21466.8,1025.64
SO - 0001317,2014-10-25,90,Wholesale,USD,AXW291,12,26,11,227.8,2505.8,150.35
SO - 0001318,2014-10-25,125,Wholesale,USD,NXH382,55,14,8,1983.2,15865.6,1487.4
SO - 0001319,2014-10-25,60,Wholesale,USD,GUT930,44,8,6,3973.1,23838.6,2423.59
SO - 0001320,2014-10-25,165,Wholesale,USD,AXW291,15,26,10,3926.2,39262,2120.15
SO - 0001321,2014-10-25,26,Wholesale,USD,AXW291,4,21,6,2412,14472,2001.96
SO - 0001322,2014-10-25,36,Wholesale,USD,FLR025,61,26,12,207.7,2492.4,137.08
SO - 0001323,2014-10-25,164,Distributor,USD,GUT930,33,15,9,3155.7,28401.3,1924.98
SO - 0001324,2014-10-26,35,Wholesale,USD,GUT930,45,10,9,991.6,8924.4,475.97
SO - 0001325,2014-10-26,81,Distributor,USD,AXW291,5,25,12,1185.9,14230.8,913.14
SO - 0001326,2014-10-26,41,Distributor,USD,AXW291,1,2,12,201,2412,152.76
SO - 0001327,2014-10-26,28,Wholesale,USD,FLR025,64,3,10,1159.1,11591,834.55
SO - 0001328,2014-10-26,144,Distributor,USD,AXW291,14,21,11,2653.2,29185.2,1247
SO - 0001329,2014-10-26,170,Wholesale,USD,NXH382,59,5,5,3932.9,19664.5,1691.15
SO - 0001330,2014-10-26,144,Wholesale,USD,AXW291,30,13,11,2680,29480,2010
SO - 0001331,2014-10-26,51,Wholesale,USD,AXW291,12,25,8,2385.2,19081.6,1836.6
SO - 0001332,2014-10-26,5,Distributor,USD,AXW291,19,5,11,1949.7,21446.7,1559.76
SO - 0001333,2014-10-26,144,Wholesale,USD,NXH382,50,11,6,1139,6834,489.77
SO - 0001334,2014-10-26,19,Distributor,USD,NXH382,57,8,10,2646.5,26465,1561.44
SO - 0001335,2014-10-27,35,Wholesale,USD,AXW291,17,15,7,221.1,1547.7,185.72
SO - 0001336,2014-10-27,44,Wholesale,USD,AXW291,23,28,6,1025.1,6150.6,574.06
SO - 0001337,2014-10-27,93,Wholesale,USD,NXH382,58,20,6,268,1608,125.96
SO - 0001338,2014-10-27,13,Wholesale,USD,NXH382,57,25,6,1098.8,6592.8,912
SO - 0001339,2014-10-27,46,Wholesale,USD,AXW291,28,14,6,2653.2,15919.2,1538.86
SO - 0001340,2014-10-27,80,Distributor,USD,GUT930,40,11,5,2237.8,11189,1297.92
SO - 0001341,2014-10-28,6,Distributor,USD,AXW291,13,26,9,1922.9,17306.1,884.53
SO - 0001342,2014-10-28,86,Distributor,USD,FLR025,63,17,9,5380.1,48420.9,4304.08
SO - 0001343,2014-10-28,82,Wholesale,USD,AXW291,18,11,12,1078.7,12944.4,528.56
SO - 0001344,2014-10-28,123,Wholesale,USD,AXW291,2,16,5,2271.3,11356.5,1294.64
SO - 0001345,2014-10-28,163,Wholesale,USD,AXW291,22,1,9,5473.9,49265.1,2846.43
SO - 0001346,2014-10-28,22,Distributor,USD,GUT930,40,26,5,2371.8,11859,1541.67
SO - 0001347,2014-10-28,147,Export,USD,AXW291,26,14,11,877.7,9654.7,465.18
SO - 0001348,2014-10-28,2,Wholesale,USD,GUT930,43,16,8,1688.4,13507.2,759.78
SO - 0001349,2014-10-28,1,Wholesale,USD,NXH382,49,4,7,1246.2,8723.4,710.33
SO - 0001350,2014-10-29,33,Export,USD,NXH382,47,5,8,187.6,1500.8,121.94
SO - 0001351,2014-10-29,10,Distributor,USD,AXW291,13,18,6,1018.4,6110.4,712.88
SO - 0001352,2014-10-29,70,Wholesale,USD,AXW291,4,2,11,1721.9,18940.9,792.07
SO - 0001353,2014-10-29,173,Distributor,USD,AXW291,17,30,6,3082,18492,1541
SO - 0001354,2014-10-29,7,Wholesale,USD,AXW291,14,26,5,2010,10050,1346.7
SO - 0001355,2014-10-30,60,Wholesale,USD,FLR025,65,26,6,3946.3,23677.8,3314.89
SO - 0001356,2014-10-30,42,Wholesale,USD,AXW291,12,26,9,2633.1,23697.9,1132.23
SO - 0001357,2014-10-30,102,Distributor,USD,GUT930,44,27,7,2894.4,20260.8,1389.31
SO - 0001358,2014-10-30,26,Wholesale,USD,FLR025,60,13,8,871,6968,600.99
SO - 0001359,2014-10-30,110,Distributor,USD,AXW291,18,25,11,1118.9,12307.9,548.26
SO - 0001360,2014-10-30,146,Wholesale,USD,AXW291,17,13,11,3048.5,33533.5,1768.13
SO - 0001361,2014-10-30,125,Wholesale,USD,NXH382,51,14,8,3276.3,26210.4,1539.86
SO - 0001362,2014-10-30,48,Wholesale,USD,NXH382,51,25,12,1132.3,13587.6,520.86
SO - 0001363,2014-10-30,160,Export,USD,AXW291,26,25,10,964.8,9648,762.19
SO - 0001364,2014-10-30,38,Distributor,USD,AXW291,11,18,6,268,1608,155.44
SO - 0001365,2014-10-30,12,Wholesale,USD,GUT930,38,13,8,978.2,7825.6,665.18
SO - 0001366,2014-10-30,166,Export,USD,AXW291,8,3,8,3872.6,30980.8,2672.09
SO - 0001367,2014-10-31,164,Distributor,USD,AXW291,18,20,6,2954.7,17728.2,2511.5
SO - 0001368,2014-10-31,47,Wholesale,USD,NXH382,57,3,12,2418.7,29024.4,1330.29
SO - 0001369,2014-10-31,145,Wholesale,USD,GUT930,45,1,7,2217.7,15523.9,953.61
SO - 0001370,2014-10-31,28,Distributor,USD,AXW291,31,9,11,3564.4,39208.4,2495.08
SO - 0001371,2014-11-01,6,Wholesale,USD,GUT930,38,17,7,1835.8,12850.6,1468.64
SO - 0001372,2014-11-01,3,Export,USD,AXW291,16,12,11,2626.4,28890.4,2153.65
SO - 0001373,2014-11-01,127,Distributor,USD,AXW291,2,20,12,2532.6,30391.2,1848.8
SO - 0001374,2014-11-01,56,Wholesale,USD,AXW291,17,16,7,2391.9,16743.3,1770.01
SO - 0001375,2014-11-01,53,Wholesale,USD,FLR025,63,8,7,817.4,5721.8,621.22
SO - 0001376,2014-11-01,40,Wholesale,USD,AXW291,4,5,12,3939.6,47275.2,1575.84
SO - 0001377,2014-11-01,46,Wholesale,USD,NXH382,57,14,6,3182.5,19095,1686.73
SO - 0001378,2014-11-01,77,Wholesale,USD,AXW291,6,14,11,1728.6,19014.6,1279.16
SO - 0001379,2014-11-01,174,Wholesale,USD,NXH382,48,13,7,2680,18760,2170.8
SO - 0001380,2014-11-01,41,Export,USD,AXW291,18,29,12,991.6,11899.2,654.46
SO - 0001381,2014-11-01,46,Distributor,USD,FLR025,61,12,10,254.6,2546,124.75
SO - 0001382,2014-11-01,109,Distributor,USD,AXW291,4,13,6,3899.4,23396.4,2417.63
SO - 0001383,2014-11-02,23,Distributor,USD,GUT930,40,29,6,3966.4,23798.4,2736.82
SO - 0001384,2014-11-02,1,Wholesale,USD,GUT930,33,9,11,1299.8,14297.8,1039.84
SO - 0001385,2014-11-02,110,Wholesale,USD,NXH382,58,7,9,3805.6,34250.4,3158.65
SO - 0001386,2014-11-02,129,Distributor,USD,AXW291,30,6,10,1045.2,10452,637.57
SO - 0001387,2014-11-02,75,Wholesale,USD,NXH382,55,20,11,3021.7,33238.7,1450.42
SO - 0001388,2014-11-02,85,Wholesale,USD,NXH382,55,15,10,261.3,2613,216.88
SO - 0001389,2014-11-02,60,Distributor,USD,AXW291,5,26,10,6505.7,65057,4944.33
SO - 0001390,2014-11-02,65,Wholesale,USD,GUT930,39,14,5,1835.8,9179,789.39
SO - 0001391,2014-11-02,71,Wholesale,USD,GUT930,34,17,10,3912.8,39128,1995.53
SO - 0001392,2014-11-02,28,Export,USD,NXH382,53,10,9,2505.8,22552.2,1303.02
SO - 0001393,2014-11-02,133,Wholesale,USD,AXW291,29,4,11,857.6,9433.6,548.86
SO - 0001394,2014-11-02,10,Wholesale,USD,FLR025,65,2,5,964.8,4824,762.19
SO - 0001395,2014-11-02,139,Wholesale,USD,AXW291,10,25,7,5695,39865,2334.95
SO - 0001396,2014-11-03,156,Wholesale,USD,GUT930,45,14,9,1005,9045,753.75
SO - 0001397,2014-11-03,16,Distributor,USD,GUT930,46,14,5,2338.3,11691.5,1800.49
SO - 0001398,2014-11-03,123,Wholesale,USD,NXH382,49,12,12,1011.7,12140.4,435.03
SO - 0001399,2014-11-03,31,Distributor,USD,GUT930,33,2,12,857.6,10291.2,557.44
SO - 0001400,2014-11-03,1,Distributor,USD,FLR025,66,28,8,221.1,1768.8,183.51
SO - 0001401,2014-11-03,34,Wholesale,USD,NXH382,57,17,9,1715.2,15436.8,943.36
SO - 0001402,2014-11-03,54,Wholesale,USD,AXW291,12,7,6,2264.6,13587.6,1494.64
SO - 0001403,2014-11-03,154,Distributor,USD,GUT930,44,14,10,1005,10050,452.25
SO - 0001404,2014-11-04,106,Distributor,USD,AXW291,19,11,9,3812.3,34310.7,2211.13
SO - 0001405,2014-11-04,100,Wholesale,USD,NXH382,58,25,9,944.7,8502.3,661.29
SO - 0001406,2014-11-04,160,Wholesale,USD,NXH382,49,21,11,1206,13266,916.56
SO - 0001407,2014-11-04,16,Wholesale,USD,AXW291,27,26,10,3865.9,38659,1816.97
SO - 0001408,2014-11-04,25,Export,USD,AXW291,7,5,11,3892.7,42819.7,2452.4
SO - 0001409,2014-11-04,115,Distributor,USD,GUT930,41,3,8,167.5,1340,142.38
SO - 0001410,2014-11-04,139,Distributor,USD,AXW291,8,14,7,180.9,1266.3,85.02
SO - 0001411,2014-11-04,51,Distributor,USD,GUT930,45,3,10,1815.7,18157,835.22
SO - 0001412,2014-11-04,49,Distributor,USD,AXW291,21,4,10,261.3,2613,143.72
SO - 0001413,2014-11-04,55,Export,USD,AXW291,6,15,7,1125.6,7879.2,619.08
SO - 0001414,2014-11-05,162,Wholesale,USD,GUT930,42,25,11,1092.1,12013.1,797.23
SO - 0001415,2014-11-05,151,Distributor,USD,GUT930,37,20,11,3953,43483,3241.46
SO - 0001416,2014-11-05,161,Export,USD,GUT930,39,25,6,5205.9,31235.4,4372.96
SO - 0001417,2014-11-05,104,Export,USD,NXH382,56,2,12,2666.6,31999.2,2213.28
SO - 0001418,2014-11-05,121,Export,USD,FLR025,62,5,6,5942.9,35657.4,4576.03
SO - 0001419,2014-11-05,171,Wholesale,USD,AXW291,14,17,9,2412,21708,1181.88
SO - 0001420,2014-11-05,102,Wholesale,USD,AXW291,10,30,11,1098.8,12086.8,813.11
SO - 0001421,2014-11-06,138,Distributor,USD,NXH382,48,25,7,1132.3,7926.1,905.84
SO - 0001422,2014-11-06,142,Wholesale,USD,NXH382,54,4,12,3604.6,43255.2,1838.35
SO - 0001423,2014-11-06,136,Wholesale,USD,AXW291,22,18,5,1025.1,5125.5,563.81
SO - 0001424,2014-11-07,167,Distributor,USD,NXH382,57,19,7,1688.4,11818.8,844.2
SO - 0001425,2014-11-07,113,Wholesale,USD,NXH382,52,26,6,4020,24120,3417
SO - 0001426,2014-11-07,101,Wholesale,USD,AXW291,26,15,10,6157.3,61573,4186.96
SO - 0001427,2014-11-07,124,Wholesale,USD,GUT930,39,15,8,2499.1,19992.8,1399.5
SO - 0001428,2014-11-07,126,Wholesale,USD,AXW291,25,13,11,2512.5,27637.5,2060.25
SO - 0001429,2014-11-07,162,Distributor,USD,GUT930,35,15,8,1179.2,9433.6,978.74
SO - 0001430,2014-11-07,49,Wholesale,USD,GUT930,32,25,8,221.1,1768.8,181.3
SO - 0001431,2014-11-08,37,Distributor,USD,GUT930,39,26,6,1018.4,6110.4,488.83
SO - 0001432,2014-11-08,111,Distributor,USD,NXH382,52,18,12,1098.8,13185.6,736.2
SO - 0001433,2014-11-08,26,Wholesale,USD,AXW291,22,28,11,2458.9,27047.9,1819.59
SO - 0001434,2014-11-08,162,Wholesale,USD,AXW291,18,4,12,1018.4,12220.8,539.75
SO - 0001435,2014-11-08,101,Wholesale,USD,NXH382,58,26,5,2244.5,11222.5,1054.92
SO - 0001436,2014-11-08,154,Distributor,USD,AXW291,18,27,7,877.7,6143.9,649.5
SO - 0001437,2014-11-08,108,Distributor,USD,AXW291,11,13,10,3999.9,39999,2039.95
SO - 0001438,2014-11-08,32,Wholesale,USD,AXW291,11,29,6,3966.4,23798.4,1784.88
SO - 0001439,2014-11-08,20,Distributor,USD,AXW291,16,13,11,2633.1,28964.1,2080.15
SO - 0001440,2014-11-08,107,Wholesale,USD,AXW291,12,20,12,1882.7,22592.4,960.18
SO - 0001441,2014-11-08,116,Wholesale,USD,GUT930,35,17,11,2720.2,29922.2,1251.29
SO - 0001442,2014-11-08,103,Export,USD,FLR025,64,13,7,5902.7,41318.9,3541.62
SO - 0001443,2014-11-09,90,Distributor,USD,AXW291,27,15,5,1058.6,5293,455.2
SO - 0001444,2014-11-09,139,Distributor,USD,AXW291,20,24,11,1085.4,11939.4,596.97
SO - 0001445,2014-11-09,33,Wholesale,USD,GUT930,45,20,6,2264.6,13587.6,973.78
SO - 0001446,2014-11-09,1,Export,USD,AXW291,16,15,9,810.7,7296.3,486.42
SO - 0001447,2014-11-09,90,Wholesale,USD,GUT930,46,1,10,3932.9,39329,1612.49
SO - 0001448,2014-11-09,52,Wholesale,USD,AXW291,22,19,8,4020,32160,3015
SO - 0001449,2014-11-09,74,Wholesale,USD,AXW291,4,26,6,6532.5,39195,5487.3
SO - 0001450,2014-11-09,55,Wholesale,USD,FLR025,63,11,9,750.4,6753.6,405.22
SO - 0001451,2014-11-09,136,Wholesale,USD,AXW291,19,14,8,1943,15544,777.2
SO - 0001452,2014-11-09,35,Distributor,USD,GUT930,45,26,11,1038.5,11423.5,591.95
SO - 0001453,2014-11-10,164,Wholesale,USD,FLR025,66,15,9,3906.1,35154.9,2929.58
SO - 0001454,2014-11-10,67,Export,USD,AXW291,26,14,7,777.2,5440.4,411.92
SO - 0001455,2014-11-10,4,Wholesale,USD,AXW291,25,5,6,2519.2,15115.2,1032.87
SO - 0001456,2014-11-10,66,Wholesale,USD,AXW291,31,16,10,3932.9,39329,2713.7
SO - 0001457,2014-11-10,157,Export,USD,NXH382,48,6,6,1293.1,7758.6,685.34
SO - 0001458,2014-11-10,43,Wholesale,USD,AXW291,17,15,9,1011.7,9105.3,435.03
SO - 0001459,2014-11-10,77,Distributor,USD,NXH382,58,24,5,187.6,938,150.08
SO - 0001460,2014-11-10,60,Wholesale,USD,NXH382,52,2,11,2525.9,27784.9,1843.91
SO - 0001461,2014-11-11,106,Wholesale,USD,AXW291,31,16,12,5199.2,62390.4,2859.56
SO - 0001462,2014-11-11,102,Distributor,USD,AXW291,9,14,5,5038.4,25192,2720.74
SO - 0001463,2014-11-11,55,Distributor,USD,AXW291,14,15,6,1051.9,6311.4,620.62
SO - 0001464,2014-11-11,53,Wholesale,USD,AXW291,17,6,5,1681.7,8408.5,1194.01
SO - 0001465,2014-11-11,41,Wholesale,USD,FLR025,66,19,10,1829.1,18291,786.51
SO - 0001466,2014-11-11,72,Wholesale,USD,AXW291,2,11,10,1172.5,11725,715.23
SO - 0001467,2014-11-11,160,Distributor,USD,AXW291,22,19,10,6358.3,63583,2543.32
SO - 0001468,2014-11-11,87,Distributor,USD,NXH382,47,25,11,984.9,10833.9,787.92
SO - 0001469,2014-11-11,154,Wholesale,USD,AXW291,19,11,8,2532.6,20260.8,1899.45
SO - 0001470,2014-11-11,4,Distributor,USD,AXW291,21,6,9,958.1,8622.9,785.64
SO - 0001471,2014-11-11,114,Wholesale,USD,AXW291,10,3,5,3906.1,19530.5,2304.6
SO - 0001472,2014-11-11,137,Distributor,USD,AXW291,22,25,11,2666.6,29332.6,1893.29
SO - 0001473,2014-11-12,139,Distributor,USD,GUT930,32,13,7,2747,19229,1785.55
SO - 0001474,2014-11-12,40,Export,USD,FLR025,62,17,7,1058.6,7410.2,529.3
SO - 0001475,2014-11-12,78,Wholesale,USD,AXW291,3,6,8,1306.5,10452,940.68
SO - 0001476,2014-11-12,78,Export,USD,NXH382,51,13,5,2572.8,12864,1543.68
SO - 0001477,2014-11-12,161,Export,USD,AXW291,5,26,11,1125.6,12381.6,787.92
SO - 0001478,2014-11-12,133,Wholesale,USD,GUT930,42,11,7,911.2,6378.4,692.51
SO - 0001479,2014-11-12,67,Distributor,USD,GUT930,46,5,6,1092.1,6552.6,688.02
SO - 0001480,2014-11-12,52,Export,USD,NXH382,52,2,12,1916.2,22994.4,1417.99
SO - 0001481,2014-11-12,113,Distributor,USD,AXW291,27,9,5,5252.8,26264,4044.66
SO - 0001482,2014-11-12,2,Wholesale,USD,NXH382,51,27,6,180.9,1085.4,121.2
SO - 0001483,2014-11-13,105,Distributor,USD,AXW291,12,1,8,3892.7,31141.6,2763.82
SO - 0001484,2014-11-13,172,Wholesale,USD,FLR025,62,26,9,247.9,2231.1,180.97
SO - 0001485,2014-11-13,145,Wholesale,USD,AXW291,22,5,11,3658.2,40240.2,2707.07
SO - 0001486,2014-11-13,171,Distributor,USD,AXW291,5,5,7,6512.4,45586.8,3712.07
SO - 0001487,2014-11-13,74,Distributor,USD,AXW291,20,18,12,1031.8,12381.6,815.12
SO - 0001488,2014-11-13,103,Wholesale,USD,GUT930,43,5,12,1862.6,22351.2,1527.33
SO - 0001489,2014-11-13,9,Distributor,USD,AXW291,11,18,9,2365.1,21285.9,1206.2
SO - 0001490,2014-11-14,81,Wholesale,USD,NXH382,58,15,8,241.2,1929.6,190.55
SO - 0001491,2014-11-14,134,Export,USD,AXW291,11,6,7,1005,7035,693.45
SO - 0001492,2014-11-14,75,Distributor,USD,AXW291,29,3,7,1112.2,7785.4,500.49
SO - 0001493,2014-11-14,26,Distributor,USD,FLR025,62,20,11,1045.2,11497.2,522.6
SO - 0001494,2014-11-14,91,Wholesale,USD,GUT930,31,4,12,234.5,2814,136.01
SO - 0001495,2014-11-14,134,Distributor,USD,FLR025,66,4,11,2231.1,24542.1,1695.64
SO - 0001496,2014-11-14,30,Export,USD,AXW291,29,1,12,4013.3,48159.6,2729.04
SO - 0001497,2014-11-14,171,Wholesale,USD,NXH382,51,4,6,1735.3,10411.8,780.89
SO - 0001498,2014-11-15,30,Distributor,USD,NXH382,48,5,6,2003.3,12019.8,1522.51
SO - 0001499,2014-11-15,117,Wholesale,USD,AXW291,14,15,8,234.5,1876,171.19
SO - 0001500,2014-11-15,20,Wholesale,USD,AXW291,11,19,5,1842.5,9212.5,1308.18
SO - 0001501,2014-11-15,70,Distributor,USD,GUT930,44,23,7,1125.6,7879.2,697.87
SO - 0001502,2014-11-15,62,Wholesale,USD,FLR025,65,14,6,1721.9,10331.4,947.05
SO - 0001503,2014-11-15,173,Wholesale,USD,NXH382,52,11,12,1025.1,12301.2,584.31
SO - 0001504,2014-11-15,143,Wholesale,USD,GUT930,38,23,11,2519.2,27711.2,1184.02
SO - 0001505,2014-11-15,105,Distributor,USD,AXW291,26,30,10,2941.3,29413,2500.11
SO - 0001506,2014-11-15,22,Wholesale,USD,AXW291,19,14,5,1098.8,5494,527.42
SO - 0001507,2014-11-15,151,Distributor,USD,NXH382,51,5,12,5862.5,70350,2520.88
SO - 0001508,2014-11-15,154,Wholesale,USD,AXW291,16,25,8,3959.7,31677.6,2653
SO - 0001509,2014-11-16,95,Wholesale,USD,GUT930,47,4,7,2412,16884,1423.08
SO - 0001510,2014-11-16,18,Wholesale,USD,GUT930,41,4,9,951.4,8562.6,780.15
SO - 0001511,2014-11-16,130,Wholesale,USD,AXW291,13,18,11,3859.2,42451.2,3125.95
SO - 0001512,2014-11-16,12,Wholesale,USD,FLR025,64,5,12,1098.8,13185.6,560.39
SO - 0001513,2014-11-16,138,Wholesale,USD,NXH382,54,25,7,1165.8,8160.6,594.56
SO - 0001514,2014-11-17,33,Wholesale,USD,GUT930,44,14,12,6385.1,76621.2,3575.66
SO - 0001515,2014-11-17,40,Distributor,USD,AXW291,5,3,9,2525.9,22733.1,1237.69
SO - 0001516,2014-11-17,104,Wholesale,USD,AXW291,31,22,5,3236.1,16180.5,2329.99
SO - 0001517,2014-11-17,85,Distributor,USD,AXW291,7,25,5,3859.2,19296,1620.86
SO - 0001518,2014-11-17,90,Wholesale,USD,GUT930,44,12,5,207.7,1038.5,145.39
SO - 0001519,2014-11-17,45,Distributor,USD,NXH382,52,4,9,1956.4,17607.6,1076.02
SO - 0001520,2014-11-17,129,Distributor,USD,AXW291,31,21,9,2579.5,23215.5,1599.29
SO - 0001521,2014-11-17,111,Export,USD,AXW291,1,19,7,1065.3,7457.1,724.4
SO - 0001522,2014-11-17,111,Export,USD,GUT930,36,26,11,3872.6,42598.6,2710.82
SO - 0001523,2014-11-17,82,Distributor,USD,GUT930,41,25,5,6137.2,30686,4234.67
SO - 0001524,2014-11-18,111,Wholesale,USD,NXH382,57,5,9,951.4,8562.6,808.69
SO - 0001525,2014-11-18,105,Distributor,USD,AXW291,21,26,6,2438.8,14632.8,1999.82
SO - 0001526,2014-11-18,174,Export,USD,AXW291,19,25,6,1192.6,7155.6,667.86
SO - 0001527,2014-11-18,148,Distributor,USD,GUT930,41,3,7,6291.3,44039.1,4844.3
SO - 0001528,2014-11-18,68,Wholesale,USD,AXW291,25,2,6,2525.9,15155.4,1944.94
SO - 0001529,2014-11-19,159,Distributor,USD,GUT930,36,2,5,1313.2,6566,906.11
SO - 0001530,2014-11-19,108,Wholesale,USD,GUT930,43,6,5,871,4355,705.51
SO - 0001531,2014-11-19,109,Distributor,USD,GUT930,44,5,7,3953,27671,2174.15
SO - 0001532,2014-11-19,67,Wholesale,USD,AXW291,11,2,12,3973.1,47677.2,1708.43
SO - 0001533,2014-11-19,37,Wholesale,USD,GUT930,46,17,8,6298,50384,4534.56
SO - 0001534,2014-11-19,13,Distributor,USD,FLR025,63,15,6,877.7,5266.2,561.73
SO - 0001535,2014-11-19,69,Wholesale,USD,NXH382,51,9,6,844.2,5065.2,430.54
SO - 0001536,2014-11-19,152,Wholesale,USD,FLR025,63,18,8,6472.2,51777.6,2977.21
SO - 0001537,2014-11-19,104,Export,USD,AXW291,10,1,9,3986.5,35878.5,1993.25
SO - 0001538,2014-11-19,119,Export,USD,AXW291,20,14,6,3993.2,23959.2,3354.29
SO - 0001539,2014-11-19,96,Distributor,USD,NXH382,48,2,8,6097,48776,3048.5
SO - 0001540,2014-11-20,133,Wholesale,USD,AXW291,17,16,11,1098.8,12086.8,780.15
SO - 0001541,2014-11-20,15,Distributor,USD,FLR025,63,17,6,3966.4,23798.4,2697.15
SO - 0001542,2014-11-20,164,Distributor,USD,FLR025,63,26,6,1809,10854,1537.65
SO - 0001543,2014-11-20,152,Distributor,USD,NXH382,57,15,7,2445.5,17118.5,1785.22
SO - 0001544,2014-11-20,135,Wholesale,USD,FLR025,60,6,5,6499,32495,4744.27
SO - 0001545,2014-11-20,68,Wholesale,USD,AXW291,13,30,11,2010,22110,844.2
SO - 0001546,2014-11-20,45,Distributor,USD,FLR025,62,11,7,3946.3,27624.1,2012.61
SO - 0001547,2014-11-20,78,Export,USD,AXW291,8,14,5,1768.8,8844,1220.47
SO - 0001548,2014-11-20,121,Export,USD,NXH382,53,26,6,2257.9,13547.4,1128.95
SO - 0001549,2014-11-21,166,Distributor,USD,NXH382,49,14,11,261.3,2874.3,222.11
SO - 0001550,2014-11-21,157,Wholesale,USD,FLR025,62,25,10,3966.4,39664,2141.86
SO - 0001551,2014-11-21,142,Wholesale,USD,AXW291,31,3,10,1708.5,17085,1452.23
SO - 0001552,2014-11-21,171,Distributor,USD,FLR025,60,6,12,268,3216,195.64
SO - 0001553,2014-11-21,31,Distributor,USD,AXW291,12,25,12,5929.5,71154,2786.87
SO - 0001554,2014-11-21,31,Wholesale,USD,GUT930,33,2,7,1125.6,7879.2,495.26
SO - 0001555,2014-11-22,58,Wholesale,USD,AXW291,25,5,8,871,6968,722.93
SO - 0001556,2014-11-22,106,Distributor,USD,GUT930,40,2,5,3919.5,19597.5,2038.14
SO - 0001557,2014-11-22,173,Distributor,USD,AXW291,3,6,8,670,5360,475.7
SO - 0001558,2014-11-22,160,Distributor,USD,AXW291,23,13,5,1876,9380,1031.8
SO - 0001559,2014-11-22,148,Wholesale,USD,NXH382,49,21,7,1989.9,13929.3,835.76
SO - 0001560,2014-11-22,21,Wholesale,USD,AXW291,6,17,6,1809,10854,1266.3
SO - 0001561,2014-11-22,97,Export,USD,AXW291,16,26,11,5038.4,55422.4,3023.04
SO - 0001562,2014-11-22,27,Wholesale,USD,AXW291,5,25,11,2324.9,25573.9,1394.94
SO - 0001563,2014-11-22,97,Export,USD,NXH382,56,18,8,2291.4,18331.2,1810.21
SO - 0001564,2014-11-22,169,Distributor,USD,AXW291,14,23,8,991.6,7932.8,823.03
SO - 0001565,2014-11-22,59,Wholesale,USD,NXH382,52,29,6,1098.8,6592.8,791.14
SO - 0001566,2014-11-23,16,Wholesale,USD,FLR025,65,7,9,3410.3,30692.7,2387.21
SO - 0001567,2014-11-23,29,Distributor,USD,NXH382,53,10,5,683.4,3417,457.88
SO - 0001568,2014-11-23,16,Wholesale,USD,GUT930,32,17,12,1695.1,20341.2,678.04
SO - 0001569,2014-11-23,56,Wholesale,USD,GUT930,46,27,12,261.3,3135.6,109.75
SO - 0001570,2014-11-23,53,Distributor,USD,AXW291,19,27,8,3912.8,31302.4,1956.4
SO - 0001571,2014-11-23,50,Wholesale,USD,AXW291,6,22,6,1896.1,11376.6,891.17
SO - 0001572,2014-11-23,130,Export,USD,AXW291,23,11,5,1118.9,5594.5,749.66
SO - 0001573,2014-11-23,100,Distributor,USD,AXW291,16,3,9,1092.1,9828.9,698.94
SO - 0001574,2014-11-23,30,Wholesale,USD,AXW291,29,15,9,1936.3,17426.7,910.06
SO - 0001575,2014-11-23,10,Wholesale,USD,AXW291,22,2,5,1922.9,9614.5,1211.43
SO - 0001576,2014-11-24,99,Wholesale,USD,GUT930,43,8,9,3906.1,35154.9,2538.97
SO - 0001577,2014-11-24,170,Wholesale,USD,AXW291,29,12,7,891.1,6237.7,365.35
SO - 0001578,2014-11-24,108,Distributor,USD,NXH382,56,26,5,3323.2,16616,2658.56
SO - 0001579,2014-11-24,6,Export,USD,AXW291,31,26,10,1675,16750,670
SO - 0001580,2014-11-24,161,Distributor,USD,AXW291,30,5,11,1159.1,12750.1,567.96
SO - 0001581,2014-11-24,43,Wholesale,USD,GUT930,42,2,7,1038.5,7269.5,820.42
SO - 0001582,2014-11-24,5,Wholesale,USD,GUT930,45,13,8,2311.5,18492,1410.02
SO - 0001583,2014-11-24,64,Wholesale,USD,FLR025,66,25,11,2519.2,27711.2,1435.94
SO - 0001584,2014-11-24,83,Export,USD,AXW291,3,28,8,187.6,1500.8,78.79
SO - 0001585,2014-11-24,38,Wholesale,USD,GUT930,37,19,8,1989.9,15919.2,1432.73
SO - 0001586,2014-11-24,85,Distributor,USD,AXW291,4,14,11,3912.8,43040.8,3091.11
SO - 0001587,2014-11-25,24,Wholesale,USD,GUT930,41,7,8,6485.6,51884.8,4215.64
SO - 0001588,2014-11-25,1,Wholesale,USD,AXW291,12,6,5,5842.4,29212,4557.07
SO - 0001589,2014-11-26,60,Wholesale,USD,GUT930,33,23,12,5641.4,67696.8,4343.88
SO - 0001590,2014-11-26,33,Wholesale,USD,AXW291,30,24,10,201,2010,124.62
SO - 0001591,2014-11-26,6,Wholesale,USD,FLR025,66,4,7,3946.3,27624.1,1578.52
SO - 0001592,2014-11-26,90,Wholesale,USD,GUT930,40,21,7,3061.9,21433.3,2051.47
SO - 0001593,2014-11-26,80,Distributor,USD,NXH382,50,4,9,3939.6,35456.4,2087.99
SO - 0001594,2014-11-26,33,Wholesale,USD,AXW291,19,7,8,167.5,1340,73.7
SO - 0001595,2014-11-26,43,Wholesale,USD,NXH382,60,15,12,978.2,11738.4,538.01
SO - 0001596,2014-11-27,90,Export,USD,NXH382,56,9,7,254.6,1782.2,127.3
SO - 0001597,2014-11-27,142,Distributor,USD,AXW291,22,26,10,3611.3,36113,2672.36
SO - 0001598,2014-11-27,55,Wholesale,USD,NXH382,58,20,10,261.3,2613,209.04
SO - 0001599,2014-11-27,101,Export,USD,GUT930,34,19,7,1065.3,7457.1,862.89
SO - 0001600,2014-11-27,113,Wholesale,USD,AXW291,14,26,11,5480.6,60286.6,2575.88
SO - 0001601,2014-11-27,54,Distributor,USD,NXH382,59,11,8,3986.5,31892,2033.12
SO - 0001602,2014-11-27,69,Distributor,USD,GUT930,33,12,7,6157.3,43101.1,4248.54
SO - 0001603,2014-11-27,150,Wholesale,USD,FLR025,65,26,12,3457.2,41486.4,2869.48
SO - 0001604,2014-11-27,84,Export,USD,AXW291,2,25,6,5815.6,34893.6,3082.27
SO - 0001605,2014-11-27,8,Wholesale,USD,FLR025,65,25,10,2244.5,22445,1346.7
SO - 0001606,2014-11-27,124,Wholesale,USD,NXH382,57,25,11,1092.1,12013.1,720.79
SO - 0001607,2014-11-28,101,Wholesale,USD,AXW291,19,22,9,2666.6,23999.4,1999.95
SO - 0001608,2014-11-28,106,Distributor,USD,AXW291,14,15,12,3986.5,47838,1873.66
SO - 0001609,2014-11-28,13,Wholesale,USD,AXW291,30,13,9,1842.5,16582.5,1529.28
SO - 0001610,2014-11-28,118,Wholesale,USD,GUT930,46,19,10,5085.3,50853,4271.65
SO - 0001611,2014-11-28,136,Export,USD,AXW291,19,3,10,2257.9,22579,1264.42
SO - 0001612,2014-11-28,166,Distributor,USD,FLR025,64,5,11,3953,43483,2490.39
SO - 0001613,2014-11-28,71,Export,USD,AXW291,13,25,11,917.9,10096.9,743.5
SO - 0001614,2014-11-29,143,Distributor,USD,GUT930,44,2,8,723.6,5788.8,376.27
SO - 0001615,2014-11-29,35,Wholesale,USD,AXW291,4,13,9,3577.8,32200.2,1431.12
SO - 0001616,2014-11-29,66,Wholesale,USD,NXH382,58,1,9,1742,15678,1393.6
SO - 0001617,2014-11-29,49,Wholesale,USD,AXW291,4,21,8,247.9,1983.2,99.16
SO - 0001618,2014-11-29,169,Wholesale,USD,GUT930,33,15,11,1762.1,19383.1,1162.99
SO - 0001619,2014-11-29,116,Export,USD,GUT930,32,22,5,991.6,4958,624.71
SO - 0001620,2014-11-29,86,Export,USD,AXW291,8,14,7,1065.3,7457.1,713.75
SO - 0001621,2014-11-29,121,Wholesale,USD,AXW291,7,13,12,1152.4,13828.8,772.11
SO - 0001622,2014-11-29,126,Wholesale,USD,AXW291,25,25,6,2914.5,17487,2448.18
SO - 0001623,2014-11-29,123,Export,USD,AXW291,4,25,12,5239.4,62872.8,2619.7
SO - 0001624,2014-11-30,128,Wholesale,USD,FLR025,64,17,5,1139,5695,968.15
SO - 0001625,2014-11-30,25,Distributor,USD,FLR025,66,13,12,2010,24120,1688.4
SO - 0001626,2014-11-30,21,Wholesale,USD,GUT930,38,2,6,1165.8,6994.8,734.45
SO - 0001627,2014-11-30,84,Distributor,USD,AXW291,1,16,10,3959.7,39597,3009.37
SO - 0001628,2014-11-30,120,Wholesale,USD,GUT930,41,14,10,2599.6,25996,2001.69
SO - 0001629,2014-11-30,116,Distributor,USD,NXH382,50,13,8,2787.2,22297.6,1254.24
SO - 0001630,2014-11-30,113,Wholesale,USD,AXW291,26,19,9,1025.1,9225.9,563.81
SO - 0001631,2014-11-30,159,Wholesale,USD,GUT930,38,18,8,3919.5,31356,2900.43
SO - 0001632,2014-11-30,120,Export,USD,AXW291,11,15,8,3993.2,31945.6,1597.28
SO - 0001633,2014-12-01,14,Wholesale,USD,GUT930,45,21,12,6344.9,76138.8,4251.08
SO - 0001634,2014-12-01,65,Wholesale,USD,AXW291,14,2,9,1152.4,10371.6,898.87
SO - 0001635,2014-12-01,6,Distributor,USD,GUT930,40,10,12,3993.2,47918.4,2675.44
SO - 0001636,2014-12-01,110,Distributor,USD,NXH382,57,20,5,268,1340,182.24
SO - 0001637,2014-12-01,93,Wholesale,USD,GUT930,37,23,12,5232.7,62792.4,3610.56
SO - 0001638,2014-12-01,80,Wholesale,USD,FLR025,64,25,12,2465.6,29587.2,1430.05
SO - 0001639,2014-12-01,124,Wholesale,USD,AXW291,25,19,8,1018.4,8147.2,437.91
SO - 0001640,2014-12-02,7,Wholesale,USD,GUT930,42,2,9,2613,23517,2168.79
SO - 0001641,2014-12-02,39,Export,USD,AXW291,10,20,6,1038.5,6231,685.41
SO - 0001642,2014-12-02,146,Distributor,USD,NXH382,49,26,5,2318.2,11591,1043.19
SO - 0001643,2014-12-02,79,Distributor,USD,NXH382,48,28,12,1219.4,14632.8,865.77
SO - 0001644,2014-12-02,75,Distributor,USD,NXH382,58,19,5,5306.4,26532,2334.82
SO - 0001645,2014-12-03,81,Export,USD,NXH382,55,16,10,2479,24790,1462.61
SO - 0001646,2014-12-03,29,Distributor,USD,GUT930,44,25,11,227.8,2505.8,186.8
SO - 0001647,2014-12-03,105,Export,USD,AXW291,18,6,7,5929.5,41506.5,3498.41
SO - 0001648,2014-12-03,148,Distributor,USD,AXW291,30,18,9,1728.6,15557.4,1175.45
SO - 0001649,2014-12-03,157,Distributor,USD,GUT930,40,15,11,1045.2,11497.2,825.71
SO - 0001650,2014-12-03,6,Export,USD,AXW291,5,15,12,1721.9,20662.8,1411.96
SO - 0001651,2014-12-04,121,Export,USD,AXW291,8,13,7,3845.8,26920.6,2999.72
SO - 0001652,2014-12-04,126,Distributor,USD,FLR025,63,11,10,2706.8,27068,1651.15
SO - 0001653,2014-12-04,12,Distributor,USD,AXW291,17,9,9,2613,23517,1358.76
SO - 0001654,2014-12-04,72,Wholesale,USD,NXH382,58,14,11,3631.4,39945.4,2977.75
SO - 0001655,2014-12-04,22,Distributor,USD,GUT930,39,25,10,1105.5,11055,563.81
SO - 0001656,2014-12-04,162,Wholesale,USD,AXW291,14,13,9,1045.2,9406.8,533.05
SO - 0001657,2014-12-04,24,Wholesale,USD,NXH382,58,3,11,3041.8,33459.8,1551.32
SO - 0001658,2014-12-04,64,Distributor,USD,AXW291,15,19,12,1755.4,21064.8,965.47
SO - 0001659,2014-12-04,7,Distributor,USD,AXW291,21,19,10,2291.4,22914,1191.53
SO - 0001660,2014-12-04,24,Distributor,USD,AXW291,4,25,6,1058.6,6351.6,719.85
SO - 0001661,2014-12-04,162,Wholesale,USD,AXW291,30,14,10,1065.3,10653,479.39
SO - 0001662,2014-12-04,173,Wholesale,USD,AXW291,22,2,7,241.2,1688.4,115.78
SO - 0001663,2014-12-05,77,Export,USD,GUT930,41,14,11,1132.3,12455.3,781.29
SO - 0001664,2014-12-05,65,Export,USD,AXW291,25,25,7,2224.4,15570.8,1890.74
SO - 0001665,2014-12-05,31,Export,USD,FLR025,62,16,6,824.1,4944.6,659.28
SO - 0001666,2014-12-05,110,Wholesale,USD,NXH382,49,15,11,2351.7,25868.7,1458.05
SO - 0001667,2014-12-05,107,Export,USD,AXW291,5,25,6,6344.9,38069.4,2918.65
SO - 0001668,2014-12-05,148,Wholesale,USD,AXW291,23,15,8,5621.3,44970.4,3541.42
SO - 0001669,2014-12-05,11,Wholesale,USD,AXW291,26,26,9,1031.8,9286.2,598.44
SO - 0001670,2014-12-05,57,Distributor,USD,GUT930,38,13,6,2405.3,14431.8,1828.03
SO - 0001671,2014-12-05,130,Wholesale,USD,AXW291,17,4,6,1105.5,6633,906.51
SO - 0001672,2014-12-05,6,Distributor,USD,FLR025,62,3,10,1775.5,17755,958.77
SO - 0001673,2014-12-05,167,Wholesale,USD,AXW291,28,22,7,1092.1,7644.7,786.31
SO - 0001674,2014-12-05,90,Wholesale,USD,AXW291,19,3,10,207.7,2077,83.08
SO - 0001675,2014-12-05,147,Wholesale,USD,FLR025,62,6,8,1809,14472,759.78
SO - 0001676,2014-12-06,3,Distributor,USD,NXH382,47,2,10,1842.5,18425,1437.15
SO - 0001677,2014-12-06,78,Export,USD,FLR025,62,14,5,3839.1,19195.5,2764.15
SO - 0001678,2014-12-06,172,Wholesale,USD,GUT930,32,13,10,268,2680,171.52
SO - 0001679,2014-12-06,147,Export,USD,AXW291,22,19,11,1829.1,20120.1,859.68
SO - 0001680,2014-12-06,6,Wholesale,USD,NXH382,53,25,5,1795.6,8978,1256.92
SO - 0001681,2014-12-06,106,Wholesale,USD,AXW291,5,17,8,1118.9,8951.2,458.75
SO - 0001682,2014-12-07,15,Distributor,USD,AXW291,7,28,5,1118.9,5594.5,716.1
SO - 0001683,2014-12-07,1,Wholesale,USD,NXH382,47,29,8,3926.2,31409.6,2630.55
SO - 0001684,2014-12-07,60,Wholesale,USD,AXW291,15,16,5,917.9,4589.5,514.02
SO - 0001685,2014-12-07,89,Wholesale,USD,AXW291,25,14,6,207.7,1246.2,99.7
SO - 0001686,2014-12-07,31,Distributor,USD,NXH382,51,18,9,1976.5,17788.5,1264.96
SO - 0001687,2014-12-07,104,Distributor,USD,AXW291,15,18,5,3959.7,19798.5,2613.4
SO - 0001688,2014-12-07,45,Wholesale,USD,AXW291,23,5,9,1098.8,9889.2,846.08
SO - 0001689,2014-12-07,172,Distributor,USD,AXW291,19,26,11,877.7,9654.7,728.49
SO - 0001690,2014-12-07,57,Distributor,USD,GUT930,32,13,8,2552.7,20421.6,1276.35
SO - 0001691,2014-12-07,123,Distributor,USD,FLR025,64,16,5,1025.1,5125.5,768.83
SO - 0001692,2014-12-07,92,Wholesale,USD,GUT930,44,1,12,1045.2,12542.4,668.93
SO - 0001693,2014-12-08,111,Wholesale,USD,NXH382,55,4,9,5983.1,53847.9,2393.24
SO - 0001694,2014-12-08,45,Wholesale,USD,GUT930,31,25,7,1112.2,7785.4,756.3
SO - 0001695,2014-12-08,80,Distributor,USD,AXW291,22,14,6,1855.9,11135.4,816.6
SO - 0001696,2014-12-08,150,Export,USD,NXH382,58,25,10,3825.7,38257,2295.42
SO - 0001697,2014-12-08,22,Export,USD,GUT930,40,14,12,817.4,9808.8,653.92
SO - 0001698,2014-12-08,102,Wholesale,USD,AXW291,22,2,11,737,8107,375.87
SO - 0001699,2014-12-08,63,Wholesale,USD,GUT930,37,6,9,2465.6,22190.4,1651.95
SO - 0001700,2014-12-08,138,Wholesale,USD,AXW291,2,1,8,857.6,6860.8,686.08
SO - 0001701,2014-12-09,116,Distributor,USD,NXH382,58,7,11,1078.7,11865.7,431.48
SO - 0001702,2014-12-09,38,Export,USD,AXW291,30,13,10,3390.2,33902,2746.06
SO - 0001703,2014-12-09,167,Wholesale,USD,GUT930,38,15,7,5514.1,38598.7,4356.14
SO - 0001704,2014-12-09,130,Distributor,USD,AXW291,11,25,5,207.7,1038.5,145.39
SO - 0001705,2014-12-09,139,Wholesale,USD,AXW291,13,2,8,2010,16080,924.6
SO - 0001706,2014-12-09,19,Wholesale,USD,GUT930,40,21,7,1949.7,13647.9,1052.84
SO - 0001707,2014-12-09,127,Distributor,USD,AXW291,5,20,8,174.2,1393.6,106.26
SO - 0001708,2014-12-09,64,Wholesale,USD,FLR025,66,6,7,1139,7973,797.3
SO - 0001709,2014-12-09,67,Distributor,USD,FLR025,62,14,6,5319.8,31918.8,2181.12
SO - 0001710,2014-12-10,31,Export,USD,NXH382,59,25,6,3926.2,23557.2,2080.89
SO - 0001711,2014-12-10,35,Export,USD,NXH382,57,25,7,1038.5,7269.5,768.49
SO - 0001712,2014-12-10,18,Distributor,USD,FLR025,63,26,6,5038.4,30230.4,2972.66
SO - 0001713,2014-12-10,163,Distributor,USD,AXW291,26,14,11,1058.6,11644.6,561.06
SO - 0001714,2014-12-10,94,Distributor,USD,NXH382,56,6,9,221.1,1989.9,97.28
SO - 0001715,2014-12-10,67,Wholesale,USD,AXW291,26,12,6,3296.4,19778.4,2505.26
SO - 0001716,2014-12-10,3,Export,USD,AXW291,30,25,9,5648.1,50832.9,2711.09
SO - 0001717,2014-12-10,6,Export,USD,NXH382,56,26,6,1118.9,6713.4,727.29
SO - 0001718,2014-12-10,161,Export,USD,NXH382,55,4,10,2680,26800,2224.4
SO - 0001719,2014-12-11,65,Export,USD,GUT930,42,14,9,3865.9,34793.1,2860.77
SO - 0001720,2014-12-11,155,Export,USD,AXW291,28,10,7,951.4,6659.8,399.59
SO - 0001721,2014-12-12,35,Wholesale,USD,AXW291,10,4,11,5621.3,61834.3,4272.19
SO - 0001722,2014-12-12,71,Wholesale,USD,GUT930,45,19,6,3999.9,23999.4,3119.92
SO - 0001723,2014-12-12,44,Wholesale,USD,AXW291,9,1,11,6398.5,70383.5,3647.15
SO - 0001724,2014-12-12,88,Wholesale,USD,AXW291,1,25,11,1038.5,11423.5,633.49
SO - 0001725,2014-12-12,143,Wholesale,USD,AXW291,21,15,8,6525.8,52206.4,2806.09
SO - 0001726,2014-12-12,62,Distributor,USD,GUT930,39,26,9,1092.1,9828.9,808.15
SO - 0001727,2014-12-12,41,Wholesale,USD,AXW291,23,26,12,3879.3,46551.6,2715.51
SO - 0001728,2014-12-12,52,Wholesale,USD,GUT930,45,20,5,2599.6,12998,2027.69
SO - 0001729,2014-12-12,80,Wholesale,USD,GUT930,37,27,5,850.9,4254.5,485.01
SO - 0001730,2014-12-13,111,Wholesale,USD,AXW291,19,4,5,1031.8,5159,773.85
SO - 0001731,2014-12-13,11,Wholesale,USD,AXW291,15,7,7,194.3,1360.1,79.66
SO - 0001732,2014-12-13,20,Distributor,USD,AXW291,29,26,11,2331.6,25647.6,1585.49
SO - 0001733,2014-12-13,66,Wholesale,USD,AXW291,29,28,5,3001.6,15008,2191.17
SO - 0001734,2014-12-13,6,Distributor,USD,AXW291,25,24,10,207.7,2077,168.24
SO - 0001735,2014-12-13,110,Distributor,USD,FLR025,65,2,7,743.7,5205.9,438.78
SO - 0001736,2014-12-13,56,Distributor,USD,AXW291,23,11,10,207.7,2077,120.47
SO - 0001737,2014-12-13,48,Export,USD,AXW291,24,6,8,5768.7,46149.6,3922.72
SO - 0001738,2014-12-13,4,Wholesale,USD,FLR025,65,1,9,1916.2,17245.8,1341.34
SO - 0001739,2014-12-13,155,Wholesale,USD,AXW291,20,3,11,2633.1,28964.1,2238.14
SO - 0001740,2014-12-13,24,Wholesale,USD,AXW291,18,24,5,1065.3,5326.5,639.18
SO - 0001741,2014-12-13,55,Wholesale,USD,AXW291,16,20,9,2257.9,20321.1,1603.11
SO - 0001742,2014-12-13,115,Distributor,USD,GUT930,44,26,10,991.6,9916,545.38
SO - 0001743,2014-12-13,170,Wholesale,USD,GUT930,35,3,10,2338.3,23383,1660.19
SO - 0001744,2014-12-14,36,Wholesale,USD,FLR025,62,26,9,2988.2,26893.8,1583.75
SO - 0001745,2014-12-14,71,Wholesale,USD,AXW291,30,20,5,1118.9,5594.5,682.53
SO - 0001746,2014-12-14,138,Wholesale,USD,GUT930,39,25,6,2485.7,14914.2,1267.71
SO - 0001747,2014-12-14,107,Distributor,USD,AXW291,21,6,11,2847.5,31322.5,1708.5
SO - 0001748,2014-12-14,70,Wholesale,USD,AXW291,12,18,12,3296.4,39556.8,2571.19
SO - 0001749,2014-12-14,120,Export,USD,AXW291,6,17,10,971.5,9715,689.77
SO - 0001750,2014-12-14,96,Wholesale,USD,NXH382,54,2,7,194.3,1360.1,102.98
SO - 0001751,2014-12-14,133,Distributor,USD,GUT930,31,15,11,5969.7,65666.7,3223.64
SO - 0001752,2014-12-15,167,Export,USD,AXW291,30,25,6,1078.7,6472.2,625.65
SO - 0001753,2014-12-15,57,Wholesale,USD,AXW291,23,17,9,2412,21708,1640.16
SO - 0001754,2014-12-15,3,Distributor,USD,AXW291,4,26,11,1159.1,12750.1,904.1
SO - 0001755,2014-12-15,82,Wholesale,USD,FLR025,64,25,5,1882.7,9413.5,809.56
SO - 0001756,2014-12-15,128,Distributor,USD,GUT930,40,20,10,1949.7,19497,1072.34
SO - 0001757,2014-12-15,88,Export,USD,AXW291,19,17,9,1098.8,9889.2,747.18
SO - 0001758,2014-12-15,33,Distributor,USD,GUT930,31,2,6,3155.7,18934.2,2335.22
SO - 0001759,2014-12-15,11,Export,USD,AXW291,23,3,9,2680,24120,2144
SO - 0001760,2014-12-15,148,Distributor,USD,NXH382,56,18,11,5956.3,65519.3,3871.6
SO - 0001761,2014-12-16,124,Export,USD,NXH382,47,15,6,2010,12060,924.6
SO - 0001762,2014-12-16,32,Distributor,USD,NXH382,59,5,7,1319.9,9239.3,963.53
SO - 0001763,2014-12-16,89,Wholesale,USD,AXW291,14,23,7,1775.5,12428.5,1065.3
SO - 0001764,2014-12-16,83,Wholesale,USD,AXW291,8,20,9,187.6,1688.4,129.44
SO - 0001765,2014-12-16,40,Export,USD,GUT930,31,30,9,1139,10251,899.81
SO - 0001766,2014-12-16,121,Distributor,USD,AXW291,9,13,7,1005,7035,824.1
SO - 0001767,2014-12-16,8,Distributor,USD,AXW291,11,1,11,2385.2,26237.2,1097.19
SO - 0001768,2014-12-16,162,Export,USD,GUT930,33,25,7,1085.4,7597.8,911.74
SO - 0001769,2014-12-16,162,Distributor,USD,NXH382,56,25,6,1809,10854,1519.56
SO - 0001770,2014-12-16,118,Export,USD,GUT930,45,15,5,897.8,4489,646.42
SO - 0001771,2014-12-16,18,Wholesale,USD,NXH382,52,6,10,1246.2,12462,847.42
SO - 0001772,2014-12-16,173,Wholesale,USD,AXW291,4,8,10,1118.9,11189,503.51
SO - 0001773,2014-12-16,47,Export,USD,AXW291,16,3,7,1018.4,7128.8,835.09
SO - 0001774,2014-12-16,56,Wholesale,USD,GUT930,40,20,5,5105.4,25527,3982.21
SO - 0001775,2014-12-17,75,Wholesale,USD,FLR025,66,25,6,1159.1,6954.6,753.42
SO - 0001776,2014-12-17,86,Distributor,USD,NXH382,52,2,9,1916.2,17245.8,1379.66
SO - 0001777,2014-12-17,98,Wholesale,USD,AXW291,12,24,10,247.9,2479,131.39
SO - 0001778,2014-12-17,43,Wholesale,USD,GUT930,40,27,10,884.4,8844,610.24
SO - 0001779,2014-12-18,82,Wholesale,USD,GUT930,44,14,7,1139,7973,774.52
SO - 0001780,2014-12-18,27,Wholesale,USD,FLR025,62,25,5,174.2,871,85.36
SO - 0001781,2014-12-18,86,Distributor,USD,GUT930,34,19,6,951.4,5708.4,761.12
SO - 0001782,2014-12-18,168,Wholesale,USD,GUT930,35,5,9,167.5,1507.5,125.63
SO - 0001783,2014-12-18,4,Wholesale,USD,AXW291,26,4,7,5138.9,35972.3,3956.95
SO - 0001784,2014-12-18,110,Distributor,USD,GUT930,33,25,9,214.4,1929.6,109.34
SO - 0001785,2014-12-19,156,Export,USD,NXH382,54,18,11,1011.7,11128.7,475.5
SO - 0001786,2014-12-19,97,Distributor,USD,FLR025,60,15,5,1159.1,5795.5,915.69
SO - 0001787,2014-12-19,23,Wholesale,USD,GUT930,41,25,10,1058.6,10586,857.47
SO - 0001788,2014-12-19,151,Distributor,USD,FLR025,64,14,8,1869.3,14954.4,766.41
SO - 0001789,2014-12-19,127,Distributor,USD,AXW291,10,13,6,1762.1,10572.6,1409.68
SO - 0001790,2014-12-19,116,Wholesale,USD,NXH382,59,12,8,2492.4,19939.2,1869.3
SO - 0001791,2014-12-19,38,Wholesale,USD,FLR025,63,11,11,3919.5,43114.5,2038.14
SO - 0001792,2014-12-19,116,Distributor,USD,AXW291,26,25,7,2519.2,17634.4,1007.68
SO - 0001793,2014-12-19,70,Distributor,USD,FLR025,65,25,7,3872.6,27108.2,3252.98
SO - 0001794,2014-12-20,114,Wholesale,USD,AXW291,27,18,6,1855.9,11135.4,1354.81
SO - 0001795,2014-12-20,82,Wholesale,USD,GUT930,46,13,9,4006.6,36059.4,3205.28
SO - 0001796,2014-12-20,92,Wholesale,USD,GUT930,38,3,9,1721.9,15497.1,1360.3
SO - 0001797,2014-12-20,43,Export,USD,AXW291,26,13,8,1038.5,8308,726.95
SO - 0001798,2014-12-20,16,Export,USD,GUT930,33,5,9,241.2,2170.8,108.54
SO - 0001799,2014-12-20,84,Distributor,USD,NXH382,50,20,8,1051.9,8415.2,673.22
SO - 0001800,2014-12-20,124,Distributor,USD,GUT930,45,13,6,180.9,1085.4,130.25
SO - 0001801,2014-12-21,50,Distributor,USD,GUT930,35,5,7,268,1876,219.76
SO - 0001802,2014-12-21,81,Distributor,USD,AXW291,1,18,9,1159.1,10431.9,533.19
SO - 0001803,2014-12-21,28,Export,USD,GUT930,43,27,12,951.4,11416.8,551.81
SO - 0001804,2014-12-21,99,Wholesale,USD,NXH382,59,14,6,4006.6,24039.6,2644.36
SO - 0001805,2014-12-21,47,Distributor,USD,AXW291,22,25,11,5648.1,62129.1,2372.2
SO - 0001806,2014-12-21,13,Export,USD,AXW291,31,28,10,3926.2,39262,3219.48
SO - 0001807,2014-12-21,149,Wholesale,USD,FLR025,60,3,8,5326.5,42612,4207.94
SO - 0001808,2014-12-21,23,Wholesale,USD,GUT930,35,15,9,5467.2,49204.8,2241.55
SO - 0001809,2014-12-21,162,Wholesale,USD,AXW291,31,6,9,2546,22914,1654.9
SO - 0001810,2014-12-21,56,Export,USD,AXW291,13,4,10,1072,10720,889.76
SO - 0001811,2014-12-21,128,Wholesale,USD,GUT930,38,25,9,1112.2,10009.8,611.71
SO - 0001812,2014-12-21,162,Wholesale,USD,AXW291,16,26,12,2780.5,33366,1390.25
SO - 0001813,2014-12-21,85,Distributor,USD,GUT930,34,3,10,2646.5,26465,1534.97
SO - 0001814,2014-12-22,13,Wholesale,USD,NXH382,50,14,11,214.4,2358.4,135.07
SO - 0001815,2014-12-22,79,Wholesale,USD,AXW291,4,19,9,1125.6,10130.4,821.69
SO - 0001816,2014-12-22,11,Export,USD,GUT930,37,15,12,1842.5,22110,737
SO - 0001817,2014-12-22,74,Distributor,USD,AXW291,30,25,8,1125.6,9004.8,562.8
SO - 0001818,2014-12-22,77,Wholesale,USD,GUT930,35,26,9,6224.3,56018.7,4170.28
SO - 0001819,2014-12-22,5,Wholesale,USD,AXW291,17,19,12,2224.4,26692.8,1801.76
SO - 0001820,2014-12-22,97,Wholesale,USD,GUT930,43,24,12,1192.6,14311.2,739.41
SO - 0001821,2014-12-22,91,Wholesale,USD,AXW291,22,26,11,6097,67067,2926.56
SO - 0001822,2014-12-22,119,Distributor,USD,GUT930,43,18,8,1031.8,8254.4,866.71
SO - 0001823,2014-12-22,172,Export,USD,NXH382,55,25,5,2425.4,12127,1358.22
SO - 0001824,2014-12-22,159,Wholesale,USD,AXW291,23,7,5,1031.8,5159,691.31
SO - 0001825,2014-12-22,13,Wholesale,USD,AXW291,18,3,12,897.8,10773.6,619.48
SO - 0001826,2014-12-23,75,Wholesale,USD,AXW291,9,25,7,2458.9,17212.3,1524.52
SO - 0001827,2014-12-23,128,Distributor,USD,NXH382,54,2,7,2358.4,16508.8,1320.7
SO - 0001828,2014-12-23,163,Wholesale,USD,AXW291,24,25,11,1788.9,19677.9,840.78
SO - 0001829,2014-12-23,81,Export,USD,GUT930,39,3,6,3912.8,23476.8,2347.68
SO - 0001830,2014-12-23,25,Wholesale,USD,AXW291,17,3,11,6143.9,67582.9,4362.17
SO - 0001831,2014-12-23,39,Distributor,USD,AXW291,27,12,8,2827.4,22619.2,1272.33
SO - 0001832,2014-12-23,146,Export,USD,NXH382,59,8,11,1058.6,11644.6,455.2
SO - 0001833,2014-12-23,154,Wholesale,USD,AXW291,22,2,10,1065.3,10653,564.61
SO - 0001834,2014-12-24,138,Distributor,USD,AXW291,15,20,9,1112.2,10009.8,734.05
SO - 0001835,2014-12-24,147,Wholesale,USD,AXW291,6,26,10,3832.4,38324,2184.47
SO - 0001836,2014-12-24,94,Export,USD,AXW291,21,30,8,857.6,6860.8,626.05
SO - 0001837,2014-12-24,62,Export,USD,FLR025,63,20,6,5460.5,32763,3003.28
SO - 0001838,2014-12-24,146,Wholesale,USD,AXW291,3,20,10,2566.1,25661,1950.24
SO - 0001839,2014-12-24,92,Export,USD,FLR025,62,13,12,2653.2,31838.4,1193.94
SO - 0001840,2014-12-24,47,Wholesale,USD,AXW291,13,13,12,884.4,10612.8,636.77
SO - 0001841,2014-12-24,7,Export,USD,AXW291,15,19,8,3805.6,30444.8,1598.35
SO - 0001842,2014-12-24,72,Wholesale,USD,GUT930,41,26,10,1152.4,11524,887.35
SO - 0001843,2014-12-24,32,Distributor,USD,AXW291,13,29,10,3832.4,38324,2567.71
SO - 0001844,2014-12-24,66,Distributor,USD,GUT930,42,19,7,871,6097,661.96
SO - 0001845,2014-12-24,121,Wholesale,USD,GUT930,34,27,10,1809,18090,1139.67
SO - 0001846,2014-12-24,137,Wholesale,USD,AXW291,17,23,12,1969.8,23637.6,1378.86
SO - 0001847,2014-12-24,57,Wholesale,USD,AXW291,8,8,5,1038.5,5192.5,716.57
SO - 0001848,2014-12-24,72,Wholesale,USD,GUT930,45,2,10,3651.5,36515,1606.66
SO - 0001849,2014-12-24,81,Wholesale,USD,AXW291,10,22,6,1949.7,11698.2,1306.3
SO - 0001850,2014-12-24,12,Wholesale,USD,AXW291,11,14,12,991.6,11899.2,694.12
SO - 0001851,2014-12-25,164,Export,USD,AXW291,2,5,9,2740.3,24662.7,1205.73
SO - 0001852,2014-12-25,82,Distributor,USD,AXW291,12,4,6,1902.8,11416.8,1255.85
SO - 0001853,2014-12-25,159,Wholesale,USD,AXW291,15,6,8,2365.1,18920.8,1773.83
SO - 0001854,2014-12-25,27,Wholesale,USD,GUT930,33,25,8,1051.9,8415.2,662.7
SO - 0001855,2014-12-25,111,Wholesale,USD,GUT930,44,26,11,2860.9,31469.9,2031.24
SO - 0001856,2014-12-25,128,Wholesale,USD,NXH382,49,8,8,5835.7,46685.6,4201.7
SO - 0001857,2014-12-25,45,Wholesale,USD,AXW291,31,5,5,1152.4,5762,944.97
SO - 0001858,2014-12-26,163,Distributor,USD,AXW291,22,2,8,897.8,7182.4,619.48
SO - 0001859,2014-12-26,13,Wholesale,USD,NXH382,49,15,8,1112.2,8897.6,912
SO - 0001860,2014-12-26,60,Distributor,USD,FLR025,66,15,12,3825.7,45908.4,2333.68
SO - 0001861,2014-12-26,160,Wholesale,USD,GUT930,31,10,12,1963.1,23557.2,1217.12
SO - 0001862,2014-12-26,130,Wholesale,USD,AXW291,13,1,6,2365.1,14190.6,1750.17
SO - 0001863,2014-12-26,96,Distributor,USD,NXH382,52,7,9,958.1,8622.9,584.44
SO - 0001864,2014-12-26,79,Distributor,USD,AXW291,12,17,8,1855.9,14847.2,1132.1
SO - 0001865,2014-12-26,42,Wholesale,USD,AXW291,11,26,12,1708.5,20502,1349.72
SO - 0001866,2014-12-26,12,Wholesale,USD,GUT930,42,3,11,2586.2,28448.2,1862.06
SO - 0001867,2014-12-26,160,Wholesale,USD,AXW291,15,1,12,2566.1,30793.2,1693.63
SO - 0001868,2014-12-26,96,Wholesale,USD,NXH382,55,15,8,3202.6,25620.8,1985.61
SO - 0001869,2014-12-27,98,Distributor,USD,GUT930,32,26,12,6545.9,78550.8,2749.28
SO - 0001870,2014-12-27,87,Distributor,USD,AXW291,7,25,5,5226,26130,3396.9
SO - 0001871,2014-12-27,127,Wholesale,USD,NXH382,48,26,7,904.5,6331.5,732.65
SO - 0001872,2014-12-27,11,Export,USD,NXH382,55,25,5,2237.8,11189,1029.39
SO - 0001873,2014-12-27,74,Distributor,USD,AXW291,24,15,6,1072,6432,707.52
SO - 0001874,2014-12-27,162,Distributor,USD,AXW291,12,13,9,1092.1,9828.9,884.6
SO - 0001875,2014-12-27,107,Wholesale,USD,GUT930,46,25,10,3825.7,38257,2333.68
SO - 0001876,2014-12-27,28,Wholesale,USD,GUT930,43,19,7,214.4,1500.8,165.09
SO - 0001877,2014-12-27,25,Export,USD,NXH382,59,5,7,6566,45962,4202.24
SO - 0001878,2014-12-27,1,Distributor,USD,NXH382,54,28,6,1835.8,11014.8,1083.12
SO - 0001879,2014-12-27,162,Wholesale,USD,AXW291,15,11,7,2432.1,17024.7,1021.48
SO - 0001880,2014-12-28,146,Wholesale,USD,NXH382,60,20,7,1876,13132,1519.56
SO - 0001881,2014-12-28,93,Wholesale,USD,NXH382,55,25,12,1011.7,12140.4,424.91
SO - 0001882,2014-12-28,148,Wholesale,USD,AXW291,9,19,12,1038.5,12462,768.49
SO - 0001883,2014-12-28,111,Wholesale,USD,AXW291,6,6,10,958.1,9581,613.18
SO - 0001884,2014-12-28,44,Export,USD,AXW291,6,14,5,2445.5,12227.5,1222.75
SO - 0001885,2014-12-28,163,Wholesale,USD,AXW291,17,13,8,3899.4,31195.2,3275.5
SO - 0001886,2014-12-28,173,Distributor,USD,AXW291,15,24,7,1005,7035,653.25
SO - 0001887,2014-12-28,81,Distributor,USD,AXW291,5,26,9,1775.5,15979.5,1349.38
SO - 0001888,2014-12-28,51,Distributor,USD,GUT930,40,30,11,1125.6,12381.6,855.46
SO - 0001889,2014-12-29,84,Distributor,USD,GUT930,33,15,8,1098.8,8790.4,747.18
SO - 0001890,2014-12-29,99,Wholesale,USD,AXW291,20,28,6,1936.3,11617.8,1490.95
SO - 0001891,2014-12-29,49,Distributor,USD,GUT930,41,14,12,3926.2,47114.4,2669.82
SO - 0001892,2014-12-29,72,Distributor,USD,AXW291,1,24,6,3155.7,18934.2,2240.55
SO - 0001893,2014-12-29,110,Wholesale,USD,AXW291,31,27,5,3999.9,19999.5,1679.96
SO - 0001894,2014-12-29,141,Wholesale,USD,AXW291,6,25,10,1092.1,10921,666.18
SO - 0001895,2014-12-30,130,Wholesale,USD,GUT930,36,25,6,1005,6030,442.2
SO - 0001896,2014-12-30,126,Wholesale,USD,GUT930,39,14,8,254.6,2036.8,134.94
SO - 0001897,2014-12-30,157,Wholesale,USD,FLR025,61,4,6,897.8,5386.8,520.72
SO - 0001898,2014-12-30,123,Wholesale,USD,GUT930,33,12,12,1748.7,20984.4,821.89
SO - 0001899,2014-12-30,31,Wholesale,USD,AXW291,16,29,11,1105.5,12160.5,442.2
SO - 0001900,2014-12-30,47,Distributor,USD,FLR025,66,19,12,5842.4,70108.8,4323.38
SO - 0001901,2014-12-30,158,Distributor,USD,AXW291,22,15,6,1179.2,7075.2,754.69
SO - 0001902,2014-12-30,171,Wholesale,USD,AXW291,30,2,5,2579.5,12897.5,1496.11
SO - 0001903,2014-12-30,130,Wholesale,USD,FLR025,62,26,12,924.6,11095.2,656.47
SO - 0001904,2014-12-30,118,Distributor,USD,AXW291,30,1,8,3979.8,31838.4,2905.25
SO - 0001905,2014-12-30,108,Wholesale,USD,NXH382,51,13,9,2626.4,23637.6,2101.12
SO - 0001906,2014-12-30,48,Wholesale,USD,AXW291,9,5,11,1293.1,14224.1,1021.55
SO - 0001907,2014-12-30,139,Wholesale,USD,AXW291,16,3,10,1132.3,11323,962.46
SO - 0001908,2014-12-30,164,Distributor,USD,NXH382,54,17,10,670,6700,321.6
SO - 0001909,2014-12-31,153,Wholesale,USD,AXW291,6,29,12,6539.2,78470.4,4708.22
SO - 0001910,2014-12-31,112,Wholesale,USD,AXW291,15,2,10,3256.2,32562,2637.52
SO - 0001911,2014-12-31,93,Distributor,USD,AXW291,4,2,5,2579.5,12897.5,1625.09
SO - 0001912,2014-12-31,85,Wholesale,USD,AXW291,16,13,5,3852.5,19262.5,2966.43
SO - 0001913,2014-12-31,28,Wholesale,USD,AXW291,26,20,6,924.6,5547.6,527.02
SO - 0001914,2014-12-31,33,Distributor,USD,NXH382,47,25,6,3906.1,23436.6,2421.78
SO - 0001915,2014-12-31,158,Wholesale,USD,GUT930,40,16,9,254.6,2291.4,129.85
SO - 0001916,2014-12-31,98,Wholesale,USD,NXH382,60,3,8,1072,8576,589.6
SO - 0001917,2014-12-31,107,Distributor,USD,NXH382,53,13,6,2653.2,15919.2,1061.28
SO - 0001918,2014-12-31,15,Distributor,USD,GUT930,42,13,9,3564.4,32079.6,1817.84
SO - 0001919,2014-12-31,129,Distributor,USD,NXH382,49,28,5,1078.7,5393.5,517.78
SO - 0001920,2014-12-31,130,Wholesale,USD,FLR025,65,15,9,6224.3,56018.7,3112.15
SO - 0001921,2014-12-31,48,Distributor,USD,AXW291,18,17,11,1326.6,14592.6,822.49
SO - 0001922,2014-12-31,128,Wholesale,USD,AXW291,21,25,6,221.1,1326.6,159.19
SO - 0001923,2014-12-31,22,Distributor,USD,GUT930,40,25,12,6344.9,76138.8,3806.94
SO - 0001924,2015-01-01,141,Wholesale,USD,FLR025,63,7,6,1132.3,6793.8,815.26
SO - 0001925,2015-01-01,111,Wholesale,USD,FLR025,63,2,11,757.1,8328.1,446.69
SO - 0001926,2015-01-01,42,Distributor,USD,NXH382,48,14,9,1038.5,9346.5,882.73
SO - 0001927,2015-01-01,14,Distributor,USD,AXW291,23,2,5,958.1,4790.5,603.6
SO - 0001928,2015-01-01,139,Wholesale,USD,AXW291,8,3,9,1855.9,16703.1,1521.84
SO - 0001929,2015-01-01,68,Wholesale,USD,GUT930,34,14,11,2646.5,29111.5,1879.02
SO - 0001930,2015-01-01,18,Distributor,USD,AXW291,6,25,10,5453.8,54538,3654.05
SO - 0001931,2015-01-01,71,Wholesale,USD,AXW291,19,17,7,1782.2,12475.4,1301.01
SO - 0001932,2015-01-01,60,Distributor,USD,AXW291,23,2,12,1051.9,12622.8,631.14
SO - 0001933,2015-01-01,75,Distributor,USD,FLR025,61,13,6,254.6,1527.6,216.41
SO - 0001934,2015-01-01,30,Wholesale,USD,NXH382,57,16,12,2860.9,34330.8,1745.15
SO - 0001935,2015-01-01,149,Distributor,USD,AXW291,15,18,9,2887.7,25989.3,1212.83
SO - 0001936,2015-01-01,45,Wholesale,USD,AXW291,6,4,8,1085.4,8683.2,857.47
SO - 0001937,2015-01-02,25,Wholesale,USD,AXW291,25,25,7,1031.8,7222.6,773.85
SO - 0001938,2015-01-02,151,Wholesale,USD,NXH382,51,21,6,1172.5,7035,644.88
SO - 0001939,2015-01-02,89,Wholesale,USD,FLR025,64,18,10,2010,20100,924.6
SO - 0001940,2015-01-02,62,Wholesale,USD,GUT930,43,3,8,5279.6,42236.8,4118.09
SO - 0001941,2015-01-02,160,Distributor,USD,GUT930,32,5,12,1038.5,12462,581.56
SO - 0001942,2015-01-02,104,Export,USD,AXW291,18,26,11,2860.9,31469.9,1487.67
SO - 0001943,2015-01-02,74,Wholesale,USD,AXW291,16,25,9,978.2,8803.8,626.05
SO - 0001944,2015-01-02,92,Distributor,USD,NXH382,49,14,8,3718.5,29748,1970.81
SO - 0001945,2015-01-02,156,Export,USD,NXH382,50,25,12,5480.6,65767.2,3014.33
SO - 0001946,2015-01-02,86,Distributor,USD,AXW291,11,13,7,797.3,5581.1,518.25
SO - 0001947,2015-01-02,93,Distributor,USD,NXH382,47,26,12,247.9,2974.8,123.95
SO - 0001948,2015-01-02,10,Wholesale,USD,AXW291,10,28,6,1165.8,6994.8,897.67
SO - 0001949,2015-01-02,172,Distributor,USD,AXW291,18,6,11,6425.3,70678.3,3212.65
SO - 0001950,2015-01-02,62,Distributor,USD,GUT930,32,20,5,1293.1,6465.5,956.89
SO - 0001951,2015-01-02,131,Wholesale,USD,AXW291,21,14,10,6197.5,61975,3594.55
SO - 0001952,2015-01-03,43,Wholesale,USD,NXH382,59,1,6,5869.2,35215.2,3462.83
SO - 0001953,2015-01-03,30,Distributor,USD,GUT930,45,27,11,1098.8,12086.8,593.35
SO - 0001954,2015-01-03,148,Wholesale,USD,GUT930,44,1,6,1072,6432,889.76
SO - 0001955,2015-01-03,70,Wholesale,USD,NXH382,57,4,8,6532.5,52260,3984.83
SO - 0001956,2015-01-03,30,Wholesale,USD,AXW291,22,21,5,3946.3,19731.5,2367.78
SO - 0001957,2015-01-03,170,Wholesale,USD,AXW291,23,21,9,1031.8,9286.2,835.76
SO - 0001958,2015-01-03,165,Distributor,USD,NXH382,57,23,5,5172.4,25862,3258.61
SO - 0001959,2015-01-03,149,Export,USD,NXH382,55,15,8,2512.5,20100,1306.5
SO - 0001960,2015-01-03,145,Export,USD,NXH382,55,19,11,2639.8,29037.8,2032.65
SO - 0001961,2015-01-04,41,Export,USD,NXH382,56,10,12,1051.9,12622.8,662.7
SO - 0001962,2015-01-04,116,Wholesale,USD,NXH382,47,25,9,1051.9,9467.1,757.37
SO - 0001963,2015-01-04,66,Wholesale,USD,GUT930,34,18,7,2003.3,14023.1,1482.44
SO - 0001964,2015-01-04,75,Wholesale,USD,AXW291,26,14,7,837.5,5862.5,502.5
SO - 0001965,2015-01-04,28,Wholesale,USD,GUT930,43,23,7,5815.6,40709.2,4303.54
SO - 0001966,2015-01-04,174,Wholesale,USD,AXW291,7,3,10,1172.5,11725,973.18
SO - 0001967,2015-01-04,59,Distributor,USD,AXW291,16,14,9,1118.9,10070.1,716.1
SO - 0001968,2015-01-04,169,Wholesale,USD,NXH382,51,13,9,3845.8,34612.2,3230.47
SO - 0001969,2015-01-04,95,Export,USD,AXW291,5,6,6,2586.2,15517.2,1034.48
SO - 0001970,2015-01-04,17,Wholesale,USD,AXW291,25,7,7,5165.7,36159.9,2066.28
SO - 0001971,2015-01-04,94,Distributor,USD,AXW291,3,4,10,3155.7,31557,1262.28
SO - 0001972,2015-01-05,14,Export,USD,NXH382,47,26,7,2304.8,16133.6,1613.36
SO - 0001973,2015-01-05,52,Wholesale,USD,GUT930,33,30,7,3839.1,26873.7,2802.54
SO - 0001974,2015-01-05,136,Wholesale,USD,NXH382,48,13,8,1005,8040,723.6
SO - 0001975,2015-01-05,156,Wholesale,USD,AXW291,30,25,9,2525.9,22733.1,1768.13
SO - 0001976,2015-01-05,18,Wholesale,USD,AXW291,27,1,11,1922.9,21151.9,1365.26
SO - 0001977,2015-01-05,42,Distributor,USD,NXH382,53,25,5,6371.7,31858.5,4587.62
SO - 0001978,2015-01-05,30,Distributor,USD,NXH382,52,23,12,3986.5,47838,2670.96
SO - 0001979,2015-01-05,51,Distributor,USD,GUT930,39,2,12,1835.8,22029.6,1193.27
SO - 0001980,2015-01-05,70,Wholesale,USD,AXW291,25,17,8,871,6968,574.86
SO - 0001981,2015-01-05,14,Wholesale,USD,AXW291,6,1,11,3731.9,41050.9,2910.88
SO - 0001982,2015-01-05,123,Distributor,USD,GUT930,38,14,6,1976.5,11859,968.49
SO - 0001983,2015-01-05,135,Wholesale,USD,AXW291,29,20,12,3537.6,42451.2,3006.96
SO - 0001984,2015-01-05,166,Export,USD,AXW291,24,20,12,2405.3,28863.6,1803.98
SO - 0001985,2015-01-05,122,Export,USD,GUT930,42,3,9,3075.3,27677.7,2490.99
SO - 0001986,2015-01-05,53,Export,USD,GUT930,40,2,10,221.1,2211,108.34
SO - 0001987,2015-01-05,154,Distributor,USD,GUT930,36,15,8,891.1,7128.8,632.68
SO - 0001988,2015-01-05,29,Wholesale,USD,GUT930,46,22,9,1226.1,11034.9,944.1
SO - 0001989,2015-01-06,115,Wholesale,USD,AXW291,5,26,7,5721.8,40052.6,4176.91
SO - 0001990,2015-01-06,145,Distributor,USD,AXW291,21,20,6,3202.6,19215.6,1473.2
SO - 0001991,2015-01-06,58,Wholesale,USD,GUT930,45,12,5,1721.9,8609.5,1394.74
SO - 0001992,2015-01-06,173,Export,USD,NXH382,49,6,11,897.8,9875.8,493.79
SO - 0001993,2015-01-06,171,Export,USD,NXH382,55,6,5,1051.9,5259.5,736.33
SO - 0001994,2015-01-06,141,Wholesale,USD,GUT930,43,26,7,904.5,6331.5,397.98
SO - 0001995,2015-01-06,153,Distributor,USD,AXW291,5,26,5,2673.3,13366.5,1202.99
SO - 0001996,2015-01-06,32,Wholesale,USD,GUT930,45,14,12,1065.3,12783.6,745.71
SO - 0001997,2015-01-06,23,Distributor,USD,FLR025,61,15,11,2010,22110,864.3
SO - 0001998,2015-01-06,61,Wholesale,USD,FLR025,64,18,10,850.9,8509,706.25
SO - 0001999,2015-01-07,83,Wholesale,USD,GUT930,43,17,8,2465.6,19724.8,1676.61
SO - 0002000,2015-01-07,168,Wholesale,USD,GUT930,36,25,5,3872.6,19363,2284.83
SO - 0002001,2015-01-07,59,Wholesale,USD,NXH382,51,8,5,254.6,1273,145.12
SO - 0002002,2015-01-07,67,Distributor,USD,AXW291,16,10,12,3182.5,38190,2004.98
SO - 0002003,2015-01-07,116,Wholesale,USD,GUT930,41,14,10,1112.2,11122,745.17
SO - 0002004,2015-01-07,134,Wholesale,USD,GUT930,33,15,8,917.9,7343.2,596.64
SO - 0002005,2015-01-07,9,Wholesale,USD,GUT930,34,11,10,1922.9,19229,846.08
SO - 0002006,2015-01-08,16,Wholesale,USD,AXW291,24,15,11,1996.6,21962.6,1078.16
SO - 0002007,2015-01-08,36,Distributor,USD,AXW291,23,8,8,3966.4,31731.2,2379.84
SO - 0002008,2015-01-08,66,Distributor,USD,AXW291,20,5,9,783.9,7055.1,470.34
SO - 0002009,2015-01-08,132,Wholesale,USD,AXW291,30,2,5,830.8,4154,440.32
SO - 0002010,2015-01-08,109,Distributor,USD,NXH382,56,11,11,1045.2,11497.2,543.5
SO - 0002011,2015-01-08,170,Wholesale,USD,AXW291,25,25,9,1025.1,9225.9,512.55
SO - 0002012,2015-01-08,42,Distributor,USD,AXW291,7,18,11,5319.8,58517.8,3298.28
SO - 0002013,2015-01-08,164,Export,USD,GUT930,44,25,6,897.8,5386.8,430.94
SO - 0002014,2015-01-08,7,Wholesale,USD,GUT930,44,20,12,1969.8,23637.6,1477.35
SO - 0002015,2015-01-08,17,Wholesale,USD,NXH382,52,26,7,1112.2,7785.4,678.44
SO - 0002016,2015-01-08,3,Wholesale,USD,AXW291,30,19,8,1045.2,8361.6,752.54
SO - 0002017,2015-01-09,69,Wholesale,USD,AXW291,4,19,9,1031.8,9286.2,412.72
SO - 0002018,2015-01-09,90,Wholesale,USD,AXW291,30,6,7,2365.1,16555.7,1087.95
SO - 0002019,2015-01-09,61,Distributor,USD,NXH382,53,15,12,234.5,2814,105.53
SO - 0002020,2015-01-09,79,Wholesale,USD,GUT930,38,26,11,2572.8,28300.8,1852.42
SO - 0002021,2015-01-09,129,Distributor,USD,GUT930,34,18,10,174.2,1742,87.1
SO - 0002022,2015-01-09,140,Export,USD,NXH382,56,3,6,1105.5,6633,464.31
SO - 0002023,2015-01-09,140,Distributor,USD,GUT930,35,26,8,3832.4,30659.2,3180.89
SO - 0002024,2015-01-09,74,Wholesale,USD,NXH382,58,1,12,3939.6,47275.2,3230.47
SO - 0002025,2015-01-09,24,Distributor,USD,AXW291,25,25,6,1085.4,6512.4,868.32
SO - 0002026,2015-01-09,162,Export,USD,AXW291,11,13,9,2619.7,23577.3,1571.82
SO - 0002027,2015-01-09,119,Distributor,USD,AXW291,8,3,8,3383.5,27068,2672.97
SO - 0002028,2015-01-09,47,Wholesale,USD,NXH382,48,23,11,817.4,8991.4,335.13
SO - 0002029,2015-01-09,65,Wholesale,USD,AXW291,9,21,5,1078.7,5393.5,550.14
SO - 0002030,2015-01-10,24,Distributor,USD,AXW291,16,30,11,6204.2,68246.2,4280.9
SO - 0002031,2015-01-10,96,Wholesale,USD,AXW291,6,13,11,5299.7,58296.7,4186.76
SO - 0002032,2015-01-10,69,Distributor,USD,AXW291,29,16,7,201,1407,142.71
SO - 0002033,2015-01-10,11,Wholesale,USD,AXW291,24,14,10,3396.9,33969,2377.83
SO - 0002034,2015-01-10,21,Wholesale,USD,GUT930,42,7,8,1065.3,8522.4,681.79
SO - 0002035,2015-01-10,117,Distributor,USD,NXH382,56,10,11,3973.1,43704.1,3257.94
SO - 0002036,2015-01-10,11,Wholesale,USD,GUT930,38,24,9,1983.2,17848.8,1170.09
SO - 0002037,2015-01-10,37,Wholesale,USD,FLR025,64,6,5,1929.6,9648,1466.5
SO - 0002038,2015-01-10,78,Distributor,USD,FLR025,65,2,6,891.1,5346.6,481.19
SO - 0002039,2015-01-11,114,Wholesale,USD,GUT930,37,18,12,3999.9,47998.8,2239.94
SO - 0002040,2015-01-11,89,Distributor,USD,AXW291,30,4,6,1809,10854,1519.56
SO - 0002041,2015-01-11,167,Distributor,USD,GUT930,40,6,11,3430.4,37734.4,2744.32
SO - 0002042,2015-01-11,46,Distributor,USD,GUT930,42,15,8,2519.2,20153.6,1259.6
SO - 0002043,2015-01-11,61,Wholesale,USD,AXW291,15,1,12,1011.7,12140.4,536.2
SO - 0002044,2015-01-11,41,Wholesale,USD,NXH382,57,25,7,214.4,1500.8,135.07
SO - 0002045,2015-01-11,101,Wholesale,USD,AXW291,25,14,8,2324.9,18599.2,1464.69
SO - 0002046,2015-01-11,46,Distributor,USD,GUT930,36,5,8,2552.7,20421.6,1761.36
SO - 0002047,2015-01-11,174,Wholesale,USD,AXW291,1,10,9,1775.5,15979.5,994.28
SO - 0002048,2015-01-11,106,Distributor,USD,AXW291,10,2,12,3906.1,46873.2,2695.21
SO - 0002049,2015-01-11,138,Wholesale,USD,NXH382,54,2,10,2860.9,28609,1687.93
SO - 0002050,2015-01-11,155,Distributor,USD,AXW291,31,2,12,931.3,11175.6,540.15
SO - 0002051,2015-01-11,103,Wholesale,USD,NXH382,53,26,5,1072,5360,846.88
SO - 0002052,2015-01-11,119,Export,USD,GUT930,32,1,8,241.2,1929.6,101.3
SO - 0002053,2015-01-12,41,Wholesale,USD,AXW291,6,29,10,3691.7,36917,2584.19
SO - 0002054,2015-01-12,134,Wholesale,USD,AXW291,16,1,6,857.6,5145.6,497.41
SO - 0002055,2015-01-12,95,Wholesale,USD,AXW291,2,11,5,1185.9,5929.5,960.58
SO - 0002056,2015-01-12,50,Distributor,USD,AXW291,18,5,9,5701.7,51315.3,4789.43
SO - 0002057,2015-01-12,45,Distributor,USD,AXW291,25,15,12,3919.5,47034,1567.8
SO - 0002058,2015-01-12,76,Wholesale,USD,GUT930,36,19,5,1051.9,5259.5,620.62
SO - 0002059,2015-01-12,101,Wholesale,USD,NXH382,55,3,9,1018.4,9165.6,407.36
SO - 0002060,2015-01-12,59,Wholesale,USD,AXW291,5,26,11,1212.7,13339.7,715.49
SO - 0002061,2015-01-12,161,Wholesale,USD,GUT930,47,13,6,3075.3,18451.8,1998.95
SO - 0002062,2015-01-12,48,Distributor,USD,GUT930,46,4,7,5587.8,39114.6,2682.14
SO - 0002063,2015-01-12,147,Distributor,USD,AXW291,16,2,7,1125.6,7879.2,855.46
SO - 0002064,2015-01-13,74,Wholesale,USD,GUT930,31,26,12,6083.6,73003.2,2737.62
SO - 0002065,2015-01-13,45,Export,USD,NXH382,52,6,11,964.8,10612.8,665.71
SO - 0002066,2015-01-13,127,Distributor,USD,NXH382,56,15,11,187.6,2063.6,133.2
SO - 0002067,2015-01-13,58,Wholesale,USD,NXH382,59,15,12,703.5,8442,295.47
SO - 0002068,2015-01-13,111,Wholesale,USD,AXW291,30,4,10,3832.4,38324,1877.88
SO - 0002069,2015-01-13,141,Export,USD,AXW291,17,25,11,5661.5,62276.5,2321.22
SO - 0002070,2015-01-13,130,Distributor,USD,AXW291,23,30,9,207.7,1869.3,159.93
SO - 0002071,2015-01-13,90,Wholesale,USD,NXH382,51,2,7,3892.7,27248.9,3308.8
SO - 0002072,2015-01-13,113,Wholesale,USD,NXH382,57,2,12,2519.2,30230.4,1713.06
SO - 0002073,2015-01-13,65,Wholesale,USD,AXW291,12,25,7,2921.2,20448.4,1460.6
SO - 0002074,2015-01-14,85,Wholesale,USD,AXW291,28,25,10,5594.5,55945,2517.53
SO - 0002075,2015-01-14,36,Distributor,USD,AXW291,21,11,5,991.6,4958,743.7
SO - 0002076,2015-01-14,6,Wholesale,USD,AXW291,12,19,12,891.1,10693.2,570.3
SO - 0002077,2015-01-14,6,Distributor,USD,GUT930,43,4,11,5427,59697,2442.15
SO - 0002078,2015-01-14,50,Wholesale,USD,AXW291,1,29,5,3999.9,19999.5,3279.92
SO - 0002079,2015-01-15,132,Wholesale,USD,NXH382,50,11,5,1065.3,5326.5,522
SO - 0002080,2015-01-15,151,Wholesale,USD,GUT930,35,2,12,174.2,2090.4,142.84
SO - 0002081,2015-01-15,71,Wholesale,USD,NXH382,57,26,10,3819,38190,3131.58
SO - 0002082,2015-01-15,144,Wholesale,USD,FLR025,61,26,6,1058.6,6351.6,730.43
SO - 0002083,2015-01-15,66,Wholesale,USD,GUT930,45,18,11,3242.8,35670.8,2594.24
SO - 0002084,2015-01-16,89,Distributor,USD,FLR025,63,20,8,6445.4,51563.2,4705.14
SO - 0002085,2015-01-16,32,Wholesale,USD,AXW291,13,28,11,1085.4,11939.4,586.12
SO - 0002086,2015-01-16,110,Export,USD,AXW291,18,6,7,3571.1,24997.7,1999.82
SO - 0002087,2015-01-16,147,Wholesale,USD,NXH382,57,2,8,2398.6,19188.8,1319.23
SO - 0002088,2015-01-16,129,Wholesale,USD,FLR025,64,26,6,1299.8,7798.8,1026.84
SO - 0002089,2015-01-16,151,Distributor,USD,NXH382,49,25,6,877.7,5266.2,658.28
SO - 0002090,2015-01-16,128,Wholesale,USD,AXW291,5,5,8,1018.4,8147.2,712.88
SO - 0002091,2015-01-16,60,Export,USD,AXW291,23,22,8,3584.5,28676,2365.77
SO - 0002092,2015-01-16,7,Distributor,USD,AXW291,16,20,10,991.6,9916,743.7
SO - 0002093,2015-01-16,139,Export,USD,AXW291,3,18,9,6391.8,57526.2,3323.74
SO - 0002094,2015-01-17,115,Wholesale,USD,AXW291,7,1,8,871,6968,644.54
SO - 0002095,2015-01-17,111,Distributor,USD,NXH382,50,28,6,1112.2,6673.2,923.13
SO - 0002096,2015-01-17,35,Export,USD,GUT930,45,26,5,1835.8,9179,844.47
SO - 0002097,2015-01-17,77,Distributor,USD,FLR025,61,6,6,201,1206,90.45
SO - 0002098,2015-01-17,105,Distributor,USD,AXW291,9,15,8,5038.4,40307.2,3526.88
SO - 0002099,2015-01-18,77,Export,USD,FLR025,61,26,7,1098.8,7691.6,933.98
SO - 0002100,2015-01-18,24,Wholesale,USD,GUT930,45,14,10,2271.3,22713,1703.48
SO - 0002101,2015-01-18,151,Wholesale,USD,NXH382,52,30,7,1313.2,9192.4,617.2
SO - 0002102,2015-01-18,157,Distributor,USD,AXW291,17,5,6,971.5,5829,388.6
SO - 0002103,2015-01-18,12,Wholesale,USD,GUT930,42,26,7,1829.1,12803.7,1444.99
SO - 0002104,2015-01-18,167,Wholesale,USD,GUT930,39,3,8,1735.3,13882.4,1370.89
SO - 0002105,2015-01-18,95,Wholesale,USD,AXW291,5,12,5,3932.9,19664.5,1769.81
SO - 0002106,2015-01-18,125,Wholesale,USD,GUT930,33,14,12,2653.2,31838.4,1804.18
SO - 0002107,2015-01-18,57,Distributor,USD,NXH382,53,18,12,1882.7,22592.4,1355.54
SO - 0002108,2015-01-18,54,Wholesale,USD,GUT930,39,26,8,3932.9,31463.2,2359.74
SO - 0002109,2015-01-18,59,Wholesale,USD,NXH382,59,26,9,3912.8,35215.2,2034.66
SO - 0002110,2015-01-19,1,Wholesale,USD,NXH382,54,26,11,978.2,10760.2,743.43
SO - 0002111,2015-01-19,114,Wholesale,USD,GUT930,46,4,7,1842.5,12897.5,1197.63
SO - 0002112,2015-01-19,167,Wholesale,USD,GUT930,39,26,10,254.6,2546,104.39
SO - 0002113,2015-01-19,138,Wholesale,USD,AXW291,4,20,8,1065.3,8522.4,575.26
SO - 0002114,2015-01-19,129,Distributor,USD,AXW291,8,2,9,3510.8,31597.2,2211.8
SO - 0002115,2015-01-19,86,Wholesale,USD,GUT930,41,9,6,5701.7,34210.2,2907.87
SO - 0002116,2015-01-19,104,Wholesale,USD,GUT930,36,15,11,3390.2,37292.2,2373.14
SO - 0002117,2015-01-20,107,Distributor,USD,AXW291,16,18,6,2298.1,13788.6,1401.84
SO - 0002118,2015-01-20,51,Wholesale,USD,NXH382,49,21,10,3959.7,39597,1663.07
SO - 0002119,2015-01-20,170,Wholesale,USD,GUT930,44,8,5,2318.2,11591,1715.47
SO - 0002120,2015-01-20,164,Wholesale,USD,FLR025,66,9,5,201,1005,82.41
SO - 0002121,2015-01-20,84,Wholesale,USD,AXW291,26,13,10,2827.4,28274,2403.29
SO - 0002122,2015-01-20,41,Wholesale,USD,AXW291,2,12,6,884.4,5306.4,689.83
SO - 0002123,2015-01-20,133,Wholesale,USD,NXH382,54,19,5,3966.4,19832,2697.15
SO - 0002124,2015-01-21,7,Wholesale,USD,NXH382,52,19,10,3899.4,38994,3314.49
SO - 0002125,2015-01-21,7,Wholesale,USD,GUT930,36,13,8,770.5,6164,547.06
SO - 0002126,2015-01-21,35,Distributor,USD,AXW291,17,14,7,1038.5,7269.5,633.49
SO - 0002127,2015-01-21,36,Export,USD,AXW291,19,10,6,837.5,5025,661.63
SO - 0002128,2015-01-21,156,Export,USD,AXW291,7,25,8,6545.9,52367.2,3076.57
SO - 0002129,2015-01-21,25,Wholesale,USD,GUT930,45,26,10,254.6,2546,198.59
SO - 0002130,2015-01-21,27,Export,USD,NXH382,53,16,6,174.2,1045.2,78.39
SO - 0002131,2015-01-21,134,Distributor,USD,AXW291,4,3,11,1025.1,11276.1,768.83
SO - 0002132,2015-01-21,38,Wholesale,USD,NXH382,50,6,7,1775.5,12428.5,727.96
SO - 0002133,2015-01-21,74,Distributor,USD,FLR025,63,26,10,3390.2,33902,2000.22
SO - 0002134,2015-01-21,141,Wholesale,USD,AXW291,31,19,7,234.5,1641.5,93.8
SO - 0002135,2015-01-21,105,Wholesale,USD,NXH382,53,12,7,2385.2,16696.4,1454.97
SO - 0002136,2015-01-21,102,Export,USD,GUT930,44,13,12,1038.5,12462,446.56
SO - 0002137,2015-01-21,174,Distributor,USD,AXW291,13,12,12,2492.4,29908.8,1395.74
SO - 0002138,2015-01-21,59,Distributor,USD,AXW291,10,28,6,1045.2,6271.2,595.76
SO - 0002139,2015-01-21,85,Export,USD,NXH382,54,18,10,6177.4,61774,2779.83
SO - 0002140,2015-01-21,123,Wholesale,USD,GUT930,42,8,12,2639.8,31677.6,1214.31
SO - 0002141,2015-01-21,92,Wholesale,USD,GUT930,34,22,12,2532.6,30391.2,1316.95
SO - 0002142,2015-01-21,60,Wholesale,USD,NXH382,51,26,11,1165.8,12823.8,687.82
SO - 0002143,2015-01-22,169,Distributor,USD,GUT930,31,3,12,3959.7,47516.4,3207.36
SO - 0002144,2015-01-22,6,Distributor,USD,AXW291,25,17,11,1125.6,12381.6,619.08
SO - 0002145,2015-01-22,80,Wholesale,USD,AXW291,23,26,9,2331.6,20984.4,1282.38
SO - 0002146,2015-01-22,5,Wholesale,USD,AXW291,22,3,11,1896.1,20857.1,1346.23
SO - 0002147,2015-01-22,127,Wholesale,USD,NXH382,51,25,7,3953,27671,3320.52
SO - 0002148,2015-01-22,103,Distributor,USD,NXH382,50,5,7,857.6,6003.2,634.62
SO - 0002149,2015-01-23,97,Wholesale,USD,GUT930,42,30,6,5641.4,33848.4,3272.01
SO - 0002150,2015-01-23,118,Wholesale,USD,AXW291,27,10,10,2217.7,22177,1552.39
SO - 0002151,2015-01-23,39,Wholesale,USD,AXW291,7,11,9,1855.9,16703.1,1317.69
SO - 0002152,2015-01-23,6,Wholesale,USD,AXW291,24,15,10,1976.5,19765,1581.2
SO - 0002153,2015-01-23,114,Wholesale,USD,AXW291,14,22,6,1065.3,6391.8,628.53
SO - 0002154,2015-01-24,59,Distributor,USD,GUT930,46,16,6,3872.6,23235.6,2594.64
SO - 0002155,2015-01-24,106,Distributor,USD,AXW291,27,20,9,3886,34974,1826.42
SO - 0002156,2015-01-24,174,Wholesale,USD,AXW291,14,15,7,268,1876,222.44
SO - 0002157,2015-01-24,118,Wholesale,USD,GUT930,41,24,5,214.4,1072,92.19
SO - 0002158,2015-01-24,141,Wholesale,USD,FLR025,63,14,5,676.7,3383.5,433.09
SO - 0002159,2015-01-24,147,Distributor,USD,GUT930,32,13,11,1005,11055,412.05
SO - 0002160,2015-01-24,113,Distributor,USD,NXH382,50,18,5,1065.3,5326.5,703.1
SO - 0002161,2015-01-24,159,Wholesale,USD,FLR025,64,26,12,167.5,2010,113.9
SO - 0002162,2015-01-24,137,Wholesale,USD,AXW291,9,4,9,1179.2,10612.8,837.23
SO - 0002163,2015-01-24,17,Wholesale,USD,GUT930,33,2,8,5808.9,46471.2,3485.34
SO - 0002164,2015-01-25,95,Wholesale,USD,AXW291,16,6,11,3772.1,41493.1,3093.12
SO - 0002165,2015-01-25,89,Wholesale,USD,AXW291,12,15,7,3484,24388,1532.96
SO - 0002166,2015-01-25,67,Export,USD,NXH382,52,4,11,1051.9,11570.9,420.76
SO - 0002167,2015-01-25,67,Wholesale,USD,FLR025,61,25,12,207.7,2492.4,116.31
SO - 0002168,2015-01-25,121,Wholesale,USD,AXW291,7,2,11,1708.5,18793.5,1195.95
SO - 0002169,2015-01-26,46,Distributor,USD,AXW291,29,11,11,1118.9,12307.9,794.42
SO - 0002170,2015-01-26,136,Wholesale,USD,GUT930,44,22,11,1896.1,20857.1,796.36
SO - 0002171,2015-01-26,82,Wholesale,USD,GUT930,35,4,6,2271.3,13627.8,931.23
SO - 0002172,2015-01-26,153,Export,USD,NXH382,55,13,5,5681.6,28408,3749.86
SO - 0002173,2015-01-26,109,Distributor,USD,NXH382,60,18,6,1065.3,6391.8,607.22
SO - 0002174,2015-01-26,34,Distributor,USD,GUT930,42,25,7,2579.5,18056.5,2140.99
SO - 0002175,2015-01-27,173,Wholesale,USD,NXH382,50,14,7,3879.3,27155.1,2987.06
SO - 0002176,2015-01-27,44,Distributor,USD,FLR025,60,13,9,2485.7,22371.3,1242.85
SO - 0002177,2015-01-27,166,Distributor,USD,GUT930,41,5,5,931.3,4656.5,707.79
SO - 0002178,2015-01-27,18,Wholesale,USD,NXH382,56,13,8,1112.2,8897.6,856.39
SO - 0002179,2015-01-27,149,Export,USD,AXW291,18,26,5,1058.6,5293,465.78
SO - 0002180,2015-01-27,27,Export,USD,AXW291,10,13,5,1018.4,5092,824.9
SO - 0002181,2015-01-28,7,Wholesale,USD,NXH382,52,2,5,1882.7,9413.5,1091.97
SO - 0002182,2015-01-28,117,Distributor,USD,AXW291,4,30,6,1025.1,6150.6,563.81
SO - 0002183,2015-01-28,152,Wholesale,USD,NXH382,55,14,8,5882.6,47060.8,4176.65
SO - 0002184,2015-01-28,33,Export,USD,AXW291,9,23,9,1125.6,10130.4,866.71
SO - 0002185,2015-01-28,157,Wholesale,USD,AXW291,8,8,9,1165.8,10492.2,920.98
SO - 0002186,2015-01-28,79,Wholesale,USD,AXW291,23,5,12,5353.3,64239.6,3533.18
SO - 0002187,2015-01-28,118,Distributor,USD,AXW291,19,18,11,3979.8,43777.8,1989.9
SO - 0002188,2015-01-28,97,Wholesale,USD,AXW291,4,28,11,194.3,2137.3,126.3
SO - 0002189,2015-01-28,130,Distributor,USD,GUT930,45,22,11,3852.5,42377.5,2812.33
SO - 0002190,2015-01-28,66,Export,USD,FLR025,62,25,12,6083.6,73003.2,2555.11
SO - 0002191,2015-01-28,144,Wholesale,USD,FLR025,66,16,8,6190.8,49526.4,2538.23
SO - 0002192,2015-01-29,109,Wholesale,USD,GUT930,46,19,10,3852.5,38525,2966.43
SO - 0002193,2015-01-29,46,Distributor,USD,GUT930,46,17,12,1735.3,20823.6,850.3
SO - 0002194,2015-01-29,159,Wholesale,USD,AXW291,26,20,7,2680,18760,1098.8
SO - 0002195,2015-01-29,37,Wholesale,USD,AXW291,24,15,7,1675,11725,686.75
SO - 0002196,2015-01-29,133,Wholesale,USD,GUT930,44,2,10,1681.7,16817,908.12
SO - 0002197,2015-01-29,27,Wholesale,USD,NXH382,57,25,9,3892.7,35034.3,2374.55
SO - 0002198,2015-01-29,92,Export,USD,FLR025,64,22,6,3979.8,23878.8,1870.51
SO - 0002199,2015-01-29,125,Export,USD,GUT930,43,14,10,1152.4,11524,507.06
SO - 0002200,2015-01-29,75,Distributor,USD,FLR025,63,13,9,3819,34371,1565.79
SO - 0002201,2015-01-29,153,Export,USD,NXH382,49,26,8,2385.2,19081.6,1955.86
SO - 0002202,2015-01-29,74,Wholesale,USD,AXW291,20,3,9,3879.3,34913.7,2056.03
SO - 0002203,2015-01-29,11,Wholesale,USD,AXW291,6,28,9,3819,34371,2405.97
SO - 0002204,2015-01-29,85,Wholesale,USD,NXH382,47,25,12,207.7,2492.4,141.24
SO - 0002205,2015-01-29,116,Wholesale,USD,GUT930,32,20,10,1105.5,11055,884.4
SO - 0002206,2015-01-29,81,Wholesale,USD,AXW291,14,16,8,174.2,1393.6,109.75
SO - 0002207,2015-01-29,174,Wholesale,USD,AXW291,12,14,6,1018.4,6110.4,773.98
SO - 0002208,2015-01-30,135,Wholesale,USD,AXW291,16,13,8,2525.9,20207.2,1161.91
SO - 0002209,2015-01-30,138,Export,USD,NXH382,52,1,8,3859.2,30873.6,2354.11
SO - 0002210,2015-01-30,65,Distributor,USD,FLR025,62,7,8,2378.5,19028,1522.24
SO - 0002211,2015-01-30,114,Wholesale,USD,AXW291,20,11,9,2010,18090,1386.9
SO - 0002212,2015-01-30,165,Distributor,USD,AXW291,15,25,10,3865.9,38659,1585.02
SO - 0002213,2015-01-30,18,Wholesale,USD,AXW291,6,27,5,1701.8,8509,1242.31
SO - 0002214,2015-01-30,33,Wholesale,USD,GUT930,32,18,9,1889.4,17004.6,944.7
SO - 0002215,2015-01-30,34,Export,USD,GUT930,32,27,6,221.1,1326.6,114.97
SO - 0002216,2015-01-30,98,Distributor,USD,AXW291,21,3,11,984.9,10833.9,492.45
SO - 0002217,2015-01-30,133,Wholesale,USD,AXW291,2,19,9,1098.8,9889.2,483.47
SO - 0002218,2015-01-31,173,Wholesale,USD,AXW291,19,23,6,931.3,5587.8,577.41
SO - 0002219,2015-01-31,128,Export,USD,GUT930,39,6,5,5641.4,28207,4456.71
SO - 0002220,2015-01-31,66,Wholesale,USD,NXH382,57,17,11,1065.3,11718.3,788.32
SO - 0002221,2015-01-31,46,Distributor,USD,AXW291,8,11,11,1058.6,11644.6,857.47
SO - 0002222,2015-01-31,144,Wholesale,USD,AXW291,2,14,12,1842.5,22110,902.83
SO - 0002223,2015-02-01,74,Distributor,USD,GUT930,33,29,11,2840.8,31248.8,1619.26
SO - 0002224,2015-02-01,170,Export,USD,FLR025,61,29,9,3886,34974,2020.72
SO - 0002225,2015-02-01,128,Wholesale,USD,NXH382,51,18,7,1869.3,13085.1,1084.19
SO - 0002226,2015-02-01,161,Export,USD,NXH382,58,15,5,1072,5360,825.44
SO - 0002227,2015-02-01,156,Distributor,USD,NXH382,55,4,8,1319.9,10559.2,857.94
SO - 0002228,2015-02-01,94,Export,USD,GUT930,35,13,6,3832.4,22994.4,1762.9
SO - 0002229,2015-02-01,68,Wholesale,USD,AXW291,26,28,8,2653.2,21225.6,2069.5
SO - 0002230,2015-02-02,26,Wholesale,USD,NXH382,55,4,7,1715.2,12006.4,1149.18
SO - 0002231,2015-02-02,150,Wholesale,USD,GUT930,44,17,5,3437.1,17185.5,1615.44
SO - 0002232,2015-02-02,169,Wholesale,USD,AXW291,16,13,9,3852.5,34672.5,2581.18
SO - 0002233,2015-02-02,64,Wholesale,USD,FLR025,64,14,8,1989.9,15919.2,1552.12
SO - 0002234,2015-02-02,122,Distributor,USD,AXW291,23,17,6,1118.9,6713.4,827.99
SO - 0002235,2015-02-03,6,Distributor,USD,GUT930,44,25,11,1092.1,12013.1,709.87
SO - 0002236,2015-02-03,33,Export,USD,NXH382,54,7,8,2405.3,19242.4,1154.54
SO - 0002237,2015-02-03,118,Wholesale,USD,GUT930,43,26,10,1038.5,10385,446.56
SO - 0002238,2015-02-03,12,Wholesale,USD,AXW291,17,2,7,1031.8,7222.6,546.85
SO - 0002239,2015-02-03,46,Distributor,USD,AXW291,28,13,12,2532.6,30391.2,1443.58
SO - 0002240,2015-02-04,130,Distributor,USD,AXW291,25,25,10,2552.7,25527,1557.15
SO - 0002241,2015-02-04,91,Export,USD,NXH382,49,26,10,1802.3,18023,829.06
SO - 0002242,2015-02-04,41,Distributor,USD,NXH382,58,5,6,1085.4,6512.4,694.66
SO - 0002243,2015-02-04,158,Distributor,USD,FLR025,66,26,11,3363.4,36997.4,2354.38
SO - 0002244,2015-02-04,108,Wholesale,USD,GUT930,35,27,8,5701.7,45613.6,2280.68
SO - 0002245,2015-02-04,135,Wholesale,USD,FLR025,64,18,9,174.2,1567.8,125.42
SO - 0002246,2015-02-04,24,Distributor,USD,AXW291,31,3,11,1065.3,11718.3,671.14
SO - 0002247,2015-02-04,84,Export,USD,NXH382,50,3,8,1105.5,8844,928.62
SO - 0002248,2015-02-04,52,Wholesale,USD,FLR025,63,25,6,167.5,1005,108.88
SO - 0002249,2015-02-05,133,Distributor,USD,NXH382,54,12,11,3752,41272,3001.6
SO - 0002250,2015-02-05,61,Wholesale,USD,NXH382,51,15,8,703.5,5628,576.87
SO - 0002251,2015-02-05,99,Distributor,USD,GUT930,32,11,5,1795.6,8978,772.11
SO - 0002252,2015-02-05,21,Wholesale,USD,AXW291,10,2,8,3899.4,31195.2,2300.65
SO - 0002253,2015-02-05,48,Export,USD,AXW291,24,19,9,991.6,8924.4,803.2
SO - 0002254,2015-02-05,10,Wholesale,USD,FLR025,65,11,6,2539.3,15235.8,1193.47
SO - 0002255,2015-02-05,163,Export,USD,GUT930,43,1,8,1051.9,8415.2,704.77
SO - 0002256,2015-02-06,150,Wholesale,USD,GUT930,32,25,6,911.2,5467.2,501.16
SO - 0002257,2015-02-06,148,Wholesale,USD,AXW291,6,15,12,3912.8,46953.6,3325.88
SO - 0002258,2015-02-06,42,Wholesale,USD,NXH382,57,3,8,998.3,7986.4,708.79
SO - 0002259,2015-02-06,161,Wholesale,USD,AXW291,3,26,12,1031.8,12381.6,433.36
SO - 0002260,2015-02-06,91,Distributor,USD,AXW291,27,25,5,2753.7,13768.5,1459.46
SO - 0002261,2015-02-06,43,Wholesale,USD,AXW291,14,26,9,234.5,2110.5,143.05
SO - 0002262,2015-02-06,26,Wholesale,USD,AXW291,8,14,8,1132.3,9058.4,702.03
SO - 0002263,2015-02-06,18,Wholesale,USD,GUT930,40,15,10,978.2,9782,449.97
SO - 0002264,2015-02-06,78,Wholesale,USD,FLR025,65,6,7,2619.7,18337.9,1938.58
SO - 0002265,2015-02-06,45,Wholesale,USD,AXW291,4,19,11,1078.7,11865.7,528.56
SO - 0002266,2015-02-06,175,Wholesale,USD,AXW291,6,15,6,1829.1,10974.6,804.8
SO - 0002267,2015-02-07,31,Wholesale,USD,AXW291,27,17,12,1038.5,12462,508.87
SO - 0002268,2015-02-07,111,Wholesale,USD,GUT930,45,14,8,3946.3,31570.4,1894.22
SO - 0002269,2015-02-07,121,Wholesale,USD,NXH382,53,6,8,5299.7,42397.6,2596.85
SO - 0002270,2015-02-07,158,Wholesale,USD,GUT930,37,9,6,2365.1,14190.6,1442.71
SO - 0002271,2015-02-07,14,Export,USD,AXW291,9,16,6,268,1608,120.6
SO - 0002272,2015-02-07,58,Distributor,USD,AXW291,25,25,12,1139,13668,785.91
SO - 0002273,2015-02-07,116,Wholesale,USD,AXW291,27,13,9,1139,10251,751.74
SO - 0002274,2015-02-07,19,Export,USD,FLR025,64,16,7,247.9,1735.3,148.74
SO - 0002275,2015-02-07,70,Distributor,USD,GUT930,35,14,12,3926.2,47114.4,1806.05
SO - 0002276,2015-02-07,144,Export,USD,GUT930,40,17,12,938,11256,712.88
SO - 0002277,2015-02-08,13,Distributor,USD,NXH382,54,2,10,3718.5,37185,2417.03
SO - 0002278,2015-02-08,74,Wholesale,USD,NXH382,51,13,6,2472.3,14833.8,1335.04
SO - 0002279,2015-02-08,2,Wholesale,USD,AXW291,18,4,9,5601.2,50410.8,3080.66
SO - 0002280,2015-02-08,98,Wholesale,USD,AXW291,5,26,11,3959.7,43556.7,1861.06
SO - 0002281,2015-02-08,76,Distributor,USD,AXW291,28,26,7,1802.3,12616.1,720.92
SO - 0002282,2015-02-08,165,Wholesale,USD,AXW291,6,27,9,2418.7,21768.3,1596.34
SO - 0002283,2015-02-08,168,Wholesale,USD,AXW291,8,20,6,1299.8,7798.8,1065.84
SO - 0002284,2015-02-08,77,Wholesale,USD,AXW291,31,2,8,1118.9,8951.2,682.53
SO - 0002285,2015-02-08,142,Distributor,USD,NXH382,53,19,6,3932.9,23597.4,1573.16
SO - 0002286,2015-02-08,170,Wholesale,USD,GUT930,38,12,5,221.1,1105.5,95.07
SO - 0002287,2015-02-08,109,Distributor,USD,AXW291,6,26,10,187.6,1876,93.8
SO - 0002288,2015-02-09,76,Export,USD,AXW291,28,5,11,2244.5,24689.5,1324.26
SO - 0002289,2015-02-09,26,Wholesale,USD,GUT930,38,22,8,2432.1,19456.8,1799.75
SO - 0002290,2015-02-09,46,Distributor,USD,GUT930,41,26,6,6298,37788,3337.94
SO - 0002291,2015-02-09,13,Wholesale,USD,AXW291,12,13,10,2271.3,22713,1476.35
SO - 0002292,2015-02-09,64,Distributor,USD,NXH382,53,2,6,3979.8,23878.8,2785.86
SO - 0002293,2015-02-09,133,Wholesale,USD,GUT930,46,20,12,241.2,2894.4,166.43
SO - 0002294,2015-02-09,78,Distributor,USD,GUT930,42,14,11,1098.8,12086.8,439.52
SO - 0002295,2015-02-09,128,Wholesale,USD,AXW291,8,16,5,2331.6,11658,1468.91
SO - 0002296,2015-02-09,5,Distributor,USD,AXW291,15,4,5,2934.6,14673,2406.37
SO - 0002297,2015-02-10,16,Wholesale,USD,FLR025,60,27,5,1788.9,8944.5,1377.45
SO - 0002298,2015-02-10,128,Wholesale,USD,NXH382,53,11,7,3075.3,21527.1,2583.25
SO - 0002299,2015-02-10,47,Wholesale,USD,GUT930,32,28,5,2257.9,11289.5,1422.48
SO - 0002300,2015-02-10,86,Distributor,USD,NXH382,54,26,11,971.5,10686.5,612.05
SO - 0002301,2015-02-10,131,Distributor,USD,AXW291,25,26,6,3705.1,22230.6,2482.42
SO - 0002302,2015-02-10,154,Export,USD,NXH382,60,2,5,241.2,1206,110.95
SO - 0002303,2015-02-10,127,Wholesale,USD,FLR025,64,7,8,3953,31624,2529.92
SO - 0002304,2015-02-11,120,Distributor,USD,AXW291,17,15,7,844.2,5909.4,337.68
SO - 0002305,2015-02-11,131,Distributor,USD,GUT930,45,29,11,2633.1,28964.1,1737.85
SO - 0002306,2015-02-11,68,Export,USD,AXW291,31,25,10,1701.8,17018,1412.49
SO - 0002307,2015-02-11,160,Export,USD,AXW291,3,19,11,167.5,1842.5,78.73
SO - 0002308,2015-02-11,40,Distributor,USD,FLR025,63,13,6,2378.5,14271,1236.82
SO - 0002309,2015-02-11,9,Wholesale,USD,AXW291,3,13,12,1078.7,12944.4,733.52
SO - 0002310,2015-02-11,167,Wholesale,USD,AXW291,13,12,11,2452.2,26974.2,1888.19
SO - 0002311,2015-02-11,10,Wholesale,USD,NXH382,47,14,7,1922.9,13460.3,1519.09
SO - 0002312,2015-02-11,88,Wholesale,USD,GUT930,46,20,7,6224.3,43570.1,3859.07
SO - 0002313,2015-02-12,54,Wholesale,USD,NXH382,49,25,11,1876,20636,994.28
SO - 0002314,2015-02-12,29,Wholesale,USD,GUT930,35,14,5,6304.7,31523.5,2774.07
SO - 0002315,2015-02-12,122,Wholesale,USD,GUT930,43,1,5,964.8,4824,569.23
SO - 0002316,2015-02-12,174,Wholesale,USD,AXW291,21,6,11,3611.3,39724.3,2780.7
SO - 0002317,2015-02-12,157,Wholesale,USD,NXH382,55,13,5,1005,5025,633.15
SO - 0002318,2015-02-12,85,Wholesale,USD,GUT930,41,13,9,2793.9,25145.1,1201.38
SO - 0002319,2015-02-12,138,Wholesale,USD,GUT930,31,30,6,850.9,5105.4,646.68
SO - 0002320,2015-02-12,149,Distributor,USD,NXH382,49,14,5,2278,11390,1913.52
SO - 0002321,2015-02-12,28,Export,USD,AXW291,7,25,11,1092.1,12013.1,655.26
SO - 0002322,2015-02-12,70,Wholesale,USD,AXW291,29,4,11,6505.7,71562.7,3578.14
SO - 0002323,2015-02-13,24,Distributor,USD,AXW291,24,15,10,1125.6,11256,495.26
SO - 0002324,2015-02-13,129,Export,USD,AXW291,17,25,9,1165.8,10492.2,559.58
SO - 0002325,2015-02-13,167,Wholesale,USD,AXW291,18,10,12,978.2,11738.4,674.96
SO - 0002326,2015-02-13,163,Wholesale,USD,AXW291,10,2,9,3035.1,27315.9,1578.25
SO - 0002327,2015-02-13,4,Export,USD,NXH382,58,26,10,214.4,2144,167.23
SO - 0002328,2015-02-13,153,Wholesale,USD,FLR025,66,8,6,1125.6,6753.6,709.13
SO - 0002329,2015-02-13,70,Distributor,USD,AXW291,28,26,7,5567.7,38973.9,3284.94
SO - 0002330,2015-02-13,53,Wholesale,USD,NXH382,51,13,5,167.5,837.5,70.35
SO - 0002331,2015-02-13,16,Wholesale,USD,AXW291,2,24,6,1822.4,10934.4,1111.66
SO - 0002332,2015-02-13,71,Wholesale,USD,NXH382,51,14,8,5983.1,47864.8,2632.56
SO - 0002333,2015-02-13,153,Distributor,USD,NXH382,49,24,7,1802.3,12616.1,1135.45
SO - 0002334,2015-02-13,158,Wholesale,USD,AXW291,5,13,7,3939.6,27577.2,2481.95
SO - 0002335,2015-02-14,83,Wholesale,USD,GUT930,38,25,5,676.7,3383.5,311.28
SO - 0002336,2015-02-14,168,Distributor,USD,AXW291,2,1,9,3457.2,31114.8,1452.02
SO - 0002337,2015-02-15,56,Distributor,USD,AXW291,31,6,6,5681.6,34089.6,4658.91
SO - 0002338,2015-02-15,85,Wholesale,USD,GUT930,45,5,11,254.6,2800.6,178.22
SO - 0002339,2015-02-15,39,Wholesale,USD,GUT930,46,13,10,3879.3,38793,2831.89
SO - 0002340,2015-02-15,84,Export,USD,AXW291,9,27,5,3289.7,16448.5,1776.44
SO - 0002341,2015-02-15,127,Distributor,USD,AXW291,4,19,8,227.8,1822.4,104.79
SO - 0002342,2015-02-15,110,Distributor,USD,GUT930,33,26,11,3685,40535,1731.95
SO - 0002343,2015-02-15,160,Wholesale,USD,NXH382,47,5,12,3832.4,45988.8,1724.58
SO - 0002344,2015-02-15,50,Distributor,USD,NXH382,58,5,12,221.1,2653.2,181.3
SO - 0002345,2015-02-15,162,Wholesale,USD,GUT930,45,22,12,1922.9,23074.8,1172.97
SO - 0002346,2015-02-15,77,Distributor,USD,AXW291,24,14,10,984.9,9849,453.05
SO - 0002347,2015-02-16,96,Distributor,USD,AXW291,16,5,5,1159.1,5795.5,776.6
SO - 0002348,2015-02-16,76,Distributor,USD,AXW291,17,5,9,261.3,2351.7,143.72
SO - 0002349,2015-02-16,99,Distributor,USD,NXH382,59,26,7,1688.4,11818.8,1181.88
SO - 0002350,2015-02-16,87,Distributor,USD,NXH382,58,13,12,884.4,10612.8,486.42
SO - 0002351,2015-02-17,122,Wholesale,USD,AXW291,31,15,8,797.3,6378.4,621.89
SO - 0002352,2015-02-17,49,Distributor,USD,GUT930,33,17,5,1139,5695,626.45
SO - 0002353,2015-02-17,73,Distributor,USD,GUT930,41,13,10,1822.4,18224,1457.92
SO - 0002354,2015-02-17,10,Distributor,USD,GUT930,40,13,6,2278,13668,1344.02
SO - 0002355,2015-02-17,156,Distributor,USD,NXH382,52,29,6,167.5,1005,120.6
SO - 0002356,2015-02-17,50,Wholesale,USD,AXW291,19,19,12,683.4,8200.8,512.55
SO - 0002357,2015-02-17,152,Distributor,USD,AXW291,22,26,12,1011.7,12140.4,748.66
SO - 0002358,2015-02-17,92,Wholesale,USD,AXW291,30,6,10,2479,24790,1512.19
SO - 0002359,2015-02-17,46,Export,USD,GUT930,36,26,5,2726.9,13634.5,1881.56
SO - 0002360,2015-02-18,24,Wholesale,USD,AXW291,22,25,7,1118.9,7832.3,906.31
SO - 0002361,2015-02-18,123,Wholesale,USD,GUT930,33,2,5,1279.7,6398.5,1010.96
SO - 0002362,2015-02-18,22,Wholesale,USD,AXW291,19,4,8,3919.5,31356,3292.38
SO - 0002363,2015-02-18,74,Wholesale,USD,AXW291,13,23,6,1855.9,11135.4,835.16
SO - 0002364,2015-02-18,7,Export,USD,AXW291,5,17,7,1849.2,12944.4,1423.88
SO - 0002365,2015-02-18,17,Distributor,USD,AXW291,22,26,5,5272.9,26364.5,2636.45
SO - 0002366,2015-02-18,154,Wholesale,USD,NXH382,56,1,11,194.3,2137.3,141.84
SO - 0002367,2015-02-18,108,Distributor,USD,GUT930,41,12,12,1038.5,12462,643.87
SO - 0002368,2015-02-18,56,Distributor,USD,NXH382,50,17,11,5279.6,58075.6,2375.82
SO - 0002369,2015-02-18,157,Wholesale,USD,GUT930,45,22,8,3705.1,29640.8,2111.91
SO - 0002370,2015-02-18,141,Export,USD,NXH382,58,12,8,194.3,1554.4,101.04
SO - 0002371,2015-02-18,21,Wholesale,USD,GUT930,43,11,7,1098.8,7691.6,879.04
SO - 0002372,2015-02-18,41,Wholesale,USD,GUT930,44,28,9,1762.1,15858.9,1409.68
SO - 0002373,2015-02-18,24,Export,USD,AXW291,17,25,8,174.2,1393.6,101.04
SO - 0002374,2015-02-18,63,Wholesale,USD,GUT930,32,26,8,2525.9,20207.2,1591.32
SO - 0002375,2015-02-19,149,Wholesale,USD,FLR025,62,25,6,1876,11256,1256.92
SO - 0002376,2015-02-19,11,Export,USD,GUT930,41,19,5,897.8,4489,718.24
SO - 0002377,2015-02-19,141,Export,USD,AXW291,9,1,9,844.2,7597.8,455.87
SO - 0002378,2015-02-19,28,Wholesale,USD,NXH382,58,12,5,3932.9,19664.5,2202.42
SO - 0002379,2015-02-19,53,Wholesale,USD,AXW291,3,28,5,3999.9,19999.5,2519.94
SO - 0002380,2015-02-19,74,Wholesale,USD,NXH382,53,21,7,964.8,6753.6,820.08
SO - 0002381,2015-02-19,148,Wholesale,USD,AXW291,24,5,7,1976.5,13835.5,1462.61
SO - 0002382,2015-02-20,160,Wholesale,USD,AXW291,8,5,7,978.2,6847.4,401.06
SO - 0002383,2015-02-20,112,Wholesale,USD,NXH382,49,22,5,3778.8,18894,3023.04
SO - 0002384,2015-02-20,150,Wholesale,USD,NXH382,47,25,8,1165.8,9326.4,967.61
SO - 0002385,2015-02-20,78,Wholesale,USD,FLR025,66,26,11,1152.4,12676.4,887.35
SO - 0002386,2015-02-20,112,Wholesale,USD,AXW291,26,1,10,1045.2,10452,522.6
SO - 0002387,2015-02-20,21,Wholesale,USD,GUT930,38,19,5,6385.1,31925.5,3767.21
SO - 0002388,2015-02-20,117,Wholesale,USD,AXW291,30,6,8,2686.7,21493.6,1423.95
SO - 0002389,2015-02-21,93,Distributor,USD,AXW291,19,13,5,6277.9,31389.5,3201.73
SO - 0002390,2015-02-21,22,Wholesale,USD,AXW291,21,26,8,1159.1,9272.8,857.73
SO - 0002391,2015-02-21,127,Export,USD,NXH382,50,25,11,1118.9,12307.9,671.34
SO - 0002392,2015-02-21,169,Wholesale,USD,AXW291,17,25,10,1340,13400,844.2
SO - 0002393,2015-02-21,95,Distributor,USD,AXW291,4,27,7,2331.6,16321.2,1841.96
SO - 0002394,2015-02-21,104,Export,USD,GUT930,41,1,10,2425.4,24254,1406.73
SO - 0002395,2015-02-21,8,Distributor,USD,AXW291,11,22,8,1092.1,8736.8,688.02
SO - 0002396,2015-02-21,8,Export,USD,AXW291,17,2,7,917.9,6425.3,614.99
SO - 0002397,2015-02-21,78,Wholesale,USD,GUT930,36,13,11,207.7,2284.7,85.16
SO - 0002398,2015-02-21,125,Wholesale,USD,AXW291,1,30,12,1996.6,23959.2,1637.21
SO - 0002399,2015-02-21,75,Distributor,USD,NXH382,50,7,6,234.5,1407,103.18
SO - 0002400,2015-02-22,160,Export,USD,AXW291,31,11,10,1005,10050,693.45
SO - 0002401,2015-02-22,2,Wholesale,USD,AXW291,14,26,8,5487.3,43898.4,4060.6
SO - 0002402,2015-02-22,132,Wholesale,USD,AXW291,22,16,6,5976.4,35858.4,3585.84
SO - 0002403,2015-02-22,65,Distributor,USD,AXW291,4,13,12,884.4,10612.8,619.08
SO - 0002404,2015-02-22,27,Wholesale,USD,AXW291,5,2,9,6157.3,55415.7,4802.69
SO - 0002405,2015-02-23,54,Wholesale,USD,AXW291,4,26,7,964.8,6753.6,694.66
SO - 0002406,2015-02-23,9,Distributor,USD,FLR025,62,11,10,3892.7,38927,1557.08
SO - 0002407,2015-02-23,28,Wholesale,USD,AXW291,3,13,9,227.8,2050.2,179.96
SO - 0002408,2015-02-23,174,Wholesale,USD,FLR025,65,5,6,1340,8040,991.6
SO - 0002409,2015-02-23,84,Wholesale,USD,AXW291,2,12,9,1105.5,9949.5,773.85
SO - 0002410,2015-02-23,129,Distributor,USD,AXW291,23,15,11,1058.6,11644.6,624.57
SO - 0002411,2015-02-23,130,Distributor,USD,AXW291,15,2,6,5695,34170,2619.7
SO - 0002412,2015-02-23,107,Wholesale,USD,GUT930,33,10,6,1058.6,6351.6,719.85
SO - 0002413,2015-02-23,136,Wholesale,USD,GUT930,44,12,8,1105.5,8844,475.37
SO - 0002414,2015-02-24,113,Distributor,USD,AXW291,9,25,10,1045.2,10452,553.96
SO - 0002415,2015-02-24,156,Distributor,USD,FLR025,60,26,9,1768.8,15919.2,1061.28
SO - 0002416,2015-02-24,132,Wholesale,USD,AXW291,27,11,9,804,7236,393.96
SO - 0002417,2015-02-24,137,Export,USD,AXW291,11,26,5,241.2,1206,101.3
SO - 0002418,2015-02-24,98,Export,USD,AXW291,6,13,7,3953,27671,2292.74
SO - 0002419,2015-02-24,105,Wholesale,USD,NXH382,59,5,8,6036.7,48293.6,3078.72
SO - 0002420,2015-02-24,94,Export,USD,AXW291,17,8,11,6197.5,68172.5,4338.25
SO - 0002421,2015-02-24,170,Distributor,USD,GUT930,36,25,10,6472.2,64722,3818.6
SO - 0002422,2015-02-24,112,Wholesale,USD,GUT930,36,25,5,2814,14070,1463.28
SO - 0002423,2015-02-24,121,Wholesale,USD,AXW291,11,26,8,221.1,1768.8,168.04
SO - 0002424,2015-02-24,93,Wholesale,USD,NXH382,53,13,11,2257.9,24836.9,1670.85
SO - 0002425,2015-02-25,77,Distributor,USD,FLR025,66,2,10,3946.3,39463,1973.15
SO - 0002426,2015-02-25,22,Distributor,USD,AXW291,4,13,11,268,2948,227.8
SO - 0002427,2015-02-25,130,Wholesale,USD,AXW291,6,14,9,6499,58491,4549.3
SO - 0002428,2015-02-25,14,Wholesale,USD,NXH382,55,15,7,938,6566,515.9
SO - 0002429,2015-02-25,168,Wholesale,USD,NXH382,52,5,9,938,8442,450.24
SO - 0002430,2015-02-26,56,Wholesale,USD,AXW291,23,4,11,1145.7,12602.7,595.76
SO - 0002431,2015-02-26,34,Wholesale,USD,GUT930,43,25,10,1065.3,10653,671.14
SO - 0002432,2015-02-26,158,Distributor,USD,AXW291,11,13,7,3906.1,27342.7,1562.44
SO - 0002433,2015-02-26,35,Wholesale,USD,FLR025,65,13,12,3845.8,46149.6,2922.81
SO - 0002434,2015-02-26,129,Wholesale,USD,AXW291,22,5,10,3845.8,38458,2922.81
SO - 0002435,2015-02-26,136,Wholesale,USD,AXW291,6,5,8,1031.8,8254.4,443.67
SO - 0002436,2015-02-26,157,Distributor,USD,FLR025,60,27,11,3859.2,42451.2,1736.64
SO - 0002437,2015-02-26,48,Distributor,USD,NXH382,58,27,7,1092.1,7644.7,589.73
SO - 0002438,2015-02-26,107,Distributor,USD,GUT930,41,2,12,877.7,10532.4,684.61
SO - 0002439,2015-02-27,20,Distributor,USD,GUT930,46,8,8,1775.5,14204,1047.55
SO - 0002440,2015-02-27,40,Wholesale,USD,FLR025,64,1,11,3859.2,42451.2,3241.73
SO - 0002441,2015-02-27,86,Export,USD,AXW291,16,4,9,2539.3,22853.7,1295.04
SO - 0002442,2015-02-27,100,Distributor,USD,AXW291,4,13,9,2304.8,20743.2,1936.03
SO - 0002443,2015-02-27,112,Wholesale,USD,FLR025,61,13,7,254.6,1782.2,168.04
SO - 0002444,2015-02-28,115,Wholesale,USD,NXH382,56,23,5,917.9,4589.5,440.59
SO - 0002445,2015-02-28,67,Distributor,USD,AXW291,13,13,11,1005,11055,814.05
SO - 0002446,2015-02-28,104,Export,USD,NXH382,48,1,8,1715.2,13721.6,891.9
SO - 0002447,2015-02-28,130,Export,USD,GUT930,45,14,8,241.2,1929.6,106.13
SO - 0002448,2015-02-28,22,Distributor,USD,GUT930,42,6,10,3953,39530,2569.45
SO - 0002449,2015-02-28,167,Wholesale,USD,AXW291,2,29,7,1145.7,8019.9,641.59
SO - 0002450,2015-02-28,37,Export,USD,FLR025,64,27,7,991.6,6941.2,664.37
SO - 0002451,2015-02-28,20,Wholesale,USD,FLR025,60,16,6,3946.3,23677.8,2012.61
SO - 0002452,2015-02-28,98,Wholesale,USD,AXW291,16,13,5,1132.3,5661.5,871.87
SO - 0002453,2015-02-28,38,Export,USD,GUT930,33,7,5,1072,5360,696.8
SO - 0002454,2015-02-28,170,Distributor,USD,NXH382,58,2,10,938,9380,450.24
SO - 0002455,2015-03-01,79,Wholesale,USD,AXW291,30,15,7,1058.6,7410.2,529.3
SO - 0002456,2015-03-01,171,Wholesale,USD,FLR025,66,26,12,5406.9,64882.8,2216.83
SO - 0002457,2015-03-01,164,Distributor,USD,AXW291,16,29,5,5514.1,27570.5,4025.29
SO - 0002458,2015-03-01,22,Wholesale,USD,NXH382,58,19,6,2452.2,14713.2,1422.28
SO - 0002459,2015-03-01,51,Distributor,USD,AXW291,7,22,12,3979.8,47757.6,2706.26
SO - 0002460,2015-03-01,140,Wholesale,USD,AXW291,24,15,7,6371.7,44601.9,5288.51
SO - 0002461,2015-03-01,117,Export,USD,AXW291,30,14,12,3852.5,46230,1541
SO - 0002462,2015-03-02,104,Distributor,USD,GUT930,41,14,8,2968.1,23744.8,2433.84
SO - 0002463,2015-03-02,34,Export,USD,FLR025,62,12,11,6378.4,70162.4,3252.98
SO - 0002464,2015-03-02,77,Wholesale,USD,FLR025,60,26,8,1165.8,9326.4,804.4
SO - 0002465,2015-03-02,173,Wholesale,USD,NXH382,60,19,10,1085.4,10854,586.12
SO - 0002466,2015-03-02,29,Wholesale,USD,AXW291,11,25,9,2485.7,22371.3,994.28
SO - 0002467,2015-03-02,17,Distributor,USD,NXH382,58,20,5,2472.3,12361.5,1161.98
SO - 0002468,2015-03-02,19,Wholesale,USD,GUT930,45,5,8,1983.2,15865.6,1348.58
SO - 0002469,2015-03-02,11,Distributor,USD,AXW291,6,1,10,1031.8,10318,660.35
SO - 0002470,2015-03-02,166,Distributor,USD,AXW291,21,1,6,1748.7,10492.2,786.92
SO - 0002471,2015-03-02,174,Wholesale,USD,GUT930,35,25,9,2680,24120,2090.4
SO - 0002472,2015-03-02,162,Wholesale,USD,GUT930,42,5,6,5179.1,31074.6,4246.86
SO - 0002473,2015-03-03,63,Distributor,USD,NXH382,47,2,8,2398.6,19188.8,1918.88
SO - 0002474,2015-03-03,14,Wholesale,USD,AXW291,20,13,5,1762.1,8810.5,1215.85
SO - 0002475,2015-03-03,138,Distributor,USD,AXW291,20,17,9,5628,50652,4333.56
SO - 0002476,2015-03-04,38,Wholesale,USD,AXW291,28,17,11,5272.9,58001.9,3480.11
SO - 0002477,2015-03-04,122,Wholesale,USD,AXW291,24,7,11,3758.7,41345.7,2367.98
SO - 0002478,2015-03-04,117,Wholesale,USD,GUT930,43,25,10,1011.7,10117,465.38
SO - 0002479,2015-03-04,81,Wholesale,USD,GUT930,44,15,6,3155.7,18934.2,1704.08
SO - 0002480,2015-03-04,21,Export,USD,AXW291,27,23,8,5922.8,47382.4,3257.54
SO - 0002481,2015-03-04,87,Wholesale,USD,GUT930,32,16,6,2646.5,15879,1667.3
SO - 0002482,2015-03-04,2,Distributor,USD,AXW291,21,2,10,911.2,9112,564.94
SO - 0002483,2015-03-04,78,Wholesale,USD,NXH382,51,13,9,837.5,7537.5,502.5
SO - 0002484,2015-03-05,67,Distributor,USD,FLR025,62,6,5,1340,6700,924.6
SO - 0002485,2015-03-05,54,Distributor,USD,GUT930,38,24,9,2914.5,26230.5,2389.89
SO - 0002486,2015-03-05,6,Distributor,USD,AXW291,9,14,7,1045.2,7316.4,721.19
SO - 0002487,2015-03-05,49,Distributor,USD,AXW291,18,25,6,3859.2,23155.2,1968.19
SO - 0002488,2015-03-06,81,Distributor,USD,NXH382,59,12,10,6070.2,60702,4552.65
SO - 0002489,2015-03-06,98,Wholesale,USD,GUT930,44,5,5,1031.8,5159,484.95
SO - 0002490,2015-03-06,174,Wholesale,USD,AXW291,24,5,10,1279.7,12797,678.24
SO - 0002491,2015-03-07,84,Wholesale,USD,AXW291,26,10,8,1051.9,8415.2,610.1
SO - 0002492,2015-03-07,151,Export,USD,AXW291,23,26,5,2224.4,11122,1201.18
SO - 0002493,2015-03-07,104,Wholesale,USD,FLR025,64,1,12,911.2,10934.4,674.29
SO - 0002494,2015-03-08,78,Wholesale,USD,GUT930,42,23,6,1072,6432,450.24
SO - 0002495,2015-03-08,124,Wholesale,USD,AXW291,20,1,5,1748.7,8743.5,1381.47
SO - 0002496,2015-03-08,119,Distributor,USD,NXH382,48,3,6,2532.6,15195.6,2102.06
SO - 0002497,2015-03-08,160,Wholesale,USD,NXH382,57,5,9,1976.5,17788.5,849.9
SO - 0002498,2015-03-08,77,Wholesale,USD,AXW291,7,17,9,1909.5,17185.5,1413.03
SO - 0002499,2015-03-09,23,Wholesale,USD,GUT930,39,16,10,1092.1,10921,917.36
SO - 0002500,2015-03-09,79,Distributor,USD,FLR025,62,17,6,1018.4,6110.4,519.38
SO - 0002501,2015-03-09,124,Distributor,USD,AXW291,8,4,10,844.2,8442,574.06
SO - 0002502,2015-03-09,168,Distributor,USD,NXH382,54,2,9,6432,57888,2637.12
SO - 0002503,2015-03-09,15,Wholesale,USD,AXW291,15,8,8,1125.6,9004.8,765.41
SO - 0002504,2015-03-09,42,Export,USD,FLR025,66,27,11,1976.5,21741.5,790.6
SO - 0002505,2015-03-09,108,Wholesale,USD,AXW291,22,15,11,1125.6,12381.6,607.82
SO - 0002506,2015-03-09,116,Export,USD,AXW291,22,26,12,1949.7,23396.4,896.86
SO - 0002507,2015-03-09,169,Wholesale,USD,GUT930,35,15,5,2345,11725,1876
SO - 0002508,2015-03-09,166,Distributor,USD,NXH382,48,16,8,1802.3,14418.4,1279.63
SO - 0002509,2015-03-09,131,Distributor,USD,GUT930,37,3,10,214.4,2144,105.06
SO - 0002510,2015-03-09,136,Wholesale,USD,GUT930,45,2,8,3008.3,24066.4,1263.49
SO - 0002511,2015-03-10,59,Wholesale,USD,GUT930,36,13,7,1165.8,8160.6,827.72
SO - 0002512,2015-03-10,157,Distributor,USD,NXH382,50,26,5,1031.8,5159,412.72
SO - 0002513,2015-03-10,164,Export,USD,AXW291,28,6,8,1882.7,15061.6,1016.66
SO - 0002514,2015-03-10,64,Wholesale,USD,AXW291,28,5,12,1018.4,12220.8,743.43
SO - 0002515,2015-03-10,66,Distributor,USD,GUT930,41,14,8,3832.4,30659.2,3027.6
SO - 0002516,2015-03-10,116,Wholesale,USD,NXH382,58,15,9,5299.7,47697.3,2172.88
SO - 0002517,2015-03-10,47,Export,USD,AXW291,11,8,7,3839.1,26873.7,2917.72
SO - 0002518,2015-03-11,127,Distributor,USD,AXW291,5,26,7,991.6,6941.2,763.53
SO - 0002519,2015-03-11,80,Distributor,USD,AXW291,17,5,9,234.5,2110.5,136.01
SO - 0002520,2015-03-11,26,Wholesale,USD,GUT930,32,26,6,1098.8,6592.8,604.34
SO - 0002521,2015-03-11,147,Wholesale,USD,AXW291,13,8,10,221.1,2211,117.18
SO - 0002522,2015-03-11,24,Wholesale,USD,NXH382,52,15,12,207.7,2492.4,110.08
SO - 0002523,2015-03-12,15,Export,USD,AXW291,6,1,5,3999.9,19999.5,1639.96
SO - 0002524,2015-03-12,162,Wholesale,USD,AXW291,23,4,9,2552.7,22974.3,1455.04
SO - 0002525,2015-03-12,137,Wholesale,USD,NXH382,48,3,5,3966.4,19832,2816.14
SO - 0002526,2015-03-12,137,Wholesale,USD,AXW291,10,27,5,1118.9,5594.5,850.36
SO - 0002527,2015-03-12,3,Wholesale,USD,AXW291,24,5,5,1145.7,5728.5,905.1
SO - 0002528,2015-03-12,137,Distributor,USD,GUT930,42,3,5,2606.3,13031.5,1407.4
SO - 0002529,2015-03-12,88,Wholesale,USD,NXH382,51,19,7,2820.7,19744.9,2228.35
SO - 0002530,2015-03-12,169,Distributor,USD,AXW291,29,3,6,1755.4,10532.4,1228.78
SO - 0002531,2015-03-12,114,Wholesale,USD,AXW291,26,17,7,1139,7973,706.18
SO - 0002532,2015-03-12,103,Distributor,USD,AXW291,14,19,5,5152.3,25761.5,4173.36
SO - 0002533,2015-03-12,43,Distributor,USD,AXW291,25,13,11,3832.4,42156.4,3027.6
SO - 0002534,2015-03-13,98,Wholesale,USD,NXH382,59,4,7,1815.7,12709.9,1325.46
SO - 0002535,2015-03-13,118,Wholesale,USD,AXW291,28,26,7,5360,37520,2840.8
SO - 0002536,2015-03-14,59,Wholesale,USD,AXW291,6,14,12,1118.9,13426.8,783.23
SO - 0002537,2015-03-14,140,Wholesale,USD,FLR025,66,2,10,3577.8,35778,2003.57
SO - 0002538,2015-03-14,126,Distributor,USD,AXW291,31,9,11,3832.4,42156.4,1686.26
SO - 0002539,2015-03-14,166,Wholesale,USD,NXH382,49,26,10,1112.2,11122,867.52
SO - 0002540,2015-03-14,88,Wholesale,USD,AXW291,19,9,9,3852.5,34672.5,2272.98
SO - 0002541,2015-03-14,100,Wholesale,USD,AXW291,15,26,11,180.9,1989.9,92.26
SO - 0002542,2015-03-15,144,Wholesale,USD,GUT930,41,21,5,5594.5,27972.5,2629.42
SO - 0002543,2015-03-15,114,Export,USD,FLR025,64,14,9,3644.8,32803.2,2587.81
SO - 0002544,2015-03-15,107,Wholesale,USD,NXH382,48,30,6,1239.5,7437,1028.79
SO - 0002545,2015-03-15,142,Wholesale,USD,NXH382,52,16,12,690.1,8281.2,441.66
SO - 0002546,2015-03-15,117,Distributor,USD,GUT930,36,22,11,837.5,9212.5,703.5
SO - 0002547,2015-03-15,119,Wholesale,USD,GUT930,43,19,11,2458.9,27047.9,1549.11
SO - 0002548,2015-03-15,10,Export,USD,GUT930,40,25,11,1922.9,21151.9,1576.78
SO - 0002549,2015-03-15,24,Wholesale,USD,GUT930,46,26,10,3872.6,38726,2323.56
SO - 0002550,2015-03-15,168,Export,USD,GUT930,32,12,10,1715.2,17152,1337.86
SO - 0002551,2015-03-16,47,Export,USD,AXW291,5,26,11,3859.2,42451.2,1929.6
SO - 0002552,2015-03-16,33,Wholesale,USD,NXH382,55,25,6,3892.7,23356.2,1829.57
SO - 0002553,2015-03-16,54,Export,USD,NXH382,48,22,9,1085.4,9768.6,890.03
SO - 0002554,2015-03-16,169,Wholesale,USD,AXW291,28,26,8,931.3,7450.4,409.77
SO - 0002555,2015-03-16,156,Wholesale,USD,AXW291,24,18,12,1145.7,13748.4,733.25
SO - 0002556,2015-03-16,112,Wholesale,USD,NXH382,57,1,11,2405.3,26458.3,986.17
SO - 0002557,2015-03-16,44,Distributor,USD,AXW291,9,18,8,4006.6,32052.8,1843.04
SO - 0002558,2015-03-16,89,Wholesale,USD,FLR025,64,29,7,201,1407,106.53
SO - 0002559,2015-03-16,71,Wholesale,USD,NXH382,53,4,7,227.8,1594.6,170.85
SO - 0002560,2015-03-16,158,Wholesale,USD,GUT930,44,2,9,3845.8,34612.2,1845.98
SO - 0002561,2015-03-16,51,Wholesale,USD,GUT930,37,14,9,3825.7,34431.3,2295.42
SO - 0002562,2015-03-17,27,Distributor,USD,AXW291,29,23,7,4013.3,28093.1,2287.58
SO - 0002563,2015-03-17,77,Wholesale,USD,AXW291,28,17,12,261.3,3135.6,201.2
SO - 0002564,2015-03-17,28,Wholesale,USD,AXW291,1,3,12,167.5,2010,103.85
SO - 0002565,2015-03-17,122,Distributor,USD,AXW291,18,20,5,1125.6,5628,709.13
SO - 0002566,2015-03-17,115,Export,USD,AXW291,22,4,9,3819,34371,2176.83
SO - 0002567,2015-03-17,5,Distributor,USD,NXH382,51,1,5,5453.8,27269,3163.2
SO - 0002568,2015-03-17,63,Export,USD,FLR025,63,24,6,2291.4,13748.4,1191.53
SO - 0002569,2015-03-17,77,Wholesale,USD,GUT930,41,8,11,1762.1,19383.1,1321.58
SO - 0002570,2015-03-18,117,Distributor,USD,FLR025,63,1,8,911.2,7289.6,428.26
SO - 0002571,2015-03-18,90,Export,USD,AXW291,7,18,8,2311.5,18492,1641.17
SO - 0002572,2015-03-18,95,Wholesale,USD,GUT930,43,14,8,6210.9,49687.2,4471.85
SO - 0002573,2015-03-18,35,Distributor,USD,NXH382,49,20,7,5306.4,37144.8,4351.25
SO - 0002574,2015-03-18,124,Distributor,USD,AXW291,17,18,9,2740.3,24662.7,1863.4
SO - 0002575,2015-03-18,120,Export,USD,GUT930,39,26,6,1118.9,6713.4,906.31
SO - 0002576,2015-03-18,75,Wholesale,USD,AXW291,23,3,12,1098.8,13185.6,725.21
SO - 0002577,2015-03-19,113,Wholesale,USD,AXW291,30,1,8,958.1,7664.8,795.22
SO - 0002578,2015-03-19,60,Wholesale,USD,FLR025,65,1,11,6217.6,68393.6,4911.9
SO - 0002579,2015-03-19,26,Distributor,USD,FLR025,65,19,11,917.9,10096.9,559.92
SO - 0002580,2015-03-19,40,Wholesale,USD,GUT930,41,25,7,1132.3,7926.1,554.83
SO - 0002581,2015-03-19,164,Wholesale,USD,GUT930,36,20,5,1695.1,8475.5,830.6
SO - 0002582,2015-03-19,112,Wholesale,USD,AXW291,11,20,9,998.3,8984.7,798.64
SO - 0002583,2015-03-19,173,Export,USD,AXW291,25,5,10,1701.8,17018,867.92
SO - 0002584,2015-03-19,130,Distributor,USD,FLR025,63,3,11,1025.1,11276.1,707.32
SO - 0002585,2015-03-19,88,Export,USD,AXW291,12,2,9,261.3,2351.7,203.81
SO - 0002586,2015-03-19,155,Wholesale,USD,GUT930,39,25,12,1092.1,13105.2,611.58
SO - 0002587,2015-03-20,118,Export,USD,AXW291,24,26,12,268,3216,227.8
SO - 0002588,2015-03-20,117,Wholesale,USD,AXW291,30,3,8,2271.3,18170.4,1067.51
SO - 0002589,2015-03-20,7,Wholesale,USD,GUT930,40,20,7,723.6,5065.2,405.22
SO - 0002590,2015-03-20,94,Distributor,USD,NXH382,56,25,5,5634.7,28173.5,4169.68
SO - 0002591,2015-03-20,26,Distributor,USD,AXW291,19,4,7,1715.2,12006.4,788.99
SO - 0002592,2015-03-20,35,Wholesale,USD,NXH382,58,3,12,944.7,11336.4,774.65
SO - 0002593,2015-03-20,141,Wholesale,USD,AXW291,6,4,7,2391.9,16743.3,1626.49
SO - 0002594,2015-03-20,72,Wholesale,USD,AXW291,25,26,8,1701.8,13614.4,1140.21
SO - 0002595,2015-03-21,48,Wholesale,USD,NXH382,56,10,11,3470.6,38176.6,2845.89
SO - 0002596,2015-03-21,147,Wholesale,USD,NXH382,59,18,11,844.2,9286.2,692.24
SO - 0002597,2015-03-21,18,Wholesale,USD,AXW291,13,3,12,1326.6,15919.2,1074.55
SO - 0002598,2015-03-21,26,Export,USD,FLR025,61,1,8,4006.6,32052.8,1762.9
SO - 0002599,2015-03-22,77,Wholesale,USD,FLR025,63,25,5,1045.2,5226,637.57
SO - 0002600,2015-03-22,83,Distributor,USD,GUT930,40,3,11,2653.2,29185.2,1326.6
SO - 0002601,2015-03-22,11,Wholesale,USD,AXW291,8,20,12,6137.2,73646.4,3375.46
SO - 0002602,2015-03-22,160,Wholesale,USD,AXW291,7,15,7,3785.5,26498.5,1514.2
SO - 0002603,2015-03-22,80,Distributor,USD,NXH382,51,13,9,3557.7,32019.3,2170.2
SO - 0002604,2015-03-23,126,Wholesale,USD,AXW291,23,20,11,5688.3,62571.3,3356.1
SO - 0002605,2015-03-23,115,Distributor,USD,GUT930,34,15,9,247.9,2231.1,153.7
SO - 0002606,2015-03-23,61,Distributor,USD,AXW291,23,23,5,187.6,938,125.69
SO - 0002607,2015-03-23,125,Wholesale,USD,AXW291,5,29,12,1728.6,20743.2,1331.02
SO - 0002608,2015-03-23,86,Export,USD,GUT930,42,13,11,1333.3,14666.3,706.65
SO - 0002609,2015-03-23,170,Wholesale,USD,AXW291,22,3,11,857.6,9433.6,471.68
SO - 0002610,2015-03-24,137,Wholesale,USD,AXW291,2,17,10,1788.9,17889,751.34
SO - 0002611,2015-03-24,97,Wholesale,USD,NXH382,52,9,8,1246.2,9969.6,922.19
SO - 0002612,2015-03-24,144,Export,USD,GUT930,32,5,7,1139,7973,854.25
SO - 0002613,2015-03-24,123,Distributor,USD,AXW291,9,17,8,2566.1,20528.8,1385.69
SO - 0002614,2015-03-24,117,Wholesale,USD,NXH382,57,25,7,1112.2,7785.4,489.37
SO - 0002615,2015-03-24,159,Wholesale,USD,NXH382,55,13,8,1025.1,8200.8,871.34
SO - 0002616,2015-03-24,167,Distributor,USD,NXH382,59,2,9,187.6,1688.4,91.92
SO - 0002617,2015-03-24,165,Distributor,USD,AXW291,30,26,7,6264.5,43851.5,4698.38
SO - 0002618,2015-03-24,53,Distributor,USD,GUT930,35,20,6,174.2,1045.2,125.42
SO - 0002619,2015-03-24,38,Wholesale,USD,AXW291,16,16,7,3825.7,26779.9,2180.65
SO - 0002620,2015-03-24,116,Wholesale,USD,GUT930,42,3,10,1025.1,10251,738.07
SO - 0002621,2015-03-25,31,Distributor,USD,GUT930,35,6,6,978.2,5869.2,665.18
SO - 0002622,2015-03-25,134,Wholesale,USD,GUT930,39,4,8,5319.8,42558.4,2766.3
SO - 0002623,2015-03-25,94,Export,USD,AXW291,29,14,9,1869.3,16823.7,1177.66
SO - 0002624,2015-03-25,145,Distributor,USD,AXW291,18,14,10,1085.4,10854,911.74
SO - 0002625,2015-03-25,101,Export,USD,AXW291,20,12,6,1072,6432,503.84
SO - 0002626,2015-03-25,24,Wholesale,USD,GUT930,38,26,7,261.3,1829.1,216.88
SO - 0002627,2015-03-25,165,Wholesale,USD,NXH382,54,16,11,3912.8,43040.8,3091.11
SO - 0002628,2015-03-25,47,Export,USD,AXW291,24,25,7,2673.3,18713.1,1176.25
SO - 0002629,2015-03-25,86,Wholesale,USD,GUT930,37,24,9,1045.2,9406.8,553.96
SO - 0002630,2015-03-25,165,Wholesale,USD,AXW291,29,18,6,2412,14472,1061.28
SO - 0002631,2015-03-26,33,Distributor,USD,GUT930,40,20,12,1018.4,12220.8,417.54
SO - 0002632,2015-03-26,146,Wholesale,USD,AXW291,6,19,7,2257.9,15805.3,1896.64
SO - 0002633,2015-03-26,35,Wholesale,USD,AXW291,26,24,10,2907.8,29078,2297.16
SO - 0002634,2015-03-26,149,Wholesale,USD,AXW291,11,3,7,1125.6,7879.2,585.31
SO - 0002635,2015-03-26,96,Wholesale,USD,FLR025,60,29,12,1072,12864,525.28
SO - 0002636,2015-03-26,122,Wholesale,USD,NXH382,60,19,9,1809,16281,1139.67
SO - 0002637,2015-03-26,172,Wholesale,USD,FLR025,63,11,10,1025.1,10251,533.05
SO - 0002638,2015-03-27,113,Wholesale,USD,GUT930,45,27,11,3953,43483,1976.5
SO - 0002639,2015-03-27,5,Wholesale,USD,AXW291,5,2,6,2371.8,14230.8,2016.03
SO - 0002640,2015-03-27,169,Distributor,USD,GUT930,42,1,7,2358.4,16508.8,1462.21
SO - 0002641,2015-03-27,57,Wholesale,USD,AXW291,23,15,10,2613,26130,1620.06
SO - 0002642,2015-03-27,70,Distributor,USD,FLR025,62,22,6,904.5,5427,452.25
SO - 0002643,2015-03-27,119,Wholesale,USD,AXW291,14,12,11,1025.1,11276.1,584.31
SO - 0002644,2015-03-27,88,Distributor,USD,NXH382,47,19,9,3852.5,34672.5,2504.13
SO - 0002645,2015-03-27,82,Wholesale,USD,NXH382,58,20,7,227.8,1594.6,95.68
SO - 0002646,2015-03-27,167,Wholesale,USD,AXW291,25,17,11,2345,25795,1618.05
SO - 0002647,2015-03-27,53,Distributor,USD,AXW291,6,23,12,1969.8,23637.6,787.92
SO - 0002648,2015-03-28,174,Wholesale,USD,GUT930,45,25,11,2586.2,28448.2,1293.1
SO - 0002649,2015-03-28,29,Distributor,USD,AXW291,30,18,11,5748.6,63234.6,3736.59
SO - 0002650,2015-03-28,108,Distributor,USD,GUT930,36,26,10,221.1,2211,170.25
SO - 0002651,2015-03-28,53,Distributor,USD,AXW291,12,15,12,3832.4,45988.8,2835.98
SO - 0002652,2015-03-28,49,Wholesale,USD,FLR025,63,21,6,6411.9,38471.4,4167.74
SO - 0002653,2015-03-29,122,Wholesale,USD,AXW291,22,13,5,1031.8,5159,515.9
SO - 0002654,2015-03-30,18,Export,USD,FLR025,63,4,10,3819,38190,1603.98
SO - 0002655,2015-03-30,148,Wholesale,USD,FLR025,62,13,10,1728.6,17286,985.3
SO - 0002656,2015-03-30,164,Wholesale,USD,NXH382,58,5,6,2291.4,13748.4,1649.81
SO - 0002657,2015-03-30,25,Wholesale,USD,AXW291,6,15,5,4006.6,20033,3205.28
SO - 0002658,2015-03-30,130,Distributor,USD,AXW291,18,6,9,3946.3,35516.7,1736.37
SO - 0002659,2015-03-30,40,Distributor,USD,GUT930,33,3,12,5896,70752,4127.2
SO - 0002660,2015-03-31,20,Wholesale,USD,FLR025,65,11,10,2425.4,24254,2013.08
SO - 0002661,2015-03-31,155,Wholesale,USD,NXH382,51,17,7,1145.7,8019.9,962.39
SO - 0002662,2015-03-31,166,Wholesale,USD,GUT930,43,26,12,3604.6,43255.2,2234.85
SO - 0002663,2015-03-31,96,Wholesale,USD,AXW291,26,25,5,1031.8,5159,701.62
SO - 0002664,2015-03-31,103,Distributor,USD,AXW291,28,15,5,2633.1,13165.5,2106.48
SO - 0002665,2015-03-31,68,Distributor,USD,AXW291,23,2,5,2954.7,14773.5,1300.07
SO - 0002666,2015-03-31,157,Wholesale,USD,AXW291,30,7,11,1051.9,11570.9,715.29
SO - 0002667,2015-03-31,101,Wholesale,USD,GUT930,44,5,9,864.3,7778.7,726.01
SO - 0002668,2015-04-01,21,Distributor,USD,NXH382,56,30,10,1996.6,19966,1557.35
SO - 0002669,2015-04-01,35,Distributor,USD,GUT930,31,7,7,3953,27671,2529.92
SO - 0002670,2015-04-01,88,Wholesale,USD,AXW291,3,4,12,3959.7,47516.4,2811.39
SO - 0002671,2015-04-01,157,Export,USD,AXW291,16,13,8,234.5,1876,194.64
SO - 0002672,2015-04-01,1,Export,USD,AXW291,25,5,10,2211,22110,1503.48
SO - 0002673,2015-04-01,41,Distributor,USD,AXW291,26,16,12,1172.5,14070,562.8
SO - 0002674,2015-04-01,105,Distributor,USD,FLR025,66,26,11,227.8,2505.8,91.12
SO - 0002675,2015-04-02,54,Wholesale,USD,AXW291,29,17,11,1795.6,19751.6,1023.49
SO - 0002676,2015-04-02,162,Distributor,USD,NXH382,56,22,12,1922.9,23074.8,1134.51
SO - 0002677,2015-04-02,45,Wholesale,USD,AXW291,11,29,12,2572.8,30873.6,1878.14
SO - 0002678,2015-04-02,72,Export,USD,GUT930,33,30,8,830.8,6646.4,581.56
SO - 0002679,2015-04-02,80,Distributor,USD,NXH382,54,15,8,924.6,7396.8,711.94
SO - 0002680,2015-04-02,2,Distributor,USD,AXW291,21,13,5,5266.2,26331,2369.79
SO - 0002681,2015-04-02,122,Distributor,USD,AXW291,5,26,10,3852.5,38525,3197.58
SO - 0002682,2015-04-02,43,Distributor,USD,FLR025,60,25,6,951.4,5708.4,513.76
SO - 0002683,2015-04-02,125,Export,USD,AXW291,20,14,12,2914.5,34974,1311.53
SO - 0002684,2015-04-02,31,Wholesale,USD,FLR025,61,15,5,2418.7,12093.5,1620.53
SO - 0002685,2015-04-03,110,Distributor,USD,AXW291,28,3,9,2539.3,22853.7,1523.58
SO - 0002686,2015-04-03,80,Distributor,USD,NXH382,50,16,11,2251.2,24763.2,1148.11
SO - 0002687,2015-04-03,62,Export,USD,AXW291,29,5,6,5246.1,31476.6,2780.43
SO - 0002688,2015-04-03,121,Distributor,USD,NXH382,50,15,12,924.6,11095.2,591.74
SO - 0002689,2015-04-03,5,Distributor,USD,AXW291,24,4,9,1031.8,9286.2,650.03
SO - 0002690,2015-04-03,111,Wholesale,USD,NXH382,51,10,10,1855.9,18559,1317.69
SO - 0002691,2015-04-03,158,Distributor,USD,AXW291,3,24,7,1031.8,7222.6,588.13
SO - 0002692,2015-04-03,5,Wholesale,USD,AXW291,17,26,10,1293.1,12931,724.14
SO - 0002693,2015-04-04,58,Wholesale,USD,AXW291,15,18,8,1038.5,8308,508.87
SO - 0002694,2015-04-04,13,Wholesale,USD,AXW291,24,20,11,1728.6,19014.6,1037.16
SO - 0002695,2015-04-04,141,Wholesale,USD,FLR025,63,17,5,234.5,1172.5,173.53
SO - 0002696,2015-04-04,158,Export,USD,GUT930,42,26,8,3953,31624,2253.21
SO - 0002697,2015-04-04,28,Wholesale,USD,NXH382,58,4,10,710.2,7102,553.96
SO - 0002698,2015-04-05,80,Distributor,USD,AXW291,15,13,10,1762.1,17621,1286.33
SO - 0002699,2015-04-05,55,Distributor,USD,AXW291,13,25,9,1829.1,16461.9,1335.24
SO - 0002700,2015-04-05,114,Export,USD,NXH382,48,13,12,2345,28140,1289.75
SO - 0002701,2015-04-05,61,Export,USD,AXW291,31,10,7,5755.3,40287.1,3683.39
SO - 0002702,2015-04-05,145,Wholesale,USD,AXW291,14,6,10,1092.1,10921,491.45
SO - 0002703,2015-04-05,108,Wholesale,USD,AXW291,16,7,8,2854.2,22833.6,1427.1
SO - 0002704,2015-04-05,134,Wholesale,USD,NXH382,59,30,8,1031.8,8254.4,423.04
SO - 0002705,2015-04-05,40,Wholesale,USD,AXW291,25,26,7,1112.2,7785.4,544.98
SO - 0002706,2015-04-05,138,Wholesale,USD,GUT930,33,14,7,3731.9,26123.3,1604.72
SO - 0002707,2015-04-05,40,Wholesale,USD,GUT930,39,25,9,2572.8,23155.2,1955.33
SO - 0002708,2015-04-05,130,Export,USD,AXW291,27,3,8,261.3,2090.4,143.72
SO - 0002709,2015-04-05,19,Distributor,USD,AXW291,27,15,10,227.8,2278,152.63
SO - 0002710,2015-04-05,163,Wholesale,USD,FLR025,65,26,7,1983.2,13882.4,1110.59
SO - 0002711,2015-04-05,113,Export,USD,GUT930,43,1,9,268,2412,219.76
SO - 0002712,2015-04-05,29,Export,USD,NXH382,58,2,10,3932.9,39329,2123.77
SO - 0002713,2015-04-05,14,Wholesale,USD,AXW291,17,5,11,2291.4,25205.4,1672.72
SO - 0002714,2015-04-05,103,Export,USD,FLR025,60,26,7,6197.5,43382.5,5019.98
SO - 0002715,2015-04-05,40,Wholesale,USD,NXH382,51,4,6,3839.1,23034.6,2495.42
SO - 0002716,2015-04-06,1,Distributor,USD,AXW291,5,4,5,1058.6,5293,793.95
SO - 0002717,2015-04-06,175,Distributor,USD,AXW291,12,15,9,877.7,7899.3,579.28
SO - 0002718,2015-04-06,128,Wholesale,USD,NXH382,49,11,6,6083.6,36501.6,5171.06
SO - 0002719,2015-04-06,61,Distributor,USD,GUT930,39,5,9,3979.8,35818.2,3024.65
SO - 0002720,2015-04-06,43,Distributor,USD,FLR025,61,18,6,3906.1,23436.6,3163.94
SO - 0002721,2015-04-06,134,Wholesale,USD,AXW291,2,26,10,6311.4,63114,4986.01
SO - 0002722,2015-04-06,39,Export,USD,AXW291,23,15,9,2619.7,23577.3,1493.23
SO - 0002723,2015-04-06,132,Distributor,USD,GUT930,40,6,11,3490.7,38397.7,1396.28
SO - 0002724,2015-04-07,116,Wholesale,USD,NXH382,48,2,5,234.5,1172.5,117.25
SO - 0002725,2015-04-07,149,Wholesale,USD,AXW291,24,27,6,1125.6,6753.6,585.31
SO - 0002726,2015-04-07,39,Wholesale,USD,AXW291,22,26,12,2633.1,31597.2,1211.23
SO - 0002727,2015-04-07,43,Export,USD,FLR025,64,4,9,1005,9045,854.25
SO - 0002728,2015-04-07,163,Distributor,USD,NXH382,52,26,11,1112.2,12234.2,878.64
SO - 0002729,2015-04-07,6,Distributor,USD,FLR025,60,16,8,2525.9,20207.2,1995.46
SO - 0002730,2015-04-07,164,Wholesale,USD,NXH382,51,25,8,187.6,1500.8,91.92
SO - 0002731,2015-04-07,97,Distributor,USD,GUT930,44,18,12,1996.6,23959.2,1317.76
SO - 0002732,2015-04-07,166,Distributor,USD,AXW291,3,15,8,2546,20368,2062.26
SO - 0002733,2015-04-07,80,Wholesale,USD,AXW291,24,15,7,1125.6,7879.2,754.15
SO - 0002734,2015-04-07,93,Wholesale,USD,FLR025,64,4,5,2539.3,12696.5,1828.3
SO - 0002735,2015-04-08,80,Export,USD,NXH382,47,27,9,2318.2,20863.8,1275.01
SO - 0002736,2015-04-08,71,Wholesale,USD,AXW291,14,18,5,3999.9,19999.5,1919.95
SO - 0002737,2015-04-08,147,Wholesale,USD,AXW291,14,3,10,1232.8,12328,678.04
SO - 0002738,2015-04-08,65,Distributor,USD,NXH382,47,26,6,864.3,5185.8,371.65
SO - 0002739,2015-04-08,36,Distributor,USD,NXH382,55,25,12,3356.7,40280.4,2316.12
SO - 0002740,2015-04-08,108,Distributor,USD,FLR025,61,16,11,3999.9,43998.9,1879.95
SO - 0002741,2015-04-08,9,Wholesale,USD,AXW291,1,13,9,1775.5,15979.5,1473.67
SO - 0002742,2015-04-08,76,Wholesale,USD,GUT930,42,6,9,1018.4,9165.6,784.17
SO - 0002743,2015-04-08,27,Wholesale,USD,AXW291,17,16,12,3879.3,46551.6,3142.23
SO - 0002744,2015-04-09,106,Wholesale,USD,AXW291,24,28,12,2753.7,33044.4,1349.31
SO - 0002745,2015-04-09,147,Distributor,USD,NXH382,57,1,12,1098.8,13185.6,780.15
SO - 0002746,2015-04-09,9,Distributor,USD,NXH382,54,17,10,167.5,1675,82.08
SO - 0002747,2015-04-09,110,Export,USD,NXH382,50,15,12,1045.2,12542.4,438.98
SO - 0002748,2015-04-09,76,Wholesale,USD,FLR025,63,13,6,174.2,1045.2,146.33
SO - 0002749,2015-04-09,148,Distributor,USD,AXW291,3,15,10,1098.8,10988,879.04
SO - 0002750,2015-04-09,147,Wholesale,USD,NXH382,47,13,10,2231.1,22311,1316.35
SO - 0002751,2015-04-09,18,Wholesale,USD,AXW291,4,19,7,944.7,6612.9,547.93
SO - 0002752,2015-04-09,132,Wholesale,USD,AXW291,26,16,8,1025.1,8200.8,481.8
SO - 0002753,2015-04-10,156,Wholesale,USD,FLR025,66,3,6,3939.6,23637.6,2836.51
SO - 0002754,2015-04-10,158,Wholesale,USD,AXW291,18,6,11,6371.7,70088.7,5033.64
SO - 0002755,2015-04-10,98,Distributor,USD,AXW291,22,13,10,904.5,9045,606.02
SO - 0002756,2015-04-10,119,Wholesale,USD,FLR025,61,18,5,6358.3,31791.5,3942.15
SO - 0002757,2015-04-10,83,Wholesale,USD,GUT930,36,16,11,167.5,1842.5,103.85
SO - 0002758,2015-04-10,53,Wholesale,USD,AXW291,24,16,8,904.5,7236,642.2
SO - 0002759,2015-04-10,26,Export,USD,AXW291,6,26,12,3939.6,47275.2,3072.89
SO - 0002760,2015-04-10,145,Wholesale,USD,NXH382,58,25,10,3738.6,37386,2766.56
SO - 0002761,2015-04-11,97,Export,USD,AXW291,23,25,5,971.5,4857.5,806.35
SO - 0002762,2015-04-11,129,Wholesale,USD,AXW291,24,1,12,1098.8,13185.6,813.11
SO - 0002763,2015-04-11,11,Distributor,USD,AXW291,14,13,10,247.9,2479,156.18
SO - 0002764,2015-04-11,116,Distributor,USD,AXW291,24,27,11,2418.7,26605.7,1451.22
SO - 0002765,2015-04-11,96,Distributor,USD,GUT930,36,26,7,167.5,1172.5,139.03
SO - 0002766,2015-04-11,90,Export,USD,AXW291,6,25,7,2284.7,15992.9,1485.06
SO - 0002767,2015-04-11,123,Export,USD,AXW291,22,22,8,1909.5,15276,1489.41
SO - 0002768,2015-04-11,13,Wholesale,USD,AXW291,23,5,11,5494,60434,3296.4
SO - 0002769,2015-04-11,106,Distributor,USD,NXH382,52,18,10,3886,38860,2137.3
SO - 0002770,2015-04-11,132,Wholesale,USD,FLR025,62,16,7,234.5,1641.5,166.5
SO - 0002771,2015-04-12,6,Wholesale,USD,AXW291,23,8,7,5205.9,36441.3,4372.96
SO - 0002772,2015-04-12,34,Wholesale,USD,FLR025,62,17,6,1735.3,10411.8,1336.18
SO - 0002773,2015-04-12,21,Wholesale,USD,AXW291,26,15,5,1025.1,5125.5,430.54
SO - 0002774,2015-04-12,143,Wholesale,USD,AXW291,16,26,6,3886,23316,1981.86
SO - 0002775,2015-04-12,46,Wholesale,USD,AXW291,19,13,12,984.9,11818.8,502.3
SO - 0002776,2015-04-13,87,Wholesale,USD,NXH382,54,6,8,1065.3,8522.4,511.34
SO - 0002777,2015-04-13,88,Distributor,USD,NXH382,55,30,11,5078.6,55864.6,3402.66
SO - 0002778,2015-04-13,7,Distributor,USD,FLR025,61,5,5,207.7,1038.5,168.24
SO - 0002779,2015-04-13,122,Wholesale,USD,AXW291,27,4,5,2264.6,11323,1585.22
SO - 0002780,2015-04-13,18,Distributor,USD,AXW291,5,23,7,1909.5,13366.5,840.18
SO - 0002781,2015-04-13,34,Distributor,USD,AXW291,26,6,5,1125.6,5628,765.41
SO - 0002782,2015-04-13,119,Wholesale,USD,AXW291,30,17,10,5688.3,56883,4209.34
SO - 0002783,2015-04-14,159,Distributor,USD,GUT930,32,25,5,167.5,837.5,117.25
SO - 0002784,2015-04-14,66,Distributor,USD,AXW291,14,17,5,2224.4,11122,1668.3
SO - 0002785,2015-04-14,162,Distributor,USD,AXW291,11,15,10,891.1,8911,686.15
SO - 0002786,2015-04-14,16,Distributor,USD,NXH382,56,26,5,3685,18425,2726.9
SO - 0002787,2015-04-14,18,Distributor,USD,AXW291,26,27,12,1005,12060,472.35
SO - 0002788,2015-04-14,129,Distributor,USD,AXW291,26,3,7,1956.4,13694.8,782.56
SO - 0002789,2015-04-14,42,Wholesale,USD,AXW291,14,15,11,3839.1,42230.1,1650.81
SO - 0002790,2015-04-14,38,Distributor,USD,AXW291,15,14,9,1788.9,16100.1,948.12
SO - 0002791,2015-04-14,138,Distributor,USD,FLR025,63,3,10,1092.1,10921,851.84
SO - 0002792,2015-04-15,132,Distributor,USD,FLR025,63,16,8,1681.7,13453.6,992.2
SO - 0002793,2015-04-15,44,Wholesale,USD,AXW291,5,11,7,1051.9,7363.3,841.52
SO - 0002794,2015-04-15,47,Distributor,USD,AXW291,20,14,9,247.9,2231.1,99.16
SO - 0002795,2015-04-15,111,Wholesale,USD,AXW291,1,26,12,3872.6,46471.2,2517.19
SO - 0002796,2015-04-15,80,Wholesale,USD,AXW291,12,14,7,2559.4,17915.8,2047.52
SO - 0002797,2015-04-15,116,Distributor,USD,AXW291,28,15,11,1782.2,19604.2,1461.4
SO - 0002798,2015-04-15,120,Export,USD,AXW291,25,2,9,5440.4,48963.6,4352.32
SO - 0002799,2015-04-15,111,Export,USD,NXH382,49,26,8,1286.4,10291.2,643.2
SO - 0002800,2015-04-15,164,Wholesale,USD,AXW291,24,26,6,1098.8,6592.8,549.4
SO - 0002801,2015-04-16,9,Distributor,USD,AXW291,1,29,6,1031.8,6190.8,412.72
SO - 0002802,2015-04-16,60,Distributor,USD,AXW291,29,25,7,2559.4,17915.8,1612.42
SO - 0002803,2015-04-16,86,Wholesale,USD,AXW291,17,3,7,1862.6,13038.2,1434.2
SO - 0002804,2015-04-16,25,Wholesale,USD,FLR025,65,27,7,1085.4,7597.8,520.99
SO - 0002805,2015-04-16,59,Wholesale,USD,FLR025,63,30,9,1802.3,16220.7,901.15
SO - 0002806,2015-04-16,173,Distributor,USD,GUT930,36,25,9,1882.7,16944.3,1430.85
SO - 0002807,2015-04-16,45,Wholesale,USD,AXW291,27,24,6,1916.2,11497.2,1226.37
SO - 0002808,2015-04-16,174,Wholesale,USD,AXW291,18,2,9,991.6,8924.4,694.12
SO - 0002809,2015-04-16,106,Wholesale,USD,AXW291,4,17,6,1809,10854,922.59
SO - 0002810,2015-04-17,169,Export,USD,GUT930,34,5,5,891.1,4455.5,614.86
SO - 0002811,2015-04-17,38,Distributor,USD,NXH382,59,28,10,254.6,2546,150.21
SO - 0002812,2015-04-17,119,Wholesale,USD,FLR025,65,28,6,3149,18894,1322.58
SO - 0002813,2015-04-17,15,Wholesale,USD,GUT930,43,21,12,3946.3,47355.6,1775.84
SO - 0002814,2015-04-17,28,Wholesale,USD,NXH382,48,26,7,1701.8,11912.6,748.79
SO - 0002815,2015-04-17,7,Wholesale,USD,GUT930,36,1,7,1011.7,7081.9,445.15
SO - 0002816,2015-04-17,47,Distributor,USD,AXW291,28,25,8,871,6968,383.24
SO - 0002817,2015-04-18,72,Export,USD,AXW291,29,15,5,1105.5,5527.5,442.2
SO - 0002818,2015-04-18,33,Wholesale,USD,AXW291,23,28,11,6405.2,70457.2,4611.74
SO - 0002819,2015-04-18,29,Wholesale,USD,FLR025,62,22,8,2398.6,19188.8,1798.95
SO - 0002820,2015-04-18,85,Export,USD,GUT930,43,5,11,1112.2,12234.2,811.91
SO - 0002821,2015-04-18,30,Wholesale,USD,NXH382,50,25,6,1936.3,11617.8,1103.69
SO - 0002822,2015-04-18,153,Wholesale,USD,GUT930,46,15,9,1051.9,9467.1,452.32
SO - 0002823,2015-04-18,79,Wholesale,USD,AXW291,16,1,9,1051.9,9467.1,662.7
SO - 0002824,2015-04-18,150,Wholesale,USD,AXW291,2,15,8,1092.1,8736.8,589.73
SO - 0002825,2015-04-18,113,Wholesale,USD,AXW291,1,25,5,3175.8,15879,1905.48
SO - 0002826,2015-04-19,164,Wholesale,USD,NXH382,56,13,6,2659.9,15959.4,1808.73
SO - 0002827,2015-04-19,7,Distributor,USD,AXW291,14,26,10,1038.5,10385,768.49
SO - 0002828,2015-04-19,172,Wholesale,USD,AXW291,4,16,9,1956.4,17607.6,860.82
SO - 0002829,2015-04-19,146,Distributor,USD,AXW291,27,9,5,1125.6,5628,844.2
SO - 0002830,2015-04-19,167,Distributor,USD,GUT930,39,26,5,1762.1,8810.5,1339.2
SO - 0002831,2015-04-19,94,Wholesale,USD,GUT930,40,20,7,777.2,5440.4,334.2
SO - 0002832,2015-04-19,25,Distributor,USD,AXW291,18,26,9,1762.1,15858.9,1462.54
SO - 0002833,2015-04-19,123,Export,USD,NXH382,53,24,11,1112.2,12234.2,511.61
SO - 0002834,2015-04-20,96,Distributor,USD,GUT930,33,5,10,2512.5,25125,1306.5
SO - 0002835,2015-04-20,62,Distributor,USD,NXH382,48,1,7,897.8,6284.6,430.94
SO - 0002836,2015-04-20,19,Distributor,USD,GUT930,38,7,6,6472.2,38833.2,3236.1
SO - 0002837,2015-04-20,130,Wholesale,USD,AXW291,6,25,5,1038.5,5192.5,747.72
SO - 0002838,2015-04-20,150,Distributor,USD,AXW291,24,25,11,5949.6,65445.6,4045.73
SO - 0002839,2015-04-20,72,Wholesale,USD,AXW291,18,29,6,931.3,5587.8,474.96
SO - 0002840,2015-04-20,43,Wholesale,USD,NXH382,50,18,9,2438.8,21949.2,1024.3
SO - 0002841,2015-04-20,119,Export,USD,AXW291,30,10,12,710.2,8522.4,419.02
SO - 0002842,2015-04-21,41,Export,USD,NXH382,56,30,6,1018.4,6110.4,427.73
SO - 0002843,2015-04-21,168,Export,USD,AXW291,23,20,10,3839.1,38391,2111.51
SO - 0002844,2015-04-21,144,Distributor,USD,AXW291,14,20,5,1098.8,5494,824.1
SO - 0002845,2015-04-21,94,Wholesale,USD,AXW291,14,26,11,1051.9,11570.9,725.81
SO - 0002846,2015-04-21,32,Wholesale,USD,AXW291,21,4,9,3865.9,34793.1,2628.81
SO - 0002847,2015-04-21,136,Distributor,USD,NXH382,58,15,9,1118.9,10070.1,559.45
SO - 0002848,2015-04-21,101,Wholesale,USD,AXW291,3,13,5,5078.6,25393,3351.88
SO - 0002849,2015-04-21,153,Wholesale,USD,NXH382,48,20,5,2646.5,13232.5,1085.07
SO - 0002850,2015-04-21,105,Wholesale,USD,AXW291,3,24,12,3899.4,46792.8,2261.65
SO - 0002851,2015-04-21,93,Export,USD,AXW291,9,14,7,2485.7,17399.9,1466.56
SO - 0002852,2015-04-21,103,Distributor,USD,AXW291,14,19,8,2398.6,19188.8,1535.1
SO - 0002853,2015-04-22,53,Wholesale,USD,GUT930,39,14,8,2653.2,21225.6,1830.71
SO - 0002854,2015-04-22,31,Wholesale,USD,GUT930,37,21,7,2264.6,15852.2,1109.65
SO - 0002855,2015-04-22,73,Export,USD,GUT930,39,26,11,5165.7,56822.7,2996.11
SO - 0002856,2015-04-22,53,Wholesale,USD,AXW291,11,20,5,1145.7,5728.5,882.19
SO - 0002857,2015-04-22,49,Wholesale,USD,AXW291,6,20,5,5433.7,27168.5,3205.88
SO - 0002858,2015-04-23,26,Wholesale,USD,AXW291,20,11,8,201,1608,104.52
SO - 0002859,2015-04-23,12,Distributor,USD,FLR025,63,8,11,1688.4,18572.4,776.66
SO - 0002860,2015-04-23,157,Wholesale,USD,GUT930,34,1,9,1005,9045,402
SO - 0002861,2015-04-23,14,Wholesale,USD,NXH382,59,13,6,1695.1,10170.6,1288.28
SO - 0002862,2015-04-23,38,Distributor,USD,GUT930,34,3,11,1058.6,11644.6,645.75
SO - 0002863,2015-04-23,120,Distributor,USD,GUT930,38,13,7,6097,42679,4877.6
SO - 0002864,2015-04-23,149,Wholesale,USD,AXW291,7,13,7,1782.2,12475.4,712.88
SO - 0002865,2015-04-23,18,Export,USD,AXW291,5,14,10,2324.9,23249,1441.44
SO - 0002866,2015-04-24,135,Wholesale,USD,AXW291,26,1,6,3939.6,23637.6,2600.14
SO - 0002867,2015-04-24,72,Wholesale,USD,FLR025,61,25,5,187.6,938,84.42
SO - 0002868,2015-04-24,132,Wholesale,USD,AXW291,17,5,10,2351.7,23517,1787.29
SO - 0002869,2015-04-24,63,Export,USD,AXW291,14,3,12,268,3216,206.36
SO - 0002870,2015-04-24,57,Wholesale,USD,AXW291,31,25,5,3242.8,16214,2529.38
SO - 0002871,2015-04-24,2,Wholesale,USD,GUT930,35,11,8,971.5,7772,806.35
SO - 0002872,2015-04-25,73,Export,USD,AXW291,19,1,12,3691.7,44300.4,2768.78
SO - 0002873,2015-04-25,45,Wholesale,USD,FLR025,60,24,11,194.3,2137.3,157.38
SO - 0002874,2015-04-25,43,Export,USD,AXW291,15,27,7,1179.2,8254.4,919.78
SO - 0002875,2015-04-25,126,Distributor,USD,FLR025,62,2,7,174.2,1219.4,104.52
SO - 0002876,2015-04-25,31,Export,USD,AXW291,19,16,9,1092.1,9828.9,491.45
SO - 0002877,2015-04-25,104,Wholesale,USD,GUT930,33,26,10,5406.9,54069,3352.28
SO - 0002878,2015-04-25,117,Distributor,USD,AXW291,2,12,11,1025.1,11276.1,635.56
SO - 0002879,2015-04-25,72,Export,USD,AXW291,10,16,7,3102.1,21714.7,2078.41
SO - 0002880,2015-04-25,83,Wholesale,USD,AXW291,7,14,7,2231.1,15617.7,1472.53
SO - 0002881,2015-04-25,148,Distributor,USD,FLR025,62,16,9,1159.1,10431.9,811.37
SO - 0002882,2015-04-25,129,Distributor,USD,AXW291,15,20,5,1876,9380,1163.12
SO - 0002883,2015-04-25,171,Wholesale,USD,AXW291,8,30,9,2599.6,23396.4,1221.81
SO - 0002884,2015-04-25,121,Distributor,USD,GUT930,42,1,6,1092.1,6552.6,611.58
SO - 0002885,2015-04-25,117,Distributor,USD,AXW291,8,16,10,2492.4,24924,1146.5
SO - 0002886,2015-04-26,7,Export,USD,GUT930,39,26,6,2760.4,16562.4,2153.11
SO - 0002887,2015-04-26,170,Distributor,USD,GUT930,44,2,6,167.5,1005,68.68
SO - 0002888,2015-04-26,42,Wholesale,USD,AXW291,25,9,11,3832.4,42156.4,2107.82
SO - 0002889,2015-04-26,119,Distributor,USD,AXW291,11,15,12,1742,20904,1167.14
SO - 0002890,2015-04-26,55,Distributor,USD,FLR025,61,19,11,1031.8,11349.8,680.99
SO - 0002891,2015-04-26,88,Wholesale,USD,AXW291,28,22,9,6385.1,57465.9,4724.97
SO - 0002892,2015-04-26,150,Export,USD,AXW291,5,15,7,1072,7504,686.08
SO - 0002893,2015-04-26,78,Wholesale,USD,AXW291,21,25,9,1688.4,15195.6,861.08
SO - 0002894,2015-04-26,68,Distributor,USD,FLR025,62,21,5,1306.5,6532.5,548.73
SO - 0002895,2015-04-26,64,Wholesale,USD,AXW291,20,13,6,241.2,1447.2,115.78
SO - 0002896,2015-04-26,38,Wholesale,USD,NXH382,59,13,11,2264.6,24910.6,1743.74
SO - 0002897,2015-04-26,136,Distributor,USD,NXH382,47,18,7,180.9,1266.3,142.91
SO - 0002898,2015-04-26,74,Wholesale,USD,AXW291,28,20,8,3765.4,30123.2,1656.78
SO - 0002899,2015-04-27,77,Wholesale,USD,FLR025,66,6,11,4020,44220,2814
SO - 0002900,2015-04-27,129,Distributor,USD,GUT930,37,13,10,904.5,9045,696.47
SO - 0002901,2015-04-27,40,Wholesale,USD,NXH382,48,25,9,261.3,2351.7,198.59
SO - 0002902,2015-04-27,53,Wholesale,USD,GUT930,42,25,7,1902.8,13319.6,1331.96
SO - 0002903,2015-04-27,59,Wholesale,USD,NXH382,55,3,9,2425.4,21828.6,1115.68
SO - 0002904,2015-04-27,116,Wholesale,USD,FLR025,61,13,6,1105.5,6633,541.7
SO - 0002905,2015-04-27,151,Wholesale,USD,AXW291,23,13,9,2753.7,24783.3,1679.76
SO - 0002906,2015-04-27,71,Wholesale,USD,FLR025,61,15,5,174.2,871,116.71
SO - 0002907,2015-04-27,47,Wholesale,USD,NXH382,54,30,7,3832.4,26826.8,2912.62
SO - 0002908,2015-04-27,71,Export,USD,NXH382,48,6,10,1072,10720,428.8
SO - 0002909,2015-04-28,48,Wholesale,USD,NXH382,59,22,12,227.8,2733.6,182.24
SO - 0002910,2015-04-28,89,Distributor,USD,GUT930,40,9,5,1018.4,5092,794.35
SO - 0002911,2015-04-28,37,Wholesale,USD,AXW291,1,15,6,911.2,5467.2,665.18
SO - 0002912,2015-04-28,18,Wholesale,USD,GUT930,42,5,9,5661.5,50953.5,3623.36
SO - 0002913,2015-04-28,150,Export,USD,FLR025,65,19,7,857.6,6003.2,617.47
SO - 0002914,2015-04-28,175,Wholesale,USD,AXW291,11,5,10,3551,35510,2414.68
SO - 0002915,2015-04-28,50,Wholesale,USD,AXW291,5,2,6,917.9,5507.4,367.16
SO - 0002916,2015-04-28,81,Wholesale,USD,AXW291,30,29,12,3865.9,46390.8,1662.34
SO - 0002917,2015-04-28,52,Wholesale,USD,NXH382,48,3,7,5038.4,35268.8,2418.43
SO - 0002918,2015-04-28,63,Wholesale,USD,GUT930,39,26,7,3859.2,27014.4,1736.64
SO - 0002919,2015-04-28,68,Export,USD,AXW291,8,25,6,971.5,5829,806.35
SO - 0002920,2015-04-28,145,Distributor,USD,GUT930,45,15,5,1058.6,5293,550.47
SO - 0002921,2015-04-28,66,Wholesale,USD,AXW291,12,26,10,5875.9,58759,4289.41
SO - 0002922,2015-04-28,145,Wholesale,USD,AXW291,1,25,6,247.9,1487.4,123.95
SO - 0002923,2015-04-28,20,Distributor,USD,NXH382,50,1,11,5520.8,60728.8,3698.94
SO - 0002924,2015-04-29,91,Wholesale,USD,AXW291,19,16,9,5855.8,52702.2,3806.27
SO - 0002925,2015-04-29,168,Distributor,USD,AXW291,3,15,9,5172.4,46551.6,3103.44
SO - 0002926,2015-04-29,66,Distributor,USD,GUT930,42,15,12,1708.5,20502,1247.21
SO - 0002927,2015-04-29,150,Wholesale,USD,AXW291,30,25,8,1869.3,14954.4,1196.35
SO - 0002928,2015-04-29,70,Distributor,USD,GUT930,45,5,9,254.6,2291.4,190.95
SO - 0002929,2015-04-29,46,Distributor,USD,GUT930,42,25,8,3986.5,31892,1594.6
SO - 0002930,2015-04-29,158,Distributor,USD,NXH382,57,18,6,2512.5,15075,1582.88
SO - 0002931,2015-04-29,39,Wholesale,USD,AXW291,7,4,8,234.5,1876,182.91
SO - 0002932,2015-04-29,123,Wholesale,USD,AXW291,1,15,5,1112.2,5561,544.98
SO - 0002933,2015-04-29,66,Distributor,USD,AXW291,3,28,6,180.9,1085.4,151.96
SO - 0002934,2015-04-29,122,Wholesale,USD,GUT930,43,19,5,1762.1,8810.5,863.43
SO - 0002935,2015-04-30,117,Wholesale,USD,NXH382,56,17,5,3926.2,19631,2237.93
SO - 0002936,2015-04-30,23,Distributor,USD,GUT930,45,29,9,5447.1,49023.9,4030.85
SO - 0002937,2015-04-30,6,Wholesale,USD,GUT930,44,25,12,850.9,10210.8,680.72
SO - 0002938,2015-04-30,23,Wholesale,USD,AXW291,15,1,12,2572.8,30873.6,1080.58
SO - 0002939,2015-04-30,68,Export,USD,AXW291,10,4,5,1045.2,5226,606.22
SO - 0002940,2015-04-30,28,Distributor,USD,AXW291,5,13,7,2465.6,17259.2,1405.39
SO - 0002941,2015-05-01,109,Wholesale,USD,NXH382,54,13,11,1065.3,11718.3,500.69
SO - 0002942,2015-05-01,107,Distributor,USD,NXH382,57,29,9,1788.9,16100.1,1413.23
SO - 0002943,2015-05-01,81,Wholesale,USD,AXW291,8,16,10,5661.5,56615,2660.91
SO - 0002944,2015-05-01,109,Export,USD,GUT930,44,25,6,2968.1,17808.6,2344.8
SO - 0002945,2015-05-01,77,Distributor,USD,NXH382,51,15,12,2472.3,29667.6,2027.29
SO - 0002946,2015-05-02,140,Wholesale,USD,AXW291,11,20,10,2211,22110,1348.71
SO - 0002947,2015-05-02,41,Wholesale,USD,AXW291,9,15,8,2432.1,19456.8,972.84
SO - 0002948,2015-05-02,96,Wholesale,USD,AXW291,12,5,8,3966.4,31731.2,2657.49
SO - 0002949,2015-05-02,38,Wholesale,USD,NXH382,57,3,8,3906.1,31248.8,1601.5
SO - 0002950,2015-05-02,9,Wholesale,USD,AXW291,21,25,11,3865.9,42524.9,1932.95
SO - 0002951,2015-05-02,168,Wholesale,USD,GUT930,40,10,7,1849.2,12944.4,1294.44
SO - 0002952,2015-05-02,39,Distributor,USD,AXW291,9,14,6,1025.1,6150.6,430.54
SO - 0002953,2015-05-03,158,Distributor,USD,AXW291,3,5,5,1025.1,5125.5,697.07
SO - 0002954,2015-05-03,19,Wholesale,USD,NXH382,55,3,5,3899.4,19497,3119.52
SO - 0002955,2015-05-03,121,Distributor,USD,AXW291,8,29,10,1051.9,10519,767.89
SO - 0002956,2015-05-03,94,Export,USD,GUT930,44,27,7,3015,21105,2562.75
SO - 0002957,2015-05-03,113,Distributor,USD,GUT930,34,18,7,1835.8,12850.6,1248.34
SO - 0002958,2015-05-03,14,Distributor,USD,AXW291,26,15,9,2291.4,20622.6,1558.15
SO - 0002959,2015-05-03,77,Export,USD,GUT930,46,2,9,3048.5,27436.5,1798.62
SO - 0002960,2015-05-03,96,Export,USD,GUT930,32,26,5,1232.8,6164,653.38
SO - 0002961,2015-05-03,14,Distributor,USD,NXH382,49,14,5,2418.7,12093.5,1789.84
SO - 0002962,2015-05-03,109,Wholesale,USD,FLR025,65,6,5,5380.1,26900.5,3228.06
SO - 0002963,2015-05-03,94,Export,USD,AXW291,27,7,5,3919.5,19597.5,2743.65
SO - 0002964,2015-05-04,56,Distributor,USD,AXW291,9,6,11,1165.8,12823.8,920.98
SO - 0002965,2015-05-04,146,Wholesale,USD,GUT930,38,18,6,167.5,1005,110.55
SO - 0002966,2015-05-04,72,Wholesale,USD,AXW291,20,7,5,1078.7,5393.5,755.09
SO - 0002967,2015-05-04,51,Wholesale,USD,AXW291,15,1,8,6525.8,52206.4,3197.64
SO - 0002968,2015-05-04,174,Wholesale,USD,GUT930,38,26,9,3912.8,35215.2,3091.11
SO - 0002969,2015-05-04,53,Distributor,USD,NXH382,52,14,11,2485.7,27342.7,2063.13
SO - 0002970,2015-05-04,143,Wholesale,USD,AXW291,26,30,11,2244.5,24689.5,1705.82
SO - 0002971,2015-05-04,152,Distributor,USD,AXW291,5,12,7,167.5,1172.5,90.45
SO - 0002972,2015-05-05,18,Distributor,USD,NXH382,58,20,7,844.2,5909.4,379.89
SO - 0002973,2015-05-05,115,Wholesale,USD,GUT930,45,26,11,1118.9,12307.9,749.66
SO - 0002974,2015-05-05,156,Wholesale,USD,GUT930,38,6,8,1695.1,13560.8,1186.57
SO - 0002975,2015-05-05,79,Wholesale,USD,AXW291,9,1,7,2324.9,16274.3,1371.69
SO - 0002976,2015-05-05,34,Wholesale,USD,AXW291,16,13,10,891.1,8911,730.7
SO - 0002977,2015-05-05,22,Wholesale,USD,AXW291,12,19,8,1092.1,8736.8,491.45
SO - 0002978,2015-05-05,95,Distributor,USD,GUT930,32,15,9,1078.7,9708.3,744.3
SO - 0002979,2015-05-05,107,Distributor,USD,AXW291,30,30,5,3892.7,19463.5,1868.5
SO - 0002980,2015-05-05,107,Distributor,USD,AXW291,23,10,11,984.9,10833.9,778.07
SO - 0002981,2015-05-05,82,Distributor,USD,NXH382,59,20,9,3839.1,34551.9,3263.24
SO - 0002982,2015-05-05,2,Wholesale,USD,GUT930,38,13,11,1085.4,11939.4,575.26
SO - 0002983,2015-05-05,167,Wholesale,USD,NXH382,53,29,5,227.8,1139,164.02
SO - 0002984,2015-05-05,102,Distributor,USD,NXH382,50,10,10,1018.4,10184,437.91
SO - 0002985,2015-05-05,139,Distributor,USD,GUT930,42,3,10,2445.5,24455,1027.11
SO - 0002986,2015-05-05,97,Export,USD,GUT930,46,1,6,187.6,1125.6,88.17
SO - 0002987,2015-05-05,3,Wholesale,USD,GUT930,44,13,6,710.2,4261.2,333.79
SO - 0002988,2015-05-05,100,Wholesale,USD,NXH382,50,8,8,1782.2,14257.6,1318.83
SO - 0002989,2015-05-05,95,Wholesale,USD,AXW291,8,3,6,951.4,5708.4,418.62
SO - 0002990,2015-05-05,72,Export,USD,FLR025,65,16,6,5628,33768,4558.68
SO - 0002991,2015-05-05,70,Wholesale,USD,GUT930,43,13,5,1078.7,5393.5,647.22
SO - 0002992,2015-05-06,145,Wholesale,USD,AXW291,22,19,8,3872.6,30980.8,2904.45
SO - 0002993,2015-05-06,134,Wholesale,USD,FLR025,63,5,11,871,9581,679.38
SO - 0002994,2015-05-06,173,Distributor,USD,AXW291,5,27,9,1132.3,10190.7,736
SO - 0002995,2015-05-06,30,Distributor,USD,AXW291,4,13,10,1936.3,19363,929.42
SO - 0002996,2015-05-06,42,Distributor,USD,GUT930,32,5,10,5078.6,50786,3605.81
SO - 0002997,2015-05-06,110,Wholesale,USD,NXH382,48,25,9,1956.4,17607.6,1604.25
SO - 0002998,2015-05-06,61,Wholesale,USD,AXW291,23,15,11,254.6,2800.6,117.12
SO - 0002999,2015-05-06,84,Wholesale,USD,GUT930,42,23,6,1333.3,7999.8,599.99
SO - 0003000,2015-05-07,68,Wholesale,USD,GUT930,44,5,9,1259.6,11336.4,1020.28
SO - 0003001,2015-05-07,34,Wholesale,USD,GUT930,39,28,12,2418.7,29024.4,1427.03
SO - 0003002,2015-05-07,153,Distributor,USD,NXH382,49,24,5,2740.3,13701.5,1753.79
SO - 0003003,2015-05-07,84,Distributor,USD,NXH382,51,13,7,2425.4,16977.8,1576.51
SO - 0003004,2015-05-07,156,Wholesale,USD,GUT930,42,23,11,1742,19162,801.32
SO - 0003005,2015-05-07,74,Wholesale,USD,NXH382,59,12,12,1125.6,13507.2,675.36
SO - 0003006,2015-05-07,43,Wholesale,USD,GUT930,33,2,11,2472.3,27195.3,1483.38
SO - 0003007,2015-05-08,79,Distributor,USD,NXH382,47,5,9,2673.3,24059.7,1096.05
SO - 0003008,2015-05-08,170,Distributor,USD,AXW291,26,3,8,857.6,6860.8,403.07
SO - 0003009,2015-05-08,77,Wholesale,USD,AXW291,10,18,8,2485.7,19885.6,1019.14
SO - 0003010,2015-05-08,111,Wholesale,USD,AXW291,27,4,12,2519.2,30230.4,1990.17
SO - 0003011,2015-05-08,34,Distributor,USD,AXW291,14,13,6,951.4,5708.4,618.41
SO - 0003012,2015-05-08,53,Wholesale,USD,GUT930,33,1,11,3463.9,38102.9,2528.65
SO - 0003013,2015-05-08,12,Distributor,USD,AXW291,16,25,12,944.7,11336.4,500.69
SO - 0003014,2015-05-08,27,Export,USD,AXW291,8,16,8,3289.7,26317.6,2039.61
SO - 0003015,2015-05-08,115,Export,USD,AXW291,22,1,12,2613,31356,1802.97
SO - 0003016,2015-05-09,10,Distributor,USD,GUT930,38,5,11,3993.2,43925.2,2954.97
SO - 0003017,2015-05-09,100,Wholesale,USD,NXH382,58,2,8,3343.3,26746.4,2540.91
SO - 0003018,2015-05-09,101,Distributor,USD,NXH382,56,28,6,1025.1,6150.6,758.57
SO - 0003019,2015-05-09,152,Wholesale,USD,GUT930,36,28,7,254.6,1782.2,211.32
SO - 0003020,2015-05-09,48,Wholesale,USD,AXW291,5,5,11,1078.7,11865.7,798.24
SO - 0003021,2015-05-09,119,Wholesale,USD,AXW291,18,1,8,897.8,7182.4,421.97
SO - 0003022,2015-05-09,47,Export,USD,AXW291,14,17,11,2680,29480,1956.4
SO - 0003023,2015-05-09,3,Wholesale,USD,FLR025,66,1,9,5326.5,47938.5,2237.13
SO - 0003024,2015-05-10,69,Wholesale,USD,AXW291,18,18,7,214.4,1500.8,147.94
SO - 0003025,2015-05-10,149,Export,USD,AXW291,10,15,9,1098.8,9889.2,461.5
SO - 0003026,2015-05-10,71,Distributor,USD,AXW291,27,4,9,1949.7,17547.3,1228.31
SO - 0003027,2015-05-10,157,Wholesale,USD,AXW291,13,9,8,1085.4,8683.2,640.39
SO - 0003028,2015-05-10,21,Distributor,USD,GUT930,38,2,11,1755.4,19309.4,1176.12
SO - 0003029,2015-05-10,140,Distributor,USD,NXH382,58,16,11,1929.6,21225.6,1022.69
SO - 0003030,2015-05-10,74,Wholesale,USD,GUT930,39,13,7,194.3,1360.1,153.5
SO - 0003031,2015-05-10,91,Wholesale,USD,NXH382,48,28,12,254.6,3055.2,180.77
SO - 0003032,2015-05-10,85,Wholesale,USD,FLR025,65,5,12,1788.9,21466.8,948.12
SO - 0003033,2015-05-11,43,Export,USD,FLR025,66,25,5,2499.1,12495.5,1124.6
SO - 0003034,2015-05-11,125,Export,USD,GUT930,35,22,9,3195.9,28763.1,2588.68
SO - 0003035,2015-05-11,2,Wholesale,USD,AXW291,25,30,12,4006.6,48079.2,1843.04
SO - 0003036,2015-05-11,31,Distributor,USD,NXH382,59,5,8,194.3,1554.4,104.92
SO - 0003037,2015-05-11,164,Export,USD,NXH382,55,24,9,1018.4,9165.6,407.36
SO - 0003038,2015-05-11,103,Wholesale,USD,AXW291,30,7,12,174.2,2090.4,97.55
SO - 0003039,2015-05-11,132,Export,USD,GUT930,33,13,5,1125.6,5628,731.64
SO - 0003040,2015-05-12,20,Export,USD,AXW291,9,4,11,2854.2,31396.2,2426.07
SO - 0003041,2015-05-12,162,Wholesale,USD,GUT930,37,26,11,3383.5,37218.5,2131.61
SO - 0003042,2015-05-12,84,Distributor,USD,AXW291,15,1,10,3035.1,30351,2215.62
SO - 0003043,2015-05-12,133,Distributor,USD,GUT930,36,15,12,3939.6,47275.2,1891.01
SO - 0003044,2015-05-12,49,Wholesale,USD,AXW291,10,26,9,6023.3,54209.7,2770.72
SO - 0003045,2015-05-12,11,Distributor,USD,AXW291,21,14,10,194.3,1943,101.04
SO - 0003046,2015-05-12,68,Wholesale,USD,NXH382,50,6,5,5540.9,27704.5,4709.77
SO - 0003047,2015-05-12,62,Wholesale,USD,NXH382,58,25,9,3336.6,30029.4,2769.38
SO - 0003048,2015-05-12,142,Wholesale,USD,GUT930,42,13,5,1775.5,8877.5,1065.3
SO - 0003049,2015-05-12,136,Wholesale,USD,GUT930,45,20,6,737,4422,501.16
SO - 0003050,2015-05-12,102,Wholesale,USD,GUT930,39,10,10,227.8,2278,123.01
SO - 0003051,2015-05-12,4,Wholesale,USD,FLR025,61,16,5,5440.4,27202,2393.78
SO - 0003052,2015-05-12,53,Wholesale,USD,AXW291,11,14,8,958.1,7664.8,756.9
SO - 0003053,2015-05-12,15,Distributor,USD,AXW291,25,13,7,844.2,5909.4,354.56
SO - 0003054,2015-05-13,100,Distributor,USD,NXH382,55,14,11,2318.2,25500.2,1182.28
SO - 0003055,2015-05-13,99,Wholesale,USD,AXW291,27,7,8,2499.1,19992.8,1949.3
SO - 0003056,2015-05-13,69,Wholesale,USD,AXW291,22,30,12,3932.9,47194.8,2045.11
SO - 0003057,2015-05-13,152,Wholesale,USD,AXW291,17,29,5,3510.8,17554,1720.29
SO - 0003058,2015-05-13,49,Distributor,USD,AXW291,18,6,10,194.3,1943,163.21
SO - 0003059,2015-05-13,88,Wholesale,USD,FLR025,66,25,6,3946.3,23677.8,2328.32
SO - 0003060,2015-05-13,108,Wholesale,USD,FLR025,62,14,12,1118.9,13426.8,693.72
SO - 0003061,2015-05-13,65,Wholesale,USD,AXW291,31,26,6,1688.4,10130.4,1401.37
SO - 0003062,2015-05-13,94,Wholesale,USD,NXH382,54,20,10,2291.4,22914,1856.03
SO - 0003063,2015-05-14,122,Distributor,USD,AXW291,9,1,5,1936.3,9681.5,1123.05
SO - 0003064,2015-05-14,76,Distributor,USD,GUT930,35,1,6,1876,11256,1106.84
SO - 0003065,2015-05-14,172,Wholesale,USD,FLR025,60,15,5,3658.2,18291,2780.23
SO - 0003066,2015-05-14,128,Wholesale,USD,AXW291,3,9,12,180.9,2170.8,117.59
SO - 0003067,2015-05-14,43,Wholesale,USD,AXW291,4,1,6,1038.5,6231,467.33
SO - 0003068,2015-05-14,107,Wholesale,USD,AXW291,13,25,6,227.8,1366.8,152.63
SO - 0003069,2015-05-14,42,Wholesale,USD,FLR025,62,3,5,1252.9,6264.5,826.91
SO - 0003070,2015-05-15,144,Wholesale,USD,AXW291,12,25,11,1246.2,13708.2,797.57
SO - 0003071,2015-05-15,110,Export,USD,AXW291,11,25,7,2271.3,15899.1,1408.21
SO - 0003072,2015-05-15,134,Distributor,USD,GUT930,33,19,6,1721.9,10331.4,1308.64
SO - 0003073,2015-05-15,19,Export,USD,AXW291,23,3,7,5045.1,35315.7,2623.45
SO - 0003074,2015-05-15,85,Export,USD,AXW291,14,14,6,3839.1,23034.6,3148.06
SO - 0003075,2015-05-15,18,Wholesale,USD,GUT930,40,2,6,1058.6,6351.6,455.2
SO - 0003076,2015-05-15,36,Distributor,USD,NXH382,56,24,10,3946.3,39463,3354.36
SO - 0003077,2015-05-15,83,Wholesale,USD,GUT930,34,21,7,824.1,5768.7,395.57
SO - 0003078,2015-05-15,106,Wholesale,USD,AXW291,16,13,9,797.3,7175.7,645.81
SO - 0003079,2015-05-16,57,Distributor,USD,AXW291,6,15,8,1688.4,13507.2,827.32
SO - 0003080,2015-05-16,175,Wholesale,USD,FLR025,62,26,11,1728.6,19014.6,1175.45
SO - 0003081,2015-05-16,163,Distributor,USD,FLR025,62,13,9,931.3,8381.7,512.22
SO - 0003082,2015-05-16,170,Wholesale,USD,AXW291,13,15,7,2492.4,17446.8,1520.36
SO - 0003083,2015-05-16,47,Wholesale,USD,FLR025,62,27,10,1862.6,18626,1303.82
SO - 0003084,2015-05-16,55,Wholesale,USD,GUT930,36,16,6,2003.3,12019.8,821.35
SO - 0003085,2015-05-16,139,Wholesale,USD,NXH382,55,6,6,3852.5,23115,1695.1
SO - 0003086,2015-05-17,37,Distributor,USD,GUT930,41,4,6,201,1206,136.68
SO - 0003087,2015-05-17,59,Distributor,USD,GUT930,33,14,8,1695.1,13560.8,915.35
SO - 0003088,2015-05-17,174,Distributor,USD,GUT930,35,26,12,6445.4,77344.8,2835.98
SO - 0003089,2015-05-17,60,Export,USD,AXW291,12,2,12,1085.4,13024.8,445.01
SO - 0003090,2015-05-17,3,Distributor,USD,FLR025,63,18,8,1085.4,8683.2,716.36
SO - 0003091,2015-05-18,135,Wholesale,USD,GUT930,41,17,5,6083.6,30418,3041.8
SO - 0003092,2015-05-18,67,Wholesale,USD,AXW291,7,2,5,676.7,3383.5,345.12
SO - 0003093,2015-05-18,66,Distributor,USD,NXH382,59,26,12,2010,24120,964.8
SO - 0003094,2015-05-18,104,Distributor,USD,NXH382,52,13,6,2586.2,15517.2,1603.44
SO - 0003095,2015-05-18,50,Wholesale,USD,GUT930,36,5,7,850.9,5956.3,655.19
SO - 0003096,2015-05-18,69,Wholesale,USD,AXW291,24,24,10,1976.5,19765,1442.85
SO - 0003097,2015-05-18,165,Distributor,USD,AXW291,16,19,9,1179.2,10612.8,601.39
SO - 0003098,2015-05-18,60,Wholesale,USD,GUT930,37,26,11,207.7,2284.7,95.54
SO - 0003099,2015-05-19,167,Export,USD,FLR025,64,5,6,1943,11658,1224.09
SO - 0003100,2015-05-19,151,Export,USD,AXW291,3,4,5,3886,19430,3108.8
SO - 0003101,2015-05-20,64,Wholesale,USD,GUT930,40,15,10,884.4,8844,512.95
SO - 0003102,2015-05-20,149,Wholesale,USD,GUT930,33,17,10,2599.6,25996,1195.82
SO - 0003103,2015-05-20,63,Distributor,USD,AXW291,24,25,11,1695.1,18646.1,966.21
SO - 0003104,2015-05-20,17,Wholesale,USD,GUT930,35,23,5,1112.2,5561,934.25
SO - 0003105,2015-05-20,91,Wholesale,USD,AXW291,26,24,10,5038.4,50384,2267.28
SO - 0003106,2015-05-20,10,Distributor,USD,GUT930,43,26,7,1943,13601,874.35
SO - 0003107,2015-05-20,173,Wholesale,USD,GUT930,38,25,5,1688.4,8442,861.08
SO - 0003108,2015-05-20,128,Export,USD,AXW291,8,2,6,1125.6,6753.6,529.03
SO - 0003109,2015-05-20,59,Wholesale,USD,AXW291,17,18,11,1065.3,11718.3,575.26
SO - 0003110,2015-05-21,127,Wholesale,USD,AXW291,26,26,7,964.8,6753.6,569.23
SO - 0003111,2015-05-21,149,Wholesale,USD,GUT930,40,14,6,1065.3,6391.8,873.55
SO - 0003112,2015-05-21,135,Export,USD,GUT930,37,26,9,1098.8,9889.2,769.16
SO - 0003113,2015-05-21,101,Wholesale,USD,GUT930,37,25,8,1802.3,14418.4,1297.66
SO - 0003114,2015-05-21,27,Wholesale,USD,FLR025,62,26,11,254.6,2800.6,206.23
SO - 0003115,2015-05-21,68,Export,USD,NXH382,51,26,12,1996.6,23959.2,1397.62
SO - 0003116,2015-05-21,169,Export,USD,NXH382,50,7,12,1058.6,12703.2,476.37
SO - 0003117,2015-05-21,146,Distributor,USD,AXW291,3,19,7,6438.7,45070.9,4120.77
SO - 0003118,2015-05-21,18,Wholesale,USD,AXW291,26,15,6,3946.3,23677.8,3354.36
SO - 0003119,2015-05-21,106,Wholesale,USD,FLR025,63,25,12,1112.2,13346.4,444.88
SO - 0003120,2015-05-21,61,Distributor,USD,NXH382,60,14,9,1165.8,10492.2,722.8
SO - 0003121,2015-05-21,143,Export,USD,NXH382,54,12,6,1172.5,7035,656.6
SO - 0003122,2015-05-22,4,Wholesale,USD,NXH382,48,22,9,1983.2,17848.8,1685.72
SO - 0003123,2015-05-22,84,Wholesale,USD,AXW291,14,15,12,5313.1,63757.2,4091.09
SO - 0003124,2015-05-22,13,Distributor,USD,GUT930,40,16,5,3832.4,19162,2989.27
SO - 0003125,2015-05-22,149,Wholesale,USD,GUT930,36,14,8,2592.9,20743.2,1348.31
SO - 0003126,2015-05-22,88,Wholesale,USD,AXW291,19,13,12,2941.3,35295.6,2176.56
SO - 0003127,2015-05-22,99,Wholesale,USD,GUT930,40,23,5,4006.6,20033,2444.03
SO - 0003128,2015-05-22,91,Distributor,USD,GUT930,34,17,10,991.6,9916,664.37
SO - 0003129,2015-05-23,114,Wholesale,USD,NXH382,59,21,8,857.6,6860.8,428.8
SO - 0003130,2015-05-23,166,Distributor,USD,AXW291,25,29,12,1835.8,22029.6,1009.69
SO - 0003131,2015-05-23,161,Export,USD,AXW291,17,10,5,1916.2,9581,1073.07
SO - 0003132,2015-05-23,101,Wholesale,USD,FLR025,66,26,12,1112.2,13346.4,456
SO - 0003133,2015-05-23,58,Wholesale,USD,AXW291,15,26,9,3946.3,35516.7,2999.19
SO - 0003134,2015-05-23,102,Wholesale,USD,AXW291,11,15,11,2311.5,25426.5,1271.33
SO - 0003135,2015-05-23,41,Export,USD,NXH382,49,18,6,6405.2,38431.2,4803.9
SO - 0003136,2015-05-23,45,Distributor,USD,AXW291,17,17,10,1876,18760,1557.08
SO - 0003137,2015-05-23,120,Export,USD,GUT930,40,10,10,3993.2,39932,3154.63
SO - 0003138,2015-05-23,105,Wholesale,USD,NXH382,55,24,10,917.9,9179,761.86
SO - 0003139,2015-05-23,37,Distributor,USD,GUT930,38,19,10,3591.2,35912,2729.31
SO - 0003140,2015-05-23,89,Wholesale,USD,GUT930,33,18,5,2492.4,12462,1694.83
SO - 0003141,2015-05-24,119,Wholesale,USD,FLR025,62,4,10,1025.1,10251,850.83
SO - 0003142,2015-05-24,114,Wholesale,USD,FLR025,63,18,7,2271.3,15899.1,1635.34
SO - 0003143,2015-05-24,37,Export,USD,AXW291,7,26,5,174.2,871,118.46
SO - 0003144,2015-05-24,51,Distributor,USD,GUT930,32,17,9,750.4,6753.6,630.34
SO - 0003145,2015-05-24,41,Export,USD,AXW291,30,13,8,1889.4,15115.2,1209.22
SO - 0003146,2015-05-24,94,Distributor,USD,AXW291,9,27,11,5983.1,65814.1,3111.21
SO - 0003147,2015-05-24,27,Distributor,USD,GUT930,38,4,12,241.2,2894.4,108.54
SO - 0003148,2015-05-24,160,Wholesale,USD,AXW291,22,5,9,2512.5,22612.5,1080.38
SO - 0003149,2015-05-25,42,Export,USD,AXW291,29,17,12,984.9,11818.8,699.28
SO - 0003150,2015-05-25,27,Wholesale,USD,NXH382,60,14,11,2847.5,31322.5,1822.4
SO - 0003151,2015-05-25,115,Distributor,USD,AXW291,28,18,8,1005,8040,603
SO - 0003152,2015-05-25,106,Wholesale,USD,GUT930,32,26,6,2338.3,14029.8,1894.02
SO - 0003153,2015-05-25,142,Wholesale,USD,AXW291,6,11,9,6170.7,55536.3,5121.68
SO - 0003154,2015-05-25,124,Wholesale,USD,NXH382,58,26,10,2465.6,24656,1972.48
SO - 0003155,2015-05-25,71,Wholesale,USD,FLR025,61,13,6,2385.2,14311.2,1240.3
SO - 0003156,2015-05-25,62,Export,USD,FLR025,65,16,11,1045.2,11497.2,470.34
SO - 0003157,2015-05-25,144,Wholesale,USD,NXH382,56,25,11,2566.1,28227.1,1616.64
SO - 0003158,2015-05-25,30,Distributor,USD,AXW291,7,16,5,2559.4,12797,1970.74
SO - 0003159,2015-05-26,144,Distributor,USD,FLR025,63,26,11,3363.4,36997.4,2657.09
SO - 0003160,2015-05-26,170,Distributor,USD,FLR025,66,21,11,1078.7,11865.7,647.22
SO - 0003161,2015-05-26,113,Distributor,USD,NXH382,51,5,8,5929.5,47436,3913.47
SO - 0003162,2015-05-26,168,Wholesale,USD,NXH382,50,26,11,1909.5,21004.5,1451.22
SO - 0003163,2015-05-26,164,Wholesale,USD,AXW291,7,4,9,1098.8,9889.2,780.15
SO - 0003164,2015-05-26,73,Wholesale,USD,GUT930,39,20,9,884.4,7959.6,353.76
SO - 0003165,2015-05-26,32,Distributor,USD,AXW291,15,13,6,1051.9,6311.4,420.76
SO - 0003166,2015-05-26,162,Wholesale,USD,FLR025,64,15,6,864.3,5185.8,449.44
SO - 0003167,2015-05-26,93,Export,USD,FLR025,64,15,11,2619.7,28816.7,1231.26
SO - 0003168,2015-05-26,71,Wholesale,USD,NXH382,47,13,10,6123.8,61238,2816.95
SO - 0003169,2015-05-27,25,Distributor,USD,NXH382,59,13,7,247.9,1735.3,123.95
SO - 0003170,2015-05-27,92,Distributor,USD,AXW291,1,13,11,1969.8,21667.8,827.32
SO - 0003171,2015-05-27,95,Distributor,USD,NXH382,52,6,11,3966.4,43630.4,2816.14
SO - 0003172,2015-05-27,35,Distributor,USD,GUT930,33,1,5,2472.3,12361.5,1211.43
SO - 0003173,2015-05-27,94,Wholesale,USD,FLR025,64,14,6,3470.6,20823.6,1943.54
SO - 0003174,2015-05-27,51,Distributor,USD,NXH382,48,15,11,6150.6,67656.6,4920.48
SO - 0003175,2015-05-27,120,Export,USD,AXW291,16,4,12,2284.7,27416.4,1804.91
SO - 0003176,2015-05-27,124,Wholesale,USD,NXH382,52,3,7,3530.9,24716.3,2930.65
SO - 0003177,2015-05-28,77,Wholesale,USD,GUT930,36,23,10,194.3,1943,128.24
SO - 0003178,2015-05-28,92,Export,USD,AXW291,2,1,5,737,3685,368.5
SO - 0003179,2015-05-28,63,Export,USD,GUT930,32,15,11,1708.5,18793.5,734.66
SO - 0003180,2015-05-28,142,Export,USD,NXH382,53,1,5,2673.3,13366.5,2031.71
SO - 0003181,2015-05-28,7,Wholesale,USD,AXW291,26,3,7,2251.2,15758.4,1710.91
SO - 0003182,2015-05-28,46,Wholesale,USD,FLR025,62,26,8,2499.1,19992.8,1449.48
SO - 0003183,2015-05-28,134,Wholesale,USD,GUT930,38,5,9,1011.7,9105.3,485.62
SO - 0003184,2015-05-28,163,Export,USD,AXW291,21,11,7,1943,13601,1398.96
SO - 0003185,2015-05-28,152,Export,USD,NXH382,59,16,10,5346.6,53466,3475.29
SO - 0003186,2015-05-28,83,Export,USD,GUT930,45,19,9,1159.1,10431.9,938.87
SO - 0003187,2015-05-28,59,Wholesale,USD,FLR025,61,26,8,1835.8,14686.4,1248.34
SO - 0003188,2015-05-28,153,Export,USD,NXH382,50,24,6,2619.7,15718.2,1047.88
SO - 0003189,2015-05-28,56,Wholesale,USD,AXW291,14,25,8,864.3,6914.4,406.22
SO - 0003190,2015-05-29,88,Wholesale,USD,AXW291,1,26,10,201,2010,160.8
SO - 0003191,2015-05-29,59,Distributor,USD,AXW291,18,2,6,964.8,5788.8,627.12
SO - 0003192,2015-05-29,157,Distributor,USD,NXH382,56,5,8,214.4,1715.2,150.08
SO - 0003193,2015-05-29,79,Distributor,USD,NXH382,51,25,8,1152.4,9219.2,460.96
SO - 0003194,2015-05-29,136,Wholesale,USD,FLR025,65,1,5,3872.6,19363,1820.12
SO - 0003195,2015-05-29,135,Wholesale,USD,GUT930,42,16,5,1105.5,5527.5,707.52
SO - 0003196,2015-05-29,7,Distributor,USD,AXW291,21,5,5,3959.7,19798.5,2811.39
SO - 0003197,2015-05-29,165,Distributor,USD,FLR025,66,26,10,1735.3,17353,954.42
SO - 0003198,2015-05-29,137,Wholesale,USD,GUT930,45,13,12,3423.7,41084.4,1540.67
SO - 0003199,2015-05-29,93,Wholesale,USD,GUT930,45,25,7,3865.9,27061.3,1701
SO - 0003200,2015-05-29,122,Wholesale,USD,FLR025,60,6,7,1058.6,7410.2,868.05
SO - 0003201,2015-05-29,74,Export,USD,AXW291,12,13,5,2257.9,11289.5,925.74
SO - 0003202,2015-05-29,41,Distributor,USD,GUT930,33,9,9,5849.1,52641.9,2632.1
SO - 0003203,2015-05-30,134,Wholesale,USD,AXW291,24,14,11,2338.3,25721.3,1964.17
SO - 0003204,2015-05-30,81,Distributor,USD,GUT930,45,26,7,1025.1,7175.7,809.83
SO - 0003205,2015-05-30,164,Export,USD,NXH382,49,14,9,2291.4,20622.6,1764.38
SO - 0003206,2015-05-30,95,Wholesale,USD,GUT930,31,13,12,1058.6,12703.2,476.37
SO - 0003207,2015-05-30,98,Distributor,USD,GUT930,43,15,5,1139,5695,523.94
SO - 0003208,2015-05-30,32,Export,USD,AXW291,30,19,7,1139,7973,455.6
SO - 0003209,2015-05-30,128,Export,USD,NXH382,47,12,9,3410.3,30692.7,2319
SO - 0003210,2015-05-30,92,Wholesale,USD,FLR025,60,17,12,1085.4,13024.8,640.39
SO - 0003211,2015-05-31,135,Wholesale,USD,GUT930,45,25,9,2385.2,21466.8,1550.38
SO - 0003212,2015-05-31,55,Wholesale,USD,GUT930,46,13,6,227.8,1366.8,109.34
SO - 0003213,2015-05-31,47,Wholesale,USD,AXW291,22,6,10,690.1,6901,324.35
SO - 0003214,2015-05-31,61,Distributor,USD,AXW291,19,25,5,6271.2,31356,4640.69
SO - 0003215,2015-05-31,39,Wholesale,USD,AXW291,2,25,11,174.2,1916.2,127.17
SO - 0003216,2015-05-31,83,Export,USD,AXW291,27,26,7,221.1,1547.7,119.39
SO - 0003217,2015-06-01,89,Wholesale,USD,AXW291,8,17,9,234.5,2110.5,93.8
SO - 0003218,2015-06-01,128,Wholesale,USD,AXW291,27,9,10,1909.5,19095,1355.75
SO - 0003219,2015-06-01,10,Wholesale,USD,AXW291,25,27,5,1112.2,5561,878.64
SO - 0003220,2015-06-01,51,Distributor,USD,AXW291,30,25,6,857.6,5145.6,497.41
SO - 0003221,2015-06-01,67,Wholesale,USD,AXW291,1,16,9,2237.8,20140.2,1409.81
SO - 0003222,2015-06-01,71,Wholesale,USD,NXH382,54,4,5,2345,11725,1031.8
SO - 0003223,2015-06-01,68,Distributor,USD,AXW291,14,14,11,3202.6,35228.6,1377.12
SO - 0003224,2015-06-01,80,Wholesale,USD,AXW291,7,10,11,1051.9,11570.9,736.33
SO - 0003225,2015-06-02,105,Distributor,USD,NXH382,55,25,5,1031.8,5159,567.49
SO - 0003226,2015-06-02,142,Wholesale,USD,AXW291,23,25,9,3912.8,35215.2,1721.63
SO - 0003227,2015-06-02,37,Wholesale,USD,AXW291,1,5,7,1065.3,7457.1,862.89
SO - 0003228,2015-06-02,16,Export,USD,NXH382,49,2,6,3959.7,23758.2,3365.75
SO - 0003229,2015-06-02,114,Wholesale,USD,FLR025,63,19,7,3973.1,27811.7,1708.43
SO - 0003230,2015-06-02,11,Wholesale,USD,AXW291,7,5,8,1072,8576,428.8
SO - 0003231,2015-06-02,89,Distributor,USD,GUT930,37,25,6,2800.6,16803.6,1260.27
SO - 0003232,2015-06-02,50,Export,USD,NXH382,60,12,5,6545.9,32729.5,4713.05
SO - 0003233,2015-06-02,10,Distributor,USD,AXW291,23,1,11,2365.1,26016.1,1016.99
SO - 0003234,2015-06-02,24,Distributor,USD,GUT930,38,25,7,1092.1,7644.7,830
SO - 0003235,2015-06-02,117,Wholesale,USD,AXW291,30,28,8,3403.6,27228.8,2416.56
SO - 0003236,2015-06-02,165,Wholesale,USD,GUT930,36,27,9,194.3,1748.7,120.47
SO - 0003237,2015-06-03,160,Wholesale,USD,GUT930,46,6,5,2646.5,13232.5,1826.09
SO - 0003238,2015-06-03,56,Wholesale,USD,FLR025,66,9,11,1058.6,11644.6,709.26
SO - 0003239,2015-06-03,20,Distributor,USD,AXW291,1,5,6,3966.4,23798.4,1586.56
SO - 0003240,2015-06-03,153,Distributor,USD,GUT930,37,11,11,2941.3,32354.3,1911.85
SO - 0003241,2015-06-03,110,Wholesale,USD,NXH382,57,24,6,1125.6,6753.6,675.36
SO - 0003242,2015-06-03,165,Wholesale,USD,AXW291,4,29,7,2827.4,19791.8,1781.26
SO - 0003243,2015-06-03,32,Wholesale,USD,AXW291,20,25,6,1105.5,6633,740.69
SO - 0003244,2015-06-03,15,Distributor,USD,GUT930,36,28,5,4020,20100,1809
SO - 0003245,2015-06-03,168,Wholesale,USD,GUT930,44,1,9,3269.6,29426.4,1405.93
SO - 0003246,2015-06-03,53,Wholesale,USD,NXH382,47,28,11,5246.1,57707.1,3882.11
SO - 0003247,2015-06-04,53,Export,USD,GUT930,32,22,10,2405.3,24053,1611.55
SO - 0003248,2015-06-04,70,Wholesale,USD,NXH382,53,25,9,6137.2,55234.8,2823.11
SO - 0003249,2015-06-04,46,Wholesale,USD,GUT930,47,26,11,2365.1,26016.1,993.34
SO - 0003250,2015-06-04,154,Distributor,USD,AXW291,25,8,12,1159.1,13909.2,950.46
SO - 0003251,2015-06-04,59,Wholesale,USD,AXW291,27,5,11,1072,11792,450.24
SO - 0003252,2015-06-04,45,Wholesale,USD,GUT930,41,7,9,3845.8,34612.2,1922.9
SO - 0003253,2015-06-04,5,Export,USD,GUT930,46,2,9,3886,34974,3069.94
SO - 0003254,2015-06-04,137,Wholesale,USD,AXW291,18,13,7,777.2,5440.4,528.5
SO - 0003255,2015-06-04,46,Wholesale,USD,AXW291,27,12,5,911.2,4556,756.3
SO - 0003256,2015-06-04,142,Export,USD,NXH382,53,3,8,3932.9,31463.2,3106.99
SO - 0003257,2015-06-04,110,Wholesale,USD,NXH382,54,27,6,2566.1,15396.6,1437.02
SO - 0003258,2015-06-04,82,Wholesale,USD,AXW291,8,19,11,5788.8,63676.8,2952.29
SO - 0003259,2015-06-04,7,Distributor,USD,AXW291,28,27,8,6358.3,50866.4,5023.06
SO - 0003260,2015-06-04,42,Export,USD,AXW291,26,30,12,924.6,11095.2,711.94
SO - 0003261,2015-06-04,57,Export,USD,GUT930,33,15,9,1031.8,9286.2,639.72
SO - 0003262,2015-06-04,118,Export,USD,FLR025,66,24,9,3845.8,34612.2,1730.61
SO - 0003263,2015-06-04,132,Export,USD,AXW291,17,23,12,904.5,10854,669.33
SO - 0003264,2015-06-05,58,Wholesale,USD,NXH382,47,25,6,234.5,1407,192.29
SO - 0003265,2015-06-05,100,Wholesale,USD,AXW291,21,20,8,3973.1,31784.8,1708.43
SO - 0003266,2015-06-05,111,Wholesale,USD,GUT930,32,13,5,207.7,1038.5,153.7
SO - 0003267,2015-06-05,5,Distributor,USD,AXW291,15,19,12,1005,12060,783.9
SO - 0003268,2015-06-05,55,Distributor,USD,GUT930,42,25,10,221.1,2211,187.94
SO - 0003269,2015-06-05,86,Export,USD,AXW291,13,25,12,3852.5,46230,1656.58
SO - 0003270,2015-06-05,92,Wholesale,USD,AXW291,5,2,10,268,2680,160.8
SO - 0003271,2015-06-05,109,Wholesale,USD,FLR025,64,17,10,3497.4,34974,1398.96
SO - 0003272,2015-06-06,163,Distributor,USD,AXW291,7,11,6,6438.7,38632.2,2575.48
SO - 0003273,2015-06-06,117,Wholesale,USD,FLR025,61,15,5,871,4355,679.38
SO - 0003274,2015-06-06,33,Wholesale,USD,NXH382,51,19,12,3912.8,46953.6,1799.89
SO - 0003275,2015-06-06,65,Wholesale,USD,GUT930,34,6,10,998.3,9983,499.15
SO - 0003276,2015-06-07,135,Wholesale,USD,NXH382,58,13,8,6170.7,49365.6,4010.96
SO - 0003277,2015-06-07,24,Distributor,USD,NXH382,52,14,12,3999.9,47998.8,3079.92
SO - 0003278,2015-06-07,7,Wholesale,USD,AXW291,2,13,5,3819,19095,2405.97
SO - 0003279,2015-06-07,50,Distributor,USD,GUT930,38,6,11,5433.7,59770.7,3097.21
SO - 0003280,2015-06-08,149,Wholesale,USD,GUT930,35,5,9,6009.9,54089.1,4026.63
SO - 0003281,2015-06-08,118,Wholesale,USD,GUT930,35,1,6,5775.4,34652.4,3580.75
SO - 0003282,2015-06-08,57,Wholesale,USD,NXH382,55,1,10,3825.7,38257,1912.85
SO - 0003283,2015-06-08,169,Wholesale,USD,AXW291,13,15,12,6418.6,77023.2,3145.11
SO - 0003284,2015-06-08,76,Wholesale,USD,NXH382,52,26,8,2378.5,19028,1379.53
SO - 0003285,2015-06-08,53,Wholesale,USD,GUT930,42,14,9,4006.6,36059.4,2444.03
SO - 0003286,2015-06-08,95,Wholesale,USD,AXW291,11,13,9,2331.6,20984.4,1538.86
SO - 0003287,2015-06-08,41,Distributor,USD,GUT930,36,1,8,6210.9,49687.2,4409.74
SO - 0003288,2015-06-08,20,Wholesale,USD,FLR025,64,25,10,1045.2,10452,731.64
SO - 0003289,2015-06-08,11,Distributor,USD,GUT930,44,20,10,1916.2,19162,1475.47
SO - 0003290,2015-06-08,26,Export,USD,GUT930,39,29,9,1058.6,9527.4,561.06
SO - 0003291,2015-06-09,6,Wholesale,USD,FLR025,65,16,9,1038.5,9346.5,612.72
SO - 0003292,2015-06-09,24,Wholesale,USD,NXH382,52,18,6,2680,16080,1152.4
SO - 0003293,2015-06-09,2,Wholesale,USD,AXW291,3,16,9,3618,32562,2858.22
SO - 0003294,2015-06-09,90,Wholesale,USD,AXW291,10,28,11,1098.8,12086.8,736.2
SO - 0003295,2015-06-09,96,Wholesale,USD,AXW291,27,26,6,3872.6,23235.6,2478.46
SO - 0003296,2015-06-09,173,Distributor,USD,AXW291,25,26,7,2512.5,17587.5,2110.5
SO - 0003297,2015-06-09,88,Wholesale,USD,FLR025,65,26,9,3946.3,35516.7,3157.04
SO - 0003298,2015-06-10,24,Distributor,USD,GUT930,36,13,6,5152.3,30913.8,3452.04
SO - 0003299,2015-06-10,109,Wholesale,USD,NXH382,55,7,6,241.2,1447.2,151.96
SO - 0003300,2015-06-10,38,Wholesale,USD,GUT930,33,4,10,1018.4,10184,539.75
SO - 0003301,2015-06-10,125,Distributor,USD,GUT930,45,5,9,1742,15678,1027.78
SO - 0003302,2015-06-10,12,Wholesale,USD,GUT930,32,17,9,3899.4,35094.6,3002.54
SO - 0003303,2015-06-10,66,Distributor,USD,AXW291,13,26,5,877.7,4388.5,614.39
SO - 0003304,2015-06-11,90,Wholesale,USD,AXW291,9,25,12,1051.9,12622.8,778.41
SO - 0003305,2015-06-11,66,Wholesale,USD,NXH382,52,2,6,2572.8,15436.8,1698.05
SO - 0003306,2015-06-11,115,Wholesale,USD,AXW291,21,28,6,3899.4,23396.4,3314.49
SO - 0003307,2015-06-11,20,Export,USD,AXW291,31,26,5,2606.3,13031.5,1615.91
SO - 0003308,2015-06-11,7,Wholesale,USD,AXW291,14,11,6,167.5,1005,93.8
SO - 0003309,2015-06-11,146,Export,USD,AXW291,7,19,7,2351.7,16461.9,1622.67
SO - 0003310,2015-06-11,81,Distributor,USD,FLR025,65,26,10,1038.5,10385,529.64
SO - 0003311,2015-06-11,80,Export,USD,FLR025,63,18,9,1976.5,17788.5,1264.96
SO - 0003312,2015-06-11,175,Wholesale,USD,GUT930,41,5,9,1849.2,16642.8,795.16
SO - 0003313,2015-06-11,46,Wholesale,USD,GUT930,34,16,9,1051.9,9467.1,462.84
SO - 0003314,2015-06-12,85,Distributor,USD,AXW291,4,26,12,4006.6,48079.2,2123.5
SO - 0003315,2015-06-12,126,Distributor,USD,NXH382,59,19,7,2740.3,19182.1,1561.97
SO - 0003316,2015-06-12,84,Wholesale,USD,AXW291,31,13,9,6478.9,58310.1,4923.96
SO - 0003317,2015-06-12,40,Wholesale,USD,AXW291,17,18,12,2807.3,33687.6,1908.96
SO - 0003318,2015-06-12,104,Wholesale,USD,AXW291,18,4,12,6251.1,75013.2,2938.02
SO - 0003319,2015-06-12,103,Wholesale,USD,AXW291,17,25,9,3015,27135,2381.85
SO - 0003320,2015-06-13,91,Wholesale,USD,GUT930,41,17,6,1949.7,11698.2,1169.82
SO - 0003321,2015-06-13,76,Wholesale,USD,AXW291,18,15,5,1078.7,5393.5,690.37
SO - 0003322,2015-06-13,47,Wholesale,USD,AXW291,2,4,7,5272.9,36910.3,4165.59
SO - 0003323,2015-06-13,171,Wholesale,USD,NXH382,57,25,9,3999.9,35999.1,2759.93
SO - 0003324,2015-06-13,76,Wholesale,USD,AXW291,31,16,11,247.9,2726.9,173.53
SO - 0003325,2015-06-13,128,Distributor,USD,FLR025,66,25,9,6056.8,54511.2,3694.65
SO - 0003326,2015-06-13,88,Export,USD,AXW291,23,25,12,241.2,2894.4,161.6
SO - 0003327,2015-06-13,29,Distributor,USD,GUT930,45,17,8,241.2,1929.6,202.61
SO - 0003328,2015-06-13,72,Distributor,USD,FLR025,60,19,10,1031.8,10318,526.22
SO - 0003329,2015-06-13,67,Wholesale,USD,AXW291,17,11,6,1118.9,6713.4,559.45
SO - 0003330,2015-06-13,9,Export,USD,AXW291,2,5,9,1306.5,11758.5,535.67
SO - 0003331,2015-06-13,41,Wholesale,USD,AXW291,27,17,7,167.5,1172.5,118.93
SO - 0003332,2015-06-13,55,Wholesale,USD,GUT930,43,19,8,1072,8576,546.72
SO - 0003333,2015-06-13,106,Export,USD,GUT930,36,14,7,5406.9,37848.3,4487.73
SO - 0003334,2015-06-14,150,Wholesale,USD,FLR025,66,25,11,1969.8,21667.8,1575.84
SO - 0003335,2015-06-14,115,Wholesale,USD,AXW291,21,13,5,194.3,971.5,118.52
SO - 0003336,2015-06-14,136,Export,USD,GUT930,45,26,9,6190.8,55717.2,3033.49
SO - 0003337,2015-06-14,52,Distributor,USD,AXW291,24,2,6,1092.1,6552.6,644.34
SO - 0003338,2015-06-14,135,Wholesale,USD,FLR025,65,13,12,2881,34572,2074.32
SO - 0003339,2015-06-14,35,Wholesale,USD,AXW291,21,19,8,2237.8,17902.4,1297.92
SO - 0003340,2015-06-14,94,Wholesale,USD,AXW291,8,14,7,891.1,6237.7,543.57
SO - 0003341,2015-06-14,14,Wholesale,USD,AXW291,2,16,12,2224.4,26692.8,1757.28
SO - 0003342,2015-06-15,85,Wholesale,USD,AXW291,24,14,5,2452.2,12261,1054.45
SO - 0003343,2015-06-15,17,Wholesale,USD,AXW291,19,4,10,5835.7,58357,4026.63
SO - 0003344,2015-06-15,173,Distributor,USD,AXW291,7,29,5,1098.8,5494,933.98
SO - 0003345,2015-06-15,99,Wholesale,USD,GUT930,38,29,11,911.2,10023.2,628.73
SO - 0003346,2015-06-15,132,Wholesale,USD,AXW291,24,9,5,1869.3,9346.5,1401.98
SO - 0003347,2015-06-15,68,Wholesale,USD,GUT930,43,12,5,3604.6,18023,2379.04
SO - 0003348,2015-06-15,8,Wholesale,USD,AXW291,14,8,12,884.4,10612.8,477.58
SO - 0003349,2015-06-15,147,Export,USD,FLR025,63,20,12,2814,33768,1885.38
SO - 0003350,2015-06-15,148,Wholesale,USD,AXW291,26,15,10,1688.4,16884,1063.69
SO - 0003351,2015-06-15,107,Wholesale,USD,AXW291,14,26,12,958.1,11497.2,804.8
SO - 0003352,2015-06-15,32,Wholesale,USD,NXH382,54,15,12,1795.6,21547.2,1256.92
SO - 0003353,2015-06-16,49,Wholesale,USD,GUT930,36,1,8,2217.7,17741.6,1131.03
SO - 0003354,2015-06-16,39,Distributor,USD,NXH382,48,18,12,5467.2,65606.4,3772.37
SO - 0003355,2015-06-16,113,Wholesale,USD,AXW291,15,13,9,3819,34371,2405.97
SO - 0003356,2015-06-16,139,Wholesale,USD,FLR025,64,15,10,1011.7,10117,627.25
SO - 0003357,2015-06-16,90,Wholesale,USD,NXH382,50,13,12,1018.4,12220.8,682.33
SO - 0003358,2015-06-16,93,Export,USD,AXW291,25,1,8,1018.4,8147.2,539.75
SO - 0003359,2015-06-16,157,Distributor,USD,NXH382,49,1,6,3812.3,22873.8,2592.36
SO - 0003360,2015-06-16,133,Distributor,USD,AXW291,24,6,10,3953,39530,1818.38
SO - 0003361,2015-06-17,130,Export,USD,AXW291,4,13,12,3953,47436,3241.46
SO - 0003362,2015-06-17,136,Wholesale,USD,AXW291,15,10,9,2318.2,20863.8,1669.1
SO - 0003363,2015-06-18,114,Export,USD,AXW291,9,13,6,864.3,5185.8,509.94
SO - 0003364,2015-06-18,46,Wholesale,USD,GUT930,40,26,12,1105.5,13266,851.24
SO - 0003365,2015-06-18,34,Distributor,USD,AXW291,12,17,6,1031.8,6190.8,856.39
SO - 0003366,2015-06-18,139,Wholesale,USD,AXW291,28,17,8,2539.3,20314.4,1929.87
SO - 0003367,2015-06-19,129,Wholesale,USD,AXW291,1,13,5,2968.1,14840.5,1187.24
SO - 0003368,2015-06-19,154,Wholesale,USD,NXH382,51,22,7,1018.4,7128.8,763.8
SO - 0003369,2015-06-19,166,Distributor,USD,GUT930,36,29,12,696.8,8361.6,341.43
SO - 0003370,2015-06-19,162,Distributor,USD,AXW291,3,6,10,1835.8,18358,1523.71
SO - 0003371,2015-06-19,71,Wholesale,USD,AXW291,16,4,11,3899.4,42893.4,3314.49
SO - 0003372,2015-06-19,162,Export,USD,AXW291,6,13,11,2941.3,32354.3,2176.56
SO - 0003373,2015-06-19,160,Wholesale,USD,FLR025,64,5,12,5534.2,66410.4,4095.31
SO - 0003374,2015-06-19,1,Wholesale,USD,FLR025,64,26,6,1132.3,6793.8,532.18
SO - 0003375,2015-06-19,85,Distributor,USD,AXW291,15,3,9,1822.4,16401.6,911.2
SO - 0003376,2015-06-19,172,Distributor,USD,AXW291,2,22,9,187.6,1688.4,138.82
SO - 0003377,2015-06-19,19,Wholesale,USD,GUT930,39,25,8,1045.2,8361.6,857.06
SO - 0003378,2015-06-19,96,Distributor,USD,AXW291,1,20,11,2351.7,25868.7,1269.92
SO - 0003379,2015-06-19,131,Distributor,USD,GUT930,42,14,7,3517.5,24622.5,2778.83
SO - 0003380,2015-06-19,138,Wholesale,USD,GUT930,36,10,8,5380.1,43040.8,4357.88
SO - 0003381,2015-06-20,29,Wholesale,USD,AXW291,10,19,11,1025.1,11276.1,727.82
SO - 0003382,2015-06-20,34,Wholesale,USD,AXW291,20,14,12,1038.5,12462,778.88
SO - 0003383,2015-06-20,100,Distributor,USD,AXW291,5,17,6,4006.6,24039.6,2604.29
SO - 0003384,2015-06-20,46,Distributor,USD,GUT930,37,25,10,5313.1,53131,3772.3
SO - 0003385,2015-06-21,22,Wholesale,USD,AXW291,25,23,7,1246.2,8723.4,934.65
SO - 0003386,2015-06-21,74,Export,USD,FLR025,64,25,11,850.9,9359.9,433.96
SO - 0003387,2015-06-21,145,Wholesale,USD,AXW291,15,6,9,6411.9,57707.1,2821.24
SO - 0003388,2015-06-21,153,Export,USD,NXH382,53,3,11,268,2948,163.48
SO - 0003389,2015-06-21,70,Wholesale,USD,NXH382,48,5,12,2485.7,29828.4,1615.71
SO - 0003390,2015-06-21,90,Distributor,USD,FLR025,66,22,7,1782.2,12475.4,1372.29
SO - 0003391,2015-06-21,3,Distributor,USD,AXW291,15,17,5,1273,6365,509.2
SO - 0003392,2015-06-22,33,Wholesale,USD,NXH382,50,26,12,3859.2,46310.4,1698.05
SO - 0003393,2015-06-22,19,Wholesale,USD,AXW291,18,20,9,5534.2,49807.8,4095.31
SO - 0003394,2015-06-22,128,Export,USD,AXW291,26,2,6,797.3,4783.8,414.6
SO - 0003395,2015-06-22,113,Distributor,USD,AXW291,11,14,5,1748.7,8743.5,1294.04
SO - 0003396,2015-06-22,125,Export,USD,FLR025,62,18,12,3919.5,47034,3135.6
SO - 0003397,2015-06-22,90,Wholesale,USD,AXW291,2,19,10,201,2010,142.71
SO - 0003398,2015-06-22,137,Distributor,USD,GUT930,34,26,9,864.3,7778.7,622.3
SO - 0003399,2015-06-22,158,Distributor,USD,FLR025,62,4,9,1072,9648,814.72
SO - 0003400,2015-06-22,171,Wholesale,USD,AXW291,29,15,10,817.4,8174,645.75
SO - 0003401,2015-06-23,152,Export,USD,AXW291,18,12,6,3946.3,23677.8,2801.87
SO - 0003402,2015-06-23,92,Wholesale,USD,NXH382,52,1,6,737,4422,412.72
SO - 0003403,2015-06-23,90,Wholesale,USD,AXW291,24,8,7,2559.4,17915.8,1356.48
SO - 0003404,2015-06-23,150,Distributor,USD,GUT930,45,25,7,6351.6,44461.2,2921.74
SO - 0003405,2015-06-23,63,Wholesale,USD,AXW291,21,21,10,5721.8,57218,3719.17
SO - 0003406,2015-06-23,163,Wholesale,USD,GUT930,38,6,7,6137.2,42960.4,4296.04
SO - 0003407,2015-06-23,158,Wholesale,USD,AXW291,29,25,10,261.3,2613,198.59
SO - 0003408,2015-06-24,24,Distributor,USD,AXW291,27,15,7,3919.5,27436.5,2900.43
SO - 0003409,2015-06-24,75,Wholesale,USD,GUT930,32,19,9,1259.6,11336.4,919.51
SO - 0003410,2015-06-24,46,Export,USD,AXW291,18,14,11,2358.4,25942.4,1532.96
SO - 0003411,2015-06-24,101,Distributor,USD,FLR025,66,21,11,2887.7,31764.7,1443.85
SO - 0003412,2015-06-24,64,Wholesale,USD,FLR025,65,3,12,1065.3,12783.6,628.53
SO - 0003413,2015-06-24,42,Wholesale,USD,AXW291,16,16,12,5326.5,63918,2503.46
SO - 0003414,2015-06-24,96,Wholesale,USD,NXH382,51,25,11,3423.7,37660.7,1540.67
SO - 0003415,2015-06-25,133,Distributor,USD,GUT930,31,5,10,3879.3,38793,1823.27
SO - 0003416,2015-06-25,161,Wholesale,USD,NXH382,59,18,10,3926.2,39262,3258.75
SO - 0003417,2015-06-25,88,Export,USD,GUT930,46,4,9,998.3,8984.7,798.64
SO - 0003418,2015-06-25,49,Export,USD,AXW291,2,1,12,917.9,11014.8,523.2
SO - 0003419,2015-06-26,53,Export,USD,AXW291,1,2,10,1098.8,10988,637.3
SO - 0003420,2015-06-26,57,Distributor,USD,GUT930,34,1,5,3993.2,19966,2515.72
SO - 0003421,2015-06-26,73,Wholesale,USD,AXW291,21,12,11,2485.7,27342.7,1640.56
SO - 0003422,2015-06-26,63,Distributor,USD,AXW291,1,20,11,221.1,2432.1,121.61
SO - 0003423,2015-06-26,141,Distributor,USD,NXH382,54,15,8,2237.8,17902.4,1566.46
SO - 0003424,2015-06-26,149,Wholesale,USD,AXW291,8,20,9,2244.5,20200.5,1391.59
SO - 0003425,2015-06-26,2,Distributor,USD,NXH382,54,19,12,737,8844,449.57
SO - 0003426,2015-06-27,55,Wholesale,USD,NXH382,54,26,11,2244.5,24689.5,1279.37
SO - 0003427,2015-06-27,1,Distributor,USD,GUT930,43,17,11,3953,43483,2767.1
SO - 0003428,2015-06-27,58,Distributor,USD,AXW291,9,14,7,4020,28140,2251.2
SO - 0003429,2015-06-27,105,Wholesale,USD,AXW291,31,19,5,6411.9,32059.5,3911.26
SO - 0003430,2015-06-27,128,Wholesale,USD,AXW291,4,16,8,1782.2,14257.6,1354.47
SO - 0003431,2015-06-27,76,Wholesale,USD,NXH382,49,30,6,998.3,5989.8,549.07
SO - 0003432,2015-06-27,40,Distributor,USD,GUT930,47,13,12,710.2,8522.4,568.16
SO - 0003433,2015-06-27,102,Wholesale,USD,AXW291,27,20,10,227.8,2278,154.9
SO - 0003434,2015-06-27,173,Wholesale,USD,GUT930,32,2,6,1065.3,6391.8,724.4
SO - 0003435,2015-06-27,53,Wholesale,USD,NXH382,57,25,11,214.4,2358.4,120.06
SO - 0003436,2015-06-27,173,Export,USD,AXW291,26,13,12,1286.4,15436.8,836.16
SO - 0003437,2015-06-27,79,Wholesale,USD,GUT930,33,1,8,1051.9,8415.2,715.29
SO - 0003438,2015-06-28,30,Distributor,USD,FLR025,62,12,10,5272.9,52729,3849.22
SO - 0003439,2015-06-28,111,Export,USD,GUT930,37,15,10,1018.4,10184,835.09
SO - 0003440,2015-06-28,106,Wholesale,USD,AXW291,18,18,11,3651.5,40166.5,2117.87
SO - 0003441,2015-06-28,9,Wholesale,USD,AXW291,11,26,10,2284.7,22847,1759.22
SO - 0003442,2015-06-28,54,Wholesale,USD,AXW291,29,26,10,6378.4,63784,3061.63
SO - 0003443,2015-06-29,115,Distributor,USD,NXH382,59,26,11,6385.1,70236.1,4661.12
SO - 0003444,2015-06-29,76,Wholesale,USD,AXW291,5,12,7,5065.2,35456.4,3900.2
SO - 0003445,2015-06-29,17,Distributor,USD,GUT930,41,14,9,1085.4,9768.6,586.12
SO - 0003446,2015-06-29,144,Wholesale,USD,GUT930,39,16,8,2445.5,19564,1760.76
SO - 0003447,2015-06-29,80,Wholesale,USD,AXW291,6,1,5,247.9,1239.5,131.39
SO - 0003448,2015-06-29,53,Wholesale,USD,NXH382,57,3,8,1072,8576,825.44
SO - 0003449,2015-06-29,165,Wholesale,USD,AXW291,26,25,5,2599.6,12998,1429.78
SO - 0003450,2015-06-29,34,Wholesale,USD,AXW291,13,24,10,254.6,2546,178.22
SO - 0003451,2015-06-29,149,Wholesale,USD,NXH382,50,20,11,6378.4,70162.4,3890.82
SO - 0003452,2015-06-29,141,Export,USD,GUT930,42,26,7,261.3,1829.1,164.62
SO - 0003453,2015-06-30,104,Wholesale,USD,FLR025,62,25,12,2345,28140,1969.8
SO - 0003454,2015-06-30,170,Distributor,USD,AXW291,13,26,12,1675,20100,670
SO - 0003455,2015-06-30,96,Wholesale,USD,AXW291,10,2,12,2512.5,30150,1130.63
SO - 0003456,2015-06-30,159,Wholesale,USD,GUT930,32,25,6,3926.2,23557.2,2905.39
SO - 0003457,2015-06-30,173,Wholesale,USD,GUT930,40,26,11,5366.7,59033.7,4239.69
SO - 0003458,2015-06-30,163,Wholesale,USD,NXH382,53,5,6,877.7,5266.2,623.17
SO - 0003459,2015-06-30,89,Export,USD,NXH382,49,16,9,1058.6,9527.4,539.89
SO - 0003460,2015-06-30,134,Wholesale,USD,NXH382,50,30,6,1072,6432,493.12
SO - 0003461,2015-07-01,84,Wholesale,USD,NXH382,60,19,9,3912.8,35215.2,2543.32
SO - 0003462,2015-07-01,96,Distributor,USD,NXH382,55,16,6,227.8,1366.8,107.07
SO - 0003463,2015-07-01,108,Wholesale,USD,AXW291,6,4,8,1139,9112,558.11
SO - 0003464,2015-07-01,137,Wholesale,USD,GUT930,40,15,10,201,2010,98.49
SO - 0003465,2015-07-01,111,Distributor,USD,NXH382,59,16,7,1038.5,7269.5,799.65
SO - 0003466,2015-07-01,124,Wholesale,USD,AXW291,28,25,6,254.6,1527.6,142.58
SO - 0003467,2015-07-01,97,Distributor,USD,NXH382,58,13,7,1058.6,7410.2,518.71
SO - 0003468,2015-07-02,172,Wholesale,USD,NXH382,53,23,9,247.9,2231.1,198.32
SO - 0003469,2015-07-02,39,Wholesale,USD,FLR025,60,5,9,1025.1,9225.9,481.8
SO - 0003470,2015-07-02,110,Wholesale,USD,NXH382,58,2,6,5782.1,34692.6,3700.54
SO - 0003471,2015-07-02,167,Wholesale,USD,AXW291,18,15,5,1051.9,5259.5,462.84
SO - 0003472,2015-07-02,95,Wholesale,USD,GUT930,43,2,7,844.2,5909.4,379.89
SO - 0003473,2015-07-02,90,Wholesale,USD,GUT930,34,7,10,2412,24120,2026.08
SO - 0003474,2015-07-03,17,Distributor,USD,NXH382,53,18,7,1031.8,7222.6,804.8
SO - 0003475,2015-07-03,135,Wholesale,USD,GUT930,31,25,7,5983.1,41881.7,3410.37
SO - 0003476,2015-07-03,114,Distributor,USD,AXW291,24,20,9,830.8,7477.2,697.87
SO - 0003477,2015-07-03,133,Export,USD,NXH382,48,8,12,1092.1,13105.2,633.42
SO - 0003478,2015-07-03,160,Distributor,USD,GUT930,35,16,6,1011.7,6070.2,718.31
SO - 0003479,2015-07-03,165,Distributor,USD,GUT930,38,12,11,1882.7,20709.7,1186.1
SO - 0003480,2015-07-03,99,Export,USD,AXW291,31,13,6,1252.9,7517.4,914.62
SO - 0003481,2015-07-03,171,Distributor,USD,AXW291,26,6,9,1708.5,15376.5,1435.14
SO - 0003482,2015-07-03,100,Distributor,USD,NXH382,49,13,11,1273,14003,954.75
SO - 0003483,2015-07-03,45,Wholesale,USD,GUT930,40,25,5,2438.8,12194,1341.34
SO - 0003484,2015-07-03,170,Distributor,USD,GUT930,46,13,9,3061.9,27557.1,1745.28
SO - 0003485,2015-07-03,169,Distributor,USD,FLR025,65,21,8,3061.9,24495.2,1224.76
SO - 0003486,2015-07-03,44,Wholesale,USD,AXW291,22,4,12,167.5,2010,142.38
SO - 0003487,2015-07-03,91,Export,USD,NXH382,59,15,5,3993.2,19966,3234.49
SO - 0003488,2015-07-03,90,Export,USD,NXH382,59,14,5,1125.6,5628,585.31
SO - 0003489,2015-07-03,100,Wholesale,USD,GUT930,35,27,12,1159.1,13909.2,846.14
SO - 0003490,2015-07-03,173,Wholesale,USD,GUT930,40,13,5,1038.5,5192.5,810.03
SO - 0003491,2015-07-04,163,Wholesale,USD,GUT930,40,3,7,214.4,1500.8,135.07
SO - 0003492,2015-07-04,118,Wholesale,USD,AXW291,21,28,7,1748.7,12240.9,804.4
SO - 0003493,2015-07-04,32,Export,USD,NXH382,50,19,8,2834.1,22672.8,1445.39
SO - 0003494,2015-07-04,25,Wholesale,USD,GUT930,42,25,5,2324.9,11624.5,953.21
SO - 0003495,2015-07-04,127,Distributor,USD,GUT930,41,26,11,1815.7,19972.7,1470.72
SO - 0003496,2015-07-04,140,Wholesale,USD,AXW291,13,30,6,187.6,1125.6,99.43
SO - 0003497,2015-07-04,94,Export,USD,GUT930,41,14,11,1232.8,13560.8,505.45
SO - 0003498,2015-07-04,17,Wholesale,USD,NXH382,59,21,12,978.2,11738.4,498.88
SO - 0003499,2015-07-05,10,Export,USD,GUT930,38,28,5,1172.5,5862.5,914.55
SO - 0003500,2015-07-05,85,Distributor,USD,AXW291,27,15,5,1105.5,5527.5,442.2
SO - 0003501,2015-07-05,123,Wholesale,USD,FLR025,63,6,7,2760.4,19322.8,1739.05
SO - 0003502,2015-07-05,37,Export,USD,AXW291,10,13,6,268,1608,134
SO - 0003503,2015-07-05,27,Wholesale,USD,AXW291,14,1,7,1246.2,8723.4,984.5
SO - 0003504,2015-07-06,19,Wholesale,USD,GUT930,39,3,8,2720.2,21761.6,1441.71
SO - 0003505,2015-07-06,60,Export,USD,GUT930,32,4,7,1132.3,7926.1,962.46
SO - 0003506,2015-07-06,5,Wholesale,USD,GUT930,42,26,5,1051.9,5259.5,494.39
SO - 0003507,2015-07-06,124,Distributor,USD,NXH382,60,5,6,1112.2,6673.2,556.1
SO - 0003508,2015-07-06,117,Wholesale,USD,AXW291,23,22,9,3886,34974,2953.36
SO - 0003509,2015-07-06,46,Distributor,USD,FLR025,61,4,8,2479,19832,1834.46
SO - 0003510,2015-07-06,128,Distributor,USD,AXW291,25,20,11,1085.4,11939.4,542.7
SO - 0003511,2015-07-06,87,Wholesale,USD,GUT930,38,14,8,683.4,5467.2,369.04
SO - 0003512,2015-07-06,154,Distributor,USD,NXH382,51,20,9,944.7,8502.3,415.67
SO - 0003513,2015-07-07,24,Wholesale,USD,GUT930,38,1,10,1045.2,10452,648.02
SO - 0003514,2015-07-07,144,Wholesale,USD,FLR025,62,12,12,1118.9,13426.8,626.58
SO - 0003515,2015-07-07,52,Distributor,USD,GUT930,47,6,8,1956.4,15651.2,782.56
SO - 0003516,2015-07-07,84,Export,USD,AXW291,15,4,9,1085.4,9768.6,434.16
SO - 0003517,2015-07-07,98,Export,USD,NXH382,58,29,10,1112.2,11122,934.25
SO - 0003518,2015-07-07,20,Wholesale,USD,AXW291,13,14,5,247.9,1239.5,146.26
SO - 0003519,2015-07-08,2,Wholesale,USD,GUT930,45,5,8,1139,9112,728.96
SO - 0003520,2015-07-08,145,Wholesale,USD,AXW291,24,21,11,1038.5,11423.5,633.49
SO - 0003521,2015-07-08,49,Export,USD,GUT930,33,10,5,1078.7,5393.5,841.39
SO - 0003522,2015-07-08,157,Distributor,USD,GUT930,35,25,12,3604.6,43255.2,2270.9
SO - 0003523,2015-07-08,12,Export,USD,AXW291,26,2,5,871,4355,531.31
SO - 0003524,2015-07-08,125,Wholesale,USD,AXW291,24,1,9,984.9,8864.1,512.15
SO - 0003525,2015-07-08,130,Wholesale,USD,AXW291,28,20,12,5989.8,71877.6,4552.25
SO - 0003526,2015-07-08,72,Distributor,USD,AXW291,16,2,12,978.2,11738.4,616.27
SO - 0003527,2015-07-08,8,Wholesale,USD,AXW291,1,18,11,1701.8,18719.8,1429.51
SO - 0003528,2015-07-08,77,Distributor,USD,AXW291,31,2,12,1688.4,20260.8,1080.58
SO - 0003529,2015-07-09,147,Wholesale,USD,GUT930,32,28,12,2479,29748,1065.97
SO - 0003530,2015-07-09,98,Wholesale,USD,AXW291,11,2,12,214.4,2572.8,175.81
SO - 0003531,2015-07-09,102,Wholesale,USD,AXW291,8,6,11,1902.8,20930.8,1046.54
SO - 0003532,2015-07-09,28,Wholesale,USD,NXH382,49,14,8,268,2144,214.4
SO - 0003533,2015-07-09,161,Distributor,USD,AXW291,3,6,12,884.4,10612.8,725.21
SO - 0003534,2015-07-09,144,Export,USD,GUT930,36,4,11,1118.9,12307.9,939.88
SO - 0003535,2015-07-09,89,Wholesale,USD,AXW291,2,14,5,1976.5,9882.5,1462.61
SO - 0003536,2015-07-10,80,Wholesale,USD,AXW291,7,26,9,6411.9,57707.1,3526.55
SO - 0003537,2015-07-10,13,Wholesale,USD,FLR025,62,3,9,1279.7,11517.3,870.2
SO - 0003538,2015-07-10,90,Wholesale,USD,AXW291,14,4,11,1051.9,11570.9,831
SO - 0003539,2015-07-10,41,Wholesale,USD,AXW291,22,26,11,1889.4,20783.4,1020.28
SO - 0003540,2015-07-10,25,Export,USD,GUT930,38,4,5,1078.7,5393.5,528.56
SO - 0003541,2015-07-10,112,Export,USD,GUT930,43,3,6,2505.8,15034.8,1678.89
SO - 0003542,2015-07-11,32,Wholesale,USD,FLR025,61,26,12,2847.5,34170,1708.5
SO - 0003543,2015-07-11,70,Wholesale,USD,NXH382,50,15,9,2780.5,25024.5,1445.86
SO - 0003544,2015-07-11,67,Distributor,USD,NXH382,52,2,11,2358.4,25942.4,1249.95
SO - 0003545,2015-07-11,168,Wholesale,USD,NXH382,57,18,7,6411.9,44883.3,4680.69
SO - 0003546,2015-07-11,62,Wholesale,USD,AXW291,6,1,11,1118.9,12307.9,469.94
SO - 0003547,2015-07-11,132,Wholesale,USD,AXW291,15,25,5,5279.6,26398,3431.74
SO - 0003548,2015-07-11,173,Export,USD,NXH382,50,26,7,1172.5,8207.5,644.88
SO - 0003549,2015-07-11,72,Distributor,USD,AXW291,1,21,12,1045.2,12542.4,480.79
SO - 0003550,2015-07-11,80,Wholesale,USD,GUT930,37,20,7,1025.1,7175.7,635.56
SO - 0003551,2015-07-11,52,Wholesale,USD,AXW291,13,13,8,5420.3,43362.4,3577.4
SO - 0003552,2015-07-12,175,Wholesale,USD,FLR025,62,25,9,844.2,7597.8,616.27
SO - 0003553,2015-07-12,116,Wholesale,USD,AXW291,28,15,6,3859.2,23155.2,3241.73
SO - 0003554,2015-07-12,10,Export,USD,NXH382,55,30,10,3986.5,39865,2232.44
SO - 0003555,2015-07-13,120,Distributor,USD,AXW291,17,6,11,1829.1,20120.1,859.68
SO - 0003556,2015-07-13,95,Export,USD,AXW291,28,25,12,2425.4,29104.8,1455.24
SO - 0003557,2015-07-13,34,Distributor,USD,AXW291,21,25,8,1078.7,8629.6,679.58
SO - 0003558,2015-07-13,48,Wholesale,USD,AXW291,28,14,7,3189.2,22324.4,2423.79
SO - 0003559,2015-07-13,149,Wholesale,USD,NXH382,59,14,6,810.7,4864.2,664.77
SO - 0003560,2015-07-13,149,Distributor,USD,GUT930,32,26,6,3819,22914,2062.26
SO - 0003561,2015-07-14,11,Wholesale,USD,AXW291,27,17,7,3564.4,24950.8,2566.37
SO - 0003562,2015-07-14,88,Distributor,USD,GUT930,34,13,5,2351.7,11758.5,1011.23
SO - 0003563,2015-07-14,160,Wholesale,USD,GUT930,43,1,12,1165.8,13989.6,827.72
SO - 0003564,2015-07-14,116,Export,USD,AXW291,23,3,8,1112.2,8897.6,633.95
SO - 0003565,2015-07-14,159,Distributor,USD,GUT930,39,5,11,877.7,9654.7,623.17
SO - 0003566,2015-07-15,66,Wholesale,USD,NXH382,55,10,6,1788.9,10733.4,1431.12
SO - 0003567,2015-07-15,52,Export,USD,AXW291,26,26,11,2546,28006,1374.84
SO - 0003568,2015-07-15,130,Wholesale,USD,AXW291,16,16,12,2465.6,29587.2,1725.92
SO - 0003569,2015-07-15,41,Wholesale,USD,NXH382,53,22,12,5956.3,71475.6,4228.97
SO - 0003570,2015-07-15,167,Wholesale,USD,NXH382,54,25,5,1072,5360,686.08
SO - 0003571,2015-07-15,25,Wholesale,USD,FLR025,61,21,11,978.2,10760.2,674.96
SO - 0003572,2015-07-15,129,Wholesale,USD,GUT930,38,20,7,180.9,1266.3,79.6
SO - 0003573,2015-07-15,161,Wholesale,USD,AXW291,21,4,9,857.6,7718.4,428.8
SO - 0003574,2015-07-15,30,Distributor,USD,FLR025,62,3,7,5755.3,40287.1,3740.95
SO - 0003575,2015-07-15,164,Export,USD,NXH382,51,27,10,2485.7,24857,1988.56
SO - 0003576,2015-07-16,43,Distributor,USD,GUT930,36,25,7,864.3,6050.1,639.58
SO - 0003577,2015-07-16,169,Distributor,USD,AXW291,10,18,7,817.4,5721.8,498.61
SO - 0003578,2015-07-16,99,Distributor,USD,AXW291,31,25,5,1038.5,5192.5,675.03
SO - 0003579,2015-07-16,72,Wholesale,USD,AXW291,21,6,11,1092.1,12013.1,928.29
SO - 0003580,2015-07-16,26,Distributor,USD,NXH382,55,4,11,3825.7,42082.7,1912.85
SO - 0003581,2015-07-16,95,Export,USD,NXH382,54,26,9,167.5,1507.5,128.98
SO - 0003582,2015-07-16,34,Distributor,USD,AXW291,15,22,11,3939.6,43335.6,2127.38
SO - 0003583,2015-07-16,116,Wholesale,USD,AXW291,6,8,10,261.3,2613,167.23
SO - 0003584,2015-07-16,34,Wholesale,USD,GUT930,43,25,12,2385.2,28622.4,1454.97
SO - 0003585,2015-07-16,42,Export,USD,AXW291,13,3,11,3865.9,42524.9,3131.38
SO - 0003586,2015-07-17,154,Export,USD,NXH382,53,6,10,3832.4,38324,1571.28
SO - 0003587,2015-07-17,101,Wholesale,USD,AXW291,24,11,10,3852.5,38525,2658.23
SO - 0003588,2015-07-17,142,Export,USD,AXW291,1,26,7,214.4,1500.8,137.22
SO - 0003589,2015-07-17,98,Wholesale,USD,NXH382,55,1,6,254.6,1527.6,178.22
SO - 0003590,2015-07-17,109,Distributor,USD,FLR025,64,21,6,1092.1,6552.6,436.84
SO - 0003591,2015-07-18,76,Wholesale,USD,FLR025,63,25,6,1688.4,10130.4,911.74
SO - 0003592,2015-07-18,35,Wholesale,USD,AXW291,16,15,9,3021.7,27195.3,1269.11
SO - 0003593,2015-07-18,129,Wholesale,USD,AXW291,20,25,5,3926.2,19631,2866.13
SO - 0003594,2015-07-18,59,Distributor,USD,AXW291,16,1,11,2257.9,24836.9,1241.85
SO - 0003595,2015-07-18,146,Distributor,USD,AXW291,23,2,6,2586.2,15517.2,2172.41
SO - 0003596,2015-07-18,113,Wholesale,USD,NXH382,50,5,5,1065.3,5326.5,617.87
SO - 0003597,2015-07-18,122,Wholesale,USD,FLR025,65,4,12,3075.3,36903.6,1322.38
SO - 0003598,2015-07-18,136,Wholesale,USD,NXH382,54,24,9,1165.8,10492.2,547.93
SO - 0003599,2015-07-18,141,Wholesale,USD,FLR025,64,25,12,5875.9,70510.8,2467.88
SO - 0003600,2015-07-19,22,Wholesale,USD,AXW291,2,5,5,207.7,1038.5,145.39
SO - 0003601,2015-07-19,63,Distributor,USD,FLR025,64,14,7,1038.5,7269.5,872.34
SO - 0003602,2015-07-19,133,Wholesale,USD,NXH382,48,6,9,6023.3,54209.7,4758.41
SO - 0003603,2015-07-19,37,Wholesale,USD,NXH382,55,10,9,964.8,8683.2,501.7
SO - 0003604,2015-07-19,17,Export,USD,NXH382,59,26,11,2371.8,26089.8,1351.93
SO - 0003605,2015-07-19,23,Wholesale,USD,AXW291,20,12,11,884.4,9728.4,742.9
SO - 0003606,2015-07-19,107,Wholesale,USD,AXW291,14,4,7,2941.3,20589.1,2058.91
SO - 0003607,2015-07-19,68,Wholesale,USD,AXW291,18,28,6,1762.1,10572.6,1251.09
SO - 0003608,2015-07-19,107,Distributor,USD,AXW291,6,26,9,6398.5,57586.5,5118.8
SO - 0003609,2015-07-20,122,Distributor,USD,AXW291,24,15,8,1963.1,15704.8,1197.49
SO - 0003610,2015-07-20,152,Wholesale,USD,AXW291,23,3,7,1038.5,7269.5,654.26
SO - 0003611,2015-07-20,8,Distributor,USD,AXW291,9,12,11,1226.1,13487.1,674.36
SO - 0003612,2015-07-20,109,Wholesale,USD,FLR025,63,23,11,1219.4,13413.4,841.39
SO - 0003613,2015-07-20,175,Wholesale,USD,GUT930,44,18,11,5748.6,63234.6,2989.27
SO - 0003614,2015-07-20,40,Distributor,USD,FLR025,63,15,12,777.2,9326.4,334.2
SO - 0003615,2015-07-20,67,Wholesale,USD,FLR025,66,6,10,917.9,9179,761.86
SO - 0003616,2015-07-20,98,Wholesale,USD,GUT930,34,26,6,1051.9,6311.4,462.84
SO - 0003617,2015-07-20,95,Distributor,USD,NXH382,49,19,11,1132.3,12455.3,679.38
SO - 0003618,2015-07-20,134,Distributor,USD,NXH382,49,1,11,6164,67804,3020.36
SO - 0003619,2015-07-20,90,Wholesale,USD,NXH382,56,4,10,2539.3,25393,2082.23
SO - 0003620,2015-07-21,32,Wholesale,USD,GUT930,45,3,10,6117.1,61171,3792.6
SO - 0003621,2015-07-21,154,Wholesale,USD,AXW291,25,13,9,3852.5,34672.5,2465.6
SO - 0003622,2015-07-21,65,Wholesale,USD,GUT930,43,25,10,3832.4,38324,2069.5
SO - 0003623,2015-07-21,13,Wholesale,USD,NXH382,54,25,8,1125.6,9004.8,799.18
SO - 0003624,2015-07-21,111,Wholesale,USD,NXH382,54,5,7,3088.7,21620.9,1420.8
SO - 0003625,2015-07-21,70,Wholesale,USD,AXW291,4,6,10,1038.5,10385,841.19
SO - 0003626,2015-07-21,80,Wholesale,USD,GUT930,40,13,12,757.1,9085.2,431.55
SO - 0003627,2015-07-21,23,Export,USD,AXW291,22,4,10,214.4,2144,100.77
SO - 0003628,2015-07-22,135,Wholesale,USD,GUT930,32,13,5,750.4,3752,607.82
SO - 0003629,2015-07-22,56,Distributor,USD,GUT930,43,3,12,1045.2,12542.4,606.22
SO - 0003630,2015-07-22,161,Distributor,USD,AXW291,17,13,11,194.3,2137.3,163.21
SO - 0003631,2015-07-22,55,Wholesale,USD,AXW291,26,14,6,234.5,1407,147.74
SO - 0003632,2015-07-22,133,Distributor,USD,GUT930,32,3,7,3597.9,25185.3,2698.43
SO - 0003633,2015-07-22,171,Distributor,USD,AXW291,25,26,8,790.6,6324.8,387.39
SO - 0003634,2015-07-22,58,Export,USD,AXW291,16,26,12,6177.4,74128.8,3891.76
SO - 0003635,2015-07-22,38,Distributor,USD,AXW291,13,16,11,1112.2,12234.2,544.98
SO - 0003636,2015-07-22,156,Wholesale,USD,AXW291,3,14,11,1822.4,20046.4,1530.82
SO - 0003637,2015-07-22,55,Distributor,USD,AXW291,1,20,6,737,4422,302.17
SO - 0003638,2015-07-22,70,Export,USD,GUT930,34,2,5,790.6,3953,656.2
SO - 0003639,2015-07-22,6,Wholesale,USD,FLR025,61,26,11,1011.7,11128.7,505.85
SO - 0003640,2015-07-23,114,Export,USD,AXW291,29,20,12,1165.8,13989.6,489.64
SO - 0003641,2015-07-23,118,Wholesale,USD,AXW291,26,25,7,2211,15477,1392.93
SO - 0003642,2015-07-23,116,Export,USD,AXW291,2,12,6,750.4,4502.4,487.76
SO - 0003643,2015-07-23,77,Wholesale,USD,NXH382,55,26,5,1051.9,5259.5,725.81
SO - 0003644,2015-07-23,10,Wholesale,USD,GUT930,45,5,6,5427,32562,3201.93
SO - 0003645,2015-07-23,140,Wholesale,USD,FLR025,65,25,11,2505.8,27563.8,1854.29
SO - 0003646,2015-07-23,81,Wholesale,USD,GUT930,36,26,9,3162.4,28461.6,2624.79
SO - 0003647,2015-07-23,131,Distributor,USD,GUT930,40,16,5,3122.2,15611,1717.21
SO - 0003648,2015-07-23,45,Distributor,USD,GUT930,38,9,11,1125.6,12381.6,450.24
SO - 0003649,2015-07-23,18,Wholesale,USD,FLR025,64,17,5,2385.2,11926,1311.86
SO - 0003650,2015-07-23,22,Distributor,USD,NXH382,59,20,9,3832.4,34491.6,2376.09
SO - 0003651,2015-07-23,50,Wholesale,USD,NXH382,59,15,11,1762.1,19383.1,722.46
SO - 0003652,2015-07-24,54,Distributor,USD,FLR025,62,1,11,978.2,10760.2,469.54
SO - 0003653,2015-07-24,32,Export,USD,AXW291,25,26,10,3825.7,38257,2218.91
SO - 0003654,2015-07-24,75,Export,USD,AXW291,18,19,12,737,8844,582.23
SO - 0003655,2015-07-24,8,Distributor,USD,AXW291,11,26,9,1969.8,17728.2,1260.67
SO - 0003656,2015-07-24,54,Wholesale,USD,AXW291,14,2,12,1058.6,12703.2,423.44
SO - 0003657,2015-07-24,101,Distributor,USD,GUT930,39,13,5,180.9,904.5,72.36
SO - 0003658,2015-07-24,49,Distributor,USD,NXH382,59,26,5,2519.2,12596,1964.98
SO - 0003659,2015-07-24,100,Wholesale,USD,NXH382,52,3,8,3839.1,30712.8,2073.11
SO - 0003660,2015-07-25,121,Distributor,USD,AXW291,6,10,9,5226,47034,3814.98
SO - 0003661,2015-07-25,142,Distributor,USD,FLR025,64,4,12,268,3216,217.08
SO - 0003662,2015-07-25,127,Distributor,USD,FLR025,62,2,8,1742,13936,1027.78
SO - 0003663,2015-07-25,18,Wholesale,USD,AXW291,23,30,5,871,4355,435.5
SO - 0003664,2015-07-25,141,Wholesale,USD,GUT930,43,9,6,247.9,1487.4,138.82
SO - 0003665,2015-07-25,108,Distributor,USD,NXH382,59,15,6,1869.3,11215.8,915.96
SO - 0003666,2015-07-25,14,Distributor,USD,GUT930,41,5,11,2579.5,28374.5,1160.78
SO - 0003667,2015-07-25,166,Wholesale,USD,AXW291,14,5,11,1956.4,21520.4,1212.97
SO - 0003668,2015-07-25,134,Wholesale,USD,GUT930,37,2,5,2519.2,12596,1864.21
SO - 0003669,2015-07-26,86,Distributor,USD,NXH382,59,4,5,797.3,3986.5,597.98
SO - 0003670,2015-07-26,78,Distributor,USD,GUT930,42,18,10,5366.7,53667,3542.02
SO - 0003671,2015-07-26,27,Wholesale,USD,AXW291,25,27,5,3343.3,16716.5,1370.75
SO - 0003672,2015-07-26,89,Wholesale,USD,GUT930,42,5,12,3939.6,47275.2,2836.51
SO - 0003673,2015-07-26,76,Wholesale,USD,AXW291,10,3,12,2659.9,31918.8,1542.74
SO - 0003674,2015-07-27,64,Wholesale,USD,NXH382,51,26,8,737,5896,405.35
SO - 0003675,2015-07-27,66,Distributor,USD,GUT930,39,20,9,3108.8,27979.2,2549.22
SO - 0003676,2015-07-27,21,Export,USD,GUT930,35,5,5,3423.7,17118.5,2191.17
SO - 0003677,2015-07-27,172,Export,USD,AXW291,11,19,12,180.9,2170.8,121.2
SO - 0003678,2015-07-27,142,Wholesale,USD,NXH382,51,26,5,1232.8,6164,505.45
SO - 0003679,2015-07-27,5,Wholesale,USD,GUT930,37,14,6,6311.4,37868.4,3218.81
SO - 0003680,2015-07-27,77,Distributor,USD,NXH382,56,3,6,1072,6432,728.96
SO - 0003681,2015-07-27,80,Wholesale,USD,NXH382,50,15,7,268,1876,155.44
SO - 0003682,2015-07-28,64,Wholesale,USD,GUT930,38,19,10,951.4,9514,627.92
SO - 0003683,2015-07-28,117,Wholesale,USD,GUT930,43,4,6,2592.9,15557.4,2203.97
SO - 0003684,2015-07-28,149,Wholesale,USD,AXW291,23,6,9,1159.1,10431.9,741.82
SO - 0003685,2015-07-28,87,Wholesale,USD,AXW291,15,20,12,2532.6,30391.2,1646.19
SO - 0003686,2015-07-28,121,Distributor,USD,GUT930,39,4,6,1996.6,11979.6,1557.35
SO - 0003687,2015-07-28,111,Wholesale,USD,GUT930,43,8,5,1051.9,5259.5,610.1
SO - 0003688,2015-07-28,68,Distributor,USD,AXW291,30,6,11,1842.5,20267.5,773.85
SO - 0003689,2015-07-28,141,Wholesale,USD,NXH382,53,22,5,2438.8,12194,1926.65
SO - 0003690,2015-07-29,37,Wholesale,USD,AXW291,27,26,11,3999.9,43998.9,2279.94
SO - 0003691,2015-07-29,166,Wholesale,USD,NXH382,57,20,8,3892.7,31141.6,2413.47
SO - 0003692,2015-07-29,11,Wholesale,USD,AXW291,5,18,8,3959.7,31677.6,3048.97
SO - 0003693,2015-07-29,34,Wholesale,USD,AXW291,25,6,6,6204.2,37225.2,4963.36
SO - 0003694,2015-07-29,16,Export,USD,GUT930,43,25,8,1098.8,8790.4,791.14
SO - 0003695,2015-07-29,79,Distributor,USD,AXW291,30,25,12,1916.2,22994.4,1398.83
SO - 0003696,2015-07-29,73,Distributor,USD,GUT930,36,1,5,3986.5,19932.5,3149.34
SO - 0003697,2015-07-30,143,Wholesale,USD,AXW291,29,26,7,2532.6,17728.2,1874.12
SO - 0003698,2015-07-30,72,Wholesale,USD,AXW291,11,15,11,1011.7,11128.7,566.55
SO - 0003699,2015-07-30,31,Distributor,USD,FLR025,65,2,8,6331.5,50652,2975.81
SO - 0003700,2015-07-30,67,Wholesale,USD,FLR025,65,12,8,5413.6,43308.8,3735.38
SO - 0003701,2015-07-30,122,Wholesale,USD,AXW291,21,26,10,234.5,2345,136.01
SO - 0003702,2015-07-30,115,Wholesale,USD,AXW291,24,25,8,241.2,1929.6,168.84
SO - 0003703,2015-07-30,5,Wholesale,USD,AXW291,20,14,8,247.9,1983.2,168.57
SO - 0003704,2015-07-30,60,Distributor,USD,GUT930,46,18,11,6559.3,72152.3,3345.24
SO - 0003705,2015-07-30,89,Wholesale,USD,GUT930,35,26,12,1989.9,23878.8,1591.92
SO - 0003706,2015-07-30,66,Wholesale,USD,NXH382,57,6,9,964.8,8683.2,627.12
SO - 0003707,2015-07-31,112,Export,USD,GUT930,35,14,8,1072,8576,536
SO - 0003708,2015-07-31,81,Distributor,USD,AXW291,2,14,6,187.6,1125.6,146.33
SO - 0003709,2015-08-01,101,Export,USD,GUT930,42,2,9,3919.5,35275.5,1607
SO - 0003710,2015-08-01,30,Export,USD,AXW291,28,10,9,2418.7,21768.3,1547.97
SO - 0003711,2015-08-01,90,Distributor,USD,GUT930,33,6,10,3350,33500,1641.5
SO - 0003712,2015-08-01,46,Wholesale,USD,AXW291,25,15,11,3966.4,43630.4,2221.18
SO - 0003713,2015-08-01,23,Wholesale,USD,AXW291,3,30,6,3999.9,23999.4,2279.94
SO - 0003714,2015-08-01,156,Distributor,USD,AXW291,3,13,11,1192.6,13118.6,536.67
SO - 0003715,2015-08-01,78,Wholesale,USD,AXW291,17,26,10,1085.4,10854,857.47
SO - 0003716,2015-08-01,80,Wholesale,USD,AXW291,27,14,5,5728.5,28642.5,3437.1
SO - 0003717,2015-08-01,149,Export,USD,AXW291,21,18,8,1045.2,8361.6,533.05
SO - 0003718,2015-08-01,13,Wholesale,USD,AXW291,27,5,10,2633.1,26331,1474.54
SO - 0003719,2015-08-01,22,Distributor,USD,FLR025,60,6,7,1855.9,12991.3,1447.6
SO - 0003720,2015-08-01,4,Export,USD,GUT930,39,27,7,2345,16415,1664.95
SO - 0003721,2015-08-02,107,Wholesale,USD,GUT930,39,26,7,5735.2,40146.4,2810.25
SO - 0003722,2015-08-02,114,Distributor,USD,AXW291,27,26,11,2271.3,24984.3,1612.62
SO - 0003723,2015-08-02,7,Export,USD,NXH382,47,19,12,1849.2,22190.4,1312.93
SO - 0003724,2015-08-02,94,Export,USD,FLR025,65,27,9,3832.4,34491.6,1647.93
SO - 0003725,2015-08-02,88,Distributor,USD,AXW291,17,14,12,2613,31356,1776.84
SO - 0003726,2015-08-02,162,Distributor,USD,AXW291,12,13,12,187.6,2251.2,157.58
SO - 0003727,2015-08-02,112,Distributor,USD,AXW291,26,4,8,180.9,1447.2,115.78
SO - 0003728,2015-08-02,131,Distributor,USD,AXW291,15,13,6,5138.9,30833.4,3597.23
SO - 0003729,2015-08-02,17,Wholesale,USD,FLR025,62,15,9,6210.9,55898.1,4223.41
SO - 0003730,2015-08-02,128,Wholesale,USD,AXW291,10,5,10,254.6,2546,201.13
SO - 0003731,2015-08-02,122,Export,USD,NXH382,47,26,11,1005,11055,502.5
SO - 0003732,2015-08-02,70,Wholesale,USD,NXH382,55,28,12,2432.1,29185.2,1580.87
SO - 0003733,2015-08-02,169,Distributor,USD,GUT930,46,26,7,247.9,1735.3,126.43
SO - 0003734,2015-08-02,164,Distributor,USD,AXW291,30,14,7,1132.3,7926.1,668.06
SO - 0003735,2015-08-03,166,Export,USD,AXW291,22,21,7,1038.5,7269.5,664.64
SO - 0003736,2015-08-03,56,Wholesale,USD,GUT930,44,3,12,207.7,2492.4,89.31
SO - 0003737,2015-08-03,76,Distributor,USD,AXW291,31,25,6,2311.5,13869,1733.63
SO - 0003738,2015-08-03,17,Export,USD,GUT930,38,24,8,3001.6,24012.8,2341.25
SO - 0003739,2015-08-03,1,Wholesale,USD,NXH382,55,2,10,167.5,1675,110.55
SO - 0003740,2015-08-03,130,Export,USD,NXH382,48,16,8,3859.2,30873.6,2006.78
SO - 0003741,2015-08-03,107,Distributor,USD,NXH382,52,3,12,234.5,2814,133.67
SO - 0003742,2015-08-03,80,Wholesale,USD,AXW291,17,3,6,1031.8,6190.8,691.31
SO - 0003743,2015-08-03,85,Wholesale,USD,AXW291,7,5,5,3819,19095,2826.06
SO - 0003744,2015-08-03,155,Wholesale,USD,AXW291,14,20,12,3678.3,44139.6,2464.46
SO - 0003745,2015-08-03,115,Wholesale,USD,NXH382,48,14,10,971.5,9715,417.75
SO - 0003746,2015-08-03,19,Distributor,USD,GUT930,40,5,10,6009.9,60099,4507.43
SO - 0003747,2015-08-03,70,Wholesale,USD,NXH382,59,15,8,1118.9,8951.2,783.23
SO - 0003748,2015-08-03,138,Distributor,USD,GUT930,45,13,5,2693.4,13467,2073.92
SO - 0003749,2015-08-04,50,Distributor,USD,AXW291,6,26,10,1748.7,17487,1346.5
SO - 0003750,2015-08-04,84,Wholesale,USD,GUT930,32,23,7,1728.6,12100.2,1175.45
SO - 0003751,2015-08-04,138,Wholesale,USD,GUT930,41,2,5,3959.7,19798.5,2217.43
SO - 0003752,2015-08-04,65,Wholesale,USD,GUT930,43,9,11,783.9,8622.9,423.31
SO - 0003753,2015-08-04,93,Wholesale,USD,NXH382,58,7,10,1795.6,17956,1400.57
SO - 0003754,2015-08-04,2,Wholesale,USD,AXW291,12,5,11,5969.7,65666.7,3343.03
SO - 0003755,2015-08-04,110,Distributor,USD,GUT930,33,25,10,2579.5,25795,2115.19
SO - 0003756,2015-08-05,136,Export,USD,AXW291,23,30,10,221.1,2211,128.24
SO - 0003757,2015-08-05,136,Wholesale,USD,AXW291,2,25,9,2445.5,22009.5,1393.94
SO - 0003758,2015-08-05,24,Distributor,USD,AXW291,19,25,6,1118.9,6713.4,626.58
SO - 0003759,2015-08-05,168,Distributor,USD,NXH382,54,10,5,1246.2,6231,598.18
SO - 0003760,2015-08-05,167,Wholesale,USD,GUT930,47,17,6,1199.3,7195.8,575.66
SO - 0003761,2015-08-05,175,Wholesale,USD,AXW291,18,30,10,174.2,1742,116.71
SO - 0003762,2015-08-06,79,Wholesale,USD,NXH382,55,25,6,5976.4,35858.4,3227.26
SO - 0003763,2015-08-06,49,Distributor,USD,GUT930,36,14,12,3423.7,41084.4,2533.54
SO - 0003764,2015-08-06,81,Wholesale,USD,GUT930,42,16,8,1025.1,8200.8,584.31
SO - 0003765,2015-08-06,56,Distributor,USD,AXW291,29,3,6,3979.8,23878.8,2626.67
SO - 0003766,2015-08-06,34,Distributor,USD,GUT930,47,16,9,3825.7,34431.3,3213.59
SO - 0003767,2015-08-06,32,Wholesale,USD,AXW291,9,27,8,3892.7,31141.6,2063.13
SO - 0003768,2015-08-06,102,Export,USD,GUT930,37,26,12,1018.4,12220.8,672.14
SO - 0003769,2015-08-07,127,Distributor,USD,NXH382,55,4,7,1005,7035,783.9
SO - 0003770,2015-08-07,166,Wholesale,USD,AXW291,15,25,9,5333.2,47998.8,4159.9
SO - 0003771,2015-08-07,45,Wholesale,USD,GUT930,42,5,7,2378.5,16649.5,2021.73
SO - 0003772,2015-08-07,107,Wholesale,USD,AXW291,10,5,10,1989.9,19899,1452.63
SO - 0003773,2015-08-07,21,Wholesale,USD,AXW291,2,25,7,2479,17353,2007.99
SO - 0003774,2015-08-07,100,Export,USD,AXW291,6,4,5,984.9,4924.5,551.54
SO - 0003775,2015-08-07,39,Distributor,USD,AXW291,1,18,12,891.1,10693.2,516.84
SO - 0003776,2015-08-07,82,Distributor,USD,AXW291,23,21,5,4013.3,20066.5,2969.84
SO - 0003777,2015-08-07,100,Export,USD,GUT930,46,15,9,6331.5,56983.5,3292.38
SO - 0003778,2015-08-07,74,Export,USD,GUT930,34,16,11,5286.3,58149.3,2537.42
SO - 0003779,2015-08-07,54,Wholesale,USD,GUT930,46,23,8,1715.2,13721.6,1011.97
SO - 0003780,2015-08-07,88,Wholesale,USD,GUT930,44,17,8,1065.3,8522.4,703.1
SO - 0003781,2015-08-08,144,Wholesale,USD,FLR025,60,13,12,2505.8,30069.6,1553.6
SO - 0003782,2015-08-08,143,Distributor,USD,GUT930,40,18,8,1005,8040,743.7
SO - 0003783,2015-08-08,160,Distributor,USD,AXW291,28,2,10,1005,10050,623.1
SO - 0003784,2015-08-08,103,Wholesale,USD,GUT930,43,14,11,1755.4,19309.4,947.92
SO - 0003785,2015-08-09,16,Distributor,USD,GUT930,38,15,12,1815.7,21788.4,1143.89
SO - 0003786,2015-08-09,122,Distributor,USD,FLR025,66,9,8,2479,19832,1090.76
SO - 0003787,2015-08-09,86,Wholesale,USD,AXW291,25,26,12,2405.3,28863.6,1250.76
SO - 0003788,2015-08-09,77,Wholesale,USD,GUT930,46,13,12,5480.6,65767.2,3946.03
SO - 0003789,2015-08-09,6,Wholesale,USD,AXW291,6,13,8,268,2144,166.16
SO - 0003790,2015-08-09,110,Export,USD,NXH382,51,29,7,6331.5,44320.5,2595.92
SO - 0003791,2015-08-09,119,Wholesale,USD,AXW291,25,16,8,730.3,5842.4,365.15
SO - 0003792,2015-08-09,34,Wholesale,USD,AXW291,1,24,7,187.6,1313.2,146.33
SO - 0003793,2015-08-09,9,Wholesale,USD,AXW291,23,25,9,3819,34371,2329.59
SO - 0003794,2015-08-09,169,Wholesale,USD,GUT930,35,16,10,241.2,2412,135.07
SO - 0003795,2015-08-09,124,Distributor,USD,GUT930,40,16,12,1299.8,15597.6,961.85
SO - 0003796,2015-08-09,42,Distributor,USD,FLR025,62,25,11,1112.2,12234.2,456
SO - 0003797,2015-08-09,140,Distributor,USD,FLR025,62,20,11,4006.6,44072.6,2844.69
SO - 0003798,2015-08-10,59,Wholesale,USD,NXH382,59,27,8,978.2,7825.6,596.7
SO - 0003799,2015-08-10,3,Distributor,USD,AXW291,24,15,6,1045.2,6271.2,616.67
SO - 0003800,2015-08-10,51,Wholesale,USD,AXW291,28,29,5,5621.3,28106.5,2754.44
SO - 0003801,2015-08-10,163,Export,USD,GUT930,37,19,7,1092.1,7644.7,862.76
SO - 0003802,2015-08-10,56,Wholesale,USD,AXW291,3,25,9,877.7,7899.3,438.85
SO - 0003803,2015-08-10,31,Distributor,USD,AXW291,7,24,7,1889.4,13225.8,1190.32
SO - 0003804,2015-08-11,128,Wholesale,USD,NXH382,54,1,5,1078.7,5393.5,485.42
SO - 0003805,2015-08-11,24,Wholesale,USD,NXH382,50,4,11,1145.7,12602.7,928.02
SO - 0003806,2015-08-11,73,Wholesale,USD,GUT930,44,13,8,924.6,7396.8,369.84
SO - 0003807,2015-08-11,175,Wholesale,USD,NXH382,58,25,10,1105.5,11055,795.96
SO - 0003808,2015-08-11,28,Wholesale,USD,NXH382,55,25,9,991.6,8924.4,495.8
SO - 0003809,2015-08-11,69,Export,USD,NXH382,57,21,8,897.8,7182.4,664.37
SO - 0003810,2015-08-11,43,Wholesale,USD,AXW291,4,26,12,3946.3,47355.6,1617.98
SO - 0003811,2015-08-11,167,Distributor,USD,NXH382,54,13,11,6150.6,67656.6,2890.78
SO - 0003812,2015-08-11,45,Distributor,USD,FLR025,61,25,6,214.4,1286.4,145.79
SO - 0003813,2015-08-12,88,Export,USD,AXW291,14,5,7,247.9,1735.3,163.61
SO - 0003814,2015-08-12,173,Distributor,USD,GUT930,37,25,6,3959.7,23758.2,3207.36
SO - 0003815,2015-08-12,137,Wholesale,USD,FLR025,66,14,11,3798.9,41787.9,2887.16
SO - 0003816,2015-08-12,146,Wholesale,USD,GUT930,42,16,10,3912.8,39128,1799.89
SO - 0003817,2015-08-12,144,Wholesale,USD,GUT930,37,4,11,261.3,2874.3,109.75
SO - 0003818,2015-08-12,20,Wholesale,USD,AXW291,11,16,7,2331.6,16321.2,1515.54
SO - 0003819,2015-08-13,72,Wholesale,USD,GUT930,32,25,9,1098.8,9889.2,802.12
SO - 0003820,2015-08-13,32,Wholesale,USD,GUT930,37,25,6,3946.3,23677.8,3196.5
SO - 0003821,2015-08-13,55,Wholesale,USD,NXH382,56,3,10,1855.9,18559,890.83
SO - 0003822,2015-08-13,54,Wholesale,USD,AXW291,26,24,7,5768.7,40380.9,2711.29
SO - 0003823,2015-08-13,16,Distributor,USD,NXH382,49,4,5,737,3685,346.39
SO - 0003824,2015-08-13,110,Distributor,USD,AXW291,13,1,5,5996.5,29982.5,2398.6
SO - 0003825,2015-08-13,138,Wholesale,USD,AXW291,6,14,11,1058.6,11644.6,899.81
SO - 0003826,2015-08-13,121,Wholesale,USD,GUT930,34,30,5,897.8,4489,619.48
SO - 0003827,2015-08-14,134,Export,USD,AXW291,6,29,10,2613,26130,1332.63
SO - 0003828,2015-08-14,67,Wholesale,USD,AXW291,18,13,12,5621.3,67455.6,3316.57
SO - 0003829,2015-08-14,76,Wholesale,USD,GUT930,42,16,5,951.4,4757,732.58
SO - 0003830,2015-08-14,46,Export,USD,NXH382,54,17,11,187.6,2063.6,80.67
SO - 0003831,2015-08-14,129,Distributor,USD,GUT930,44,17,7,3886,27202,2409.32
SO - 0003832,2015-08-14,106,Wholesale,USD,AXW291,20,18,11,1815.7,19972.7,980.48
SO - 0003833,2015-08-14,101,Wholesale,USD,GUT930,36,25,11,2834.1,31175.1,1927.19
SO - 0003834,2015-08-15,110,Export,USD,AXW291,24,4,6,971.5,5829,670.34
SO - 0003835,2015-08-15,96,Wholesale,USD,AXW291,27,13,11,180.9,1989.9,86.83
SO - 0003836,2015-08-15,132,Export,USD,AXW291,17,21,7,207.7,1453.9,114.24
SO - 0003837,2015-08-15,120,Distributor,USD,AXW291,26,9,5,3979.8,19899,2706.26
SO - 0003838,2015-08-15,158,Wholesale,USD,NXH382,53,20,7,221.1,1547.7,154.77
SO - 0003839,2015-08-15,19,Distributor,USD,AXW291,25,27,12,1058.6,12703.2,497.54
SO - 0003840,2015-08-15,21,Distributor,USD,NXH382,47,2,12,5929.5,71154,3557.7
SO - 0003841,2015-08-15,117,Export,USD,AXW291,10,15,5,904.5,4522.5,479.39
SO - 0003842,2015-08-15,170,Export,USD,GUT930,35,16,11,2331.6,25647.6,1911.91
SO - 0003843,2015-08-15,21,Wholesale,USD,AXW291,29,7,8,1976.5,15812,1620.73
SO - 0003844,2015-08-15,123,Distributor,USD,FLR025,63,18,6,5748.6,34491.6,4483.91
SO - 0003845,2015-08-15,61,Export,USD,AXW291,25,14,6,1319.9,7919.4,725.95
SO - 0003846,2015-08-16,158,Distributor,USD,AXW291,9,3,10,958.1,9581,488.63
SO - 0003847,2015-08-16,118,Distributor,USD,FLR025,64,17,12,5641.4,67696.8,4174.64
SO - 0003848,2015-08-16,45,Distributor,USD,GUT930,42,25,11,743.7,8180.7,349.54
SO - 0003849,2015-08-16,45,Export,USD,NXH382,50,19,5,3819,19095,1909.5
SO - 0003850,2015-08-16,116,Wholesale,USD,FLR025,62,13,6,2653.2,15919.2,1485.79
SO - 0003851,2015-08-16,30,Wholesale,USD,FLR025,66,4,9,1943,17487,1088.08
SO - 0003852,2015-08-16,114,Wholesale,USD,GUT930,32,26,6,1929.6,11577.6,1543.68
SO - 0003853,2015-08-16,113,Distributor,USD,NXH382,47,3,9,1809,16281,1338.66
SO - 0003854,2015-08-16,14,Export,USD,FLR025,64,2,9,1005,9045,814.05
SO - 0003855,2015-08-16,82,Distributor,USD,GUT930,36,14,8,1721.9,13775.2,1102.02
SO - 0003856,2015-08-17,70,Distributor,USD,AXW291,17,18,11,837.5,9212.5,368.5
SO - 0003857,2015-08-17,128,Wholesale,USD,AXW291,26,15,8,3852.5,30820,3236.1
SO - 0003858,2015-08-17,5,Export,USD,AXW291,3,14,12,3644.8,43737.6,2842.94
SO - 0003859,2015-08-17,41,Distributor,USD,AXW291,9,15,7,227.8,1594.6,120.73
SO - 0003860,2015-08-17,95,Wholesale,USD,AXW291,10,26,11,3370.1,37071.1,2055.76
SO - 0003861,2015-08-17,44,Distributor,USD,NXH382,59,25,9,1051.9,9467.1,557.51
SO - 0003862,2015-08-17,156,Distributor,USD,AXW291,16,12,6,3966.4,23798.4,3331.78
SO - 0003863,2015-08-18,108,Wholesale,USD,NXH382,48,16,5,241.2,1206,96.48
SO - 0003864,2015-08-18,120,Wholesale,USD,AXW291,13,29,8,3149,25192,1731.95
SO - 0003865,2015-08-18,33,Distributor,USD,GUT930,46,2,10,911.2,9112,728.96
SO - 0003866,2015-08-18,48,Wholesale,USD,AXW291,28,11,6,2345,14070,1758.75
SO - 0003867,2015-08-18,25,Wholesale,USD,GUT930,45,28,11,5313.1,58444.1,2125.24
SO - 0003868,2015-08-18,59,Wholesale,USD,AXW291,2,26,8,2512.5,20100,1331.63
SO - 0003869,2015-08-18,141,Wholesale,USD,AXW291,23,4,12,4020,48240,2291.4
SO - 0003870,2015-08-18,165,Export,USD,AXW291,16,29,12,194.3,2331.6,122.41
SO - 0003871,2015-08-19,145,Wholesale,USD,AXW291,11,13,7,790.6,5534.2,434.83
SO - 0003872,2015-08-19,88,Wholesale,USD,FLR025,65,21,8,3242.8,25942.4,2464.53
SO - 0003873,2015-08-19,161,Export,USD,AXW291,30,14,9,234.5,2110.5,164.15
SO - 0003874,2015-08-19,4,Wholesale,USD,AXW291,14,28,11,5494,60434,3626.04
SO - 0003875,2015-08-19,102,Distributor,USD,GUT930,47,3,8,2613,20904,1907.49
SO - 0003876,2015-08-19,87,Distributor,USD,AXW291,21,23,8,1159.1,9272.8,544.78
SO - 0003877,2015-08-19,69,Export,USD,NXH382,56,1,11,1809,19899,777.87
SO - 0003878,2015-08-19,82,Export,USD,AXW291,7,15,5,1018.4,5092,855.46
SO - 0003879,2015-08-19,152,Wholesale,USD,AXW291,1,21,9,1273,11457,1043.86
SO - 0003880,2015-08-19,4,Distributor,USD,GUT930,45,10,9,207.7,1869.3,157.85
SO - 0003881,2015-08-20,163,Wholesale,USD,AXW291,6,17,10,857.6,8576,651.78
SO - 0003882,2015-08-20,133,Wholesale,USD,GUT930,40,6,9,1246.2,11215.8,610.64
SO - 0003883,2015-08-20,97,Distributor,USD,AXW291,5,26,6,1681.7,10090.2,790.4
SO - 0003884,2015-08-20,89,Distributor,USD,FLR025,64,10,12,3953,47436,2569.45
SO - 0003885,2015-08-21,10,Wholesale,USD,AXW291,6,13,8,3765.4,30123.2,2372.2
SO - 0003886,2015-08-21,149,Wholesale,USD,AXW291,16,25,6,1072,6432,621.76
SO - 0003887,2015-08-21,17,Wholesale,USD,AXW291,30,20,12,1822.4,21868.8,1457.92
SO - 0003888,2015-08-21,119,Export,USD,AXW291,17,18,12,951.4,11416.8,618.41
SO - 0003889,2015-08-21,74,Wholesale,USD,AXW291,11,15,5,1882.7,9413.5,903.7
SO - 0003890,2015-08-21,67,Wholesale,USD,AXW291,28,14,12,917.9,11014.8,614.99
SO - 0003891,2015-08-21,156,Distributor,USD,FLR025,60,26,10,5648.1,56481,4574.96
SO - 0003892,2015-08-21,67,Distributor,USD,AXW291,9,1,7,1916.2,13413.4,804.8
SO - 0003893,2015-08-21,50,Wholesale,USD,AXW291,10,15,9,1876,16884,1050.56
SO - 0003894,2015-08-21,21,Wholesale,USD,FLR025,62,4,8,797.3,6378.4,414.6
SO - 0003895,2015-08-21,166,Wholesale,USD,AXW291,12,18,6,1058.6,6351.6,656.33
SO - 0003896,2015-08-21,118,Wholesale,USD,AXW291,9,5,8,3725.2,29801.6,2644.89
SO - 0003897,2015-08-22,53,Export,USD,FLR025,60,1,9,1098.8,9889.2,670.27
SO - 0003898,2015-08-22,117,Wholesale,USD,GUT930,35,20,12,3825.7,45908.4,1912.85
SO - 0003899,2015-08-22,132,Wholesale,USD,AXW291,6,6,6,6492.3,38953.8,2661.84
SO - 0003900,2015-08-22,24,Export,USD,GUT930,42,5,6,1085.4,6512.4,879.17
SO - 0003901,2015-08-22,92,Wholesale,USD,AXW291,1,25,5,1728.6,8643,1019.87
SO - 0003902,2015-08-22,75,Export,USD,NXH382,53,4,8,1916.2,15329.6,1379.66
SO - 0003903,2015-08-22,76,Wholesale,USD,NXH382,58,14,5,3336.6,16683,2469.08
SO - 0003904,2015-08-22,81,Distributor,USD,NXH382,47,26,9,227.8,2050.2,161.74
SO - 0003905,2015-08-22,119,Wholesale,USD,GUT930,44,3,7,2666.6,18666.2,1839.95
SO - 0003906,2015-08-22,138,Wholesale,USD,AXW291,24,15,11,167.5,1842.5,112.23
SO - 0003907,2015-08-23,23,Distributor,USD,NXH382,51,25,12,3812.3,45747.6,2630.49
SO - 0003908,2015-08-23,52,Wholesale,USD,GUT930,35,25,10,3149,31490,1952.38
SO - 0003909,2015-08-23,118,Distributor,USD,FLR025,66,1,9,3886,34974,1632.12
SO - 0003910,2015-08-23,103,Export,USD,AXW291,16,27,8,5293,42344,2487.71
SO - 0003911,2015-08-23,113,Wholesale,USD,NXH382,52,2,6,1045.2,6271.2,825.71
SO - 0003912,2015-08-23,49,Wholesale,USD,NXH382,53,6,9,3376.8,30391.2,2026.08
SO - 0003913,2015-08-23,65,Wholesale,USD,AXW291,28,14,6,1768.8,10612.8,1167.41
SO - 0003914,2015-08-24,141,Wholesale,USD,AXW291,31,14,6,2331.6,13989.6,1678.75
SO - 0003915,2015-08-24,59,Wholesale,USD,NXH382,57,19,7,1092.1,7644.7,513.29
SO - 0003916,2015-08-24,73,Wholesale,USD,GUT930,38,21,8,2432.1,19456.8,1897.04
SO - 0003917,2015-08-24,103,Export,USD,AXW291,26,26,9,737,6633,523.27
SO - 0003918,2015-08-24,93,Wholesale,USD,AXW291,1,26,6,1105.5,6633,851.24
SO - 0003919,2015-08-24,44,Wholesale,USD,AXW291,9,3,8,2807.3,22458.4,2049.33
SO - 0003920,2015-08-25,108,Distributor,USD,AXW291,15,5,11,2284.7,25131.7,1690.68
SO - 0003921,2015-08-25,68,Wholesale,USD,AXW291,21,28,9,1118.9,10070.1,648.96
SO - 0003922,2015-08-25,29,Export,USD,FLR025,62,5,10,2224.4,22244,1468.1
SO - 0003923,2015-08-25,91,Export,USD,GUT930,37,27,5,1983.2,9916,872.61
SO - 0003924,2015-08-25,98,Wholesale,USD,NXH382,48,13,6,1132.3,6793.8,486.89
SO - 0003925,2015-08-25,99,Distributor,USD,NXH382,54,18,6,1929.6,11577.6,1041.98
SO - 0003926,2015-08-25,150,Wholesale,USD,NXH382,47,26,11,3993.2,43925.2,1836.87
SO - 0003927,2015-08-25,175,Wholesale,USD,GUT930,45,3,5,207.7,1038.5,128.77
SO - 0003928,2015-08-26,129,Export,USD,AXW291,12,13,7,1072,7504,793.28
SO - 0003929,2015-08-26,79,Export,USD,AXW291,7,5,8,6532.5,52260,2939.63
SO - 0003930,2015-08-26,38,Wholesale,USD,FLR025,63,18,7,1983.2,13882.4,1427.9
SO - 0003931,2015-08-26,27,Distributor,USD,NXH382,52,29,7,1916.2,13413.4,1015.59
SO - 0003932,2015-08-26,142,Wholesale,USD,GUT930,41,10,9,3919.5,35275.5,1685.39
SO - 0003933,2015-08-26,153,Export,USD,NXH382,52,8,9,6277.9,56501.1,2636.72
SO - 0003934,2015-08-26,49,Distributor,USD,AXW291,16,3,5,1031.8,5159,588.13
SO - 0003935,2015-08-26,37,Distributor,USD,AXW291,12,12,5,2606.3,13031.5,2137.17
SO - 0003936,2015-08-26,29,Wholesale,USD,FLR025,60,21,10,2003.3,20033,1282.11
SO - 0003937,2015-08-26,84,Export,USD,NXH382,48,30,8,5601.2,44809.6,2296.49
SO - 0003938,2015-08-27,120,Wholesale,USD,AXW291,19,20,8,2525.9,20207.2,1793.39
SO - 0003939,2015-08-27,94,Distributor,USD,NXH382,52,26,11,2304.8,25352.8,1590.31
SO - 0003940,2015-08-27,133,Wholesale,USD,AXW291,9,14,11,2010,22110,1447.2
SO - 0003941,2015-08-27,38,Wholesale,USD,AXW291,17,15,10,167.5,1675,110.55
SO - 0003942,2015-08-27,29,Distributor,USD,AXW291,22,7,6,2525.9,15155.4,1010.36
SO - 0003943,2015-08-28,51,Wholesale,USD,FLR025,62,1,8,1192.6,9540.8,500.89
SO - 0003944,2015-08-28,33,Wholesale,USD,AXW291,2,25,12,268,3216,171.52
SO - 0003945,2015-08-28,19,Export,USD,GUT930,46,25,9,1132.3,10190.7,611.44
SO - 0003946,2015-08-28,36,Export,USD,NXH382,51,14,10,1809,18090,1175.85
SO - 0003947,2015-08-28,53,Export,USD,GUT930,34,10,5,1118.9,5594.5,671.34
SO - 0003948,2015-08-28,4,Wholesale,USD,NXH382,54,24,8,1025.1,8200.8,697.07
SO - 0003949,2015-08-29,46,Wholesale,USD,AXW291,1,25,6,3088.7,18532.2,2069.43
SO - 0003950,2015-08-29,5,Wholesale,USD,AXW291,4,5,12,978.2,11738.4,528.23
SO - 0003951,2015-08-29,39,Wholesale,USD,AXW291,16,1,6,261.3,1567.8,177.68
SO - 0003952,2015-08-29,65,Distributor,USD,AXW291,11,17,5,1159.1,5795.5,498.41
SO - 0003953,2015-08-29,27,Wholesale,USD,NXH382,49,13,10,6197.5,61975,3594.55
SO - 0003954,2015-08-29,137,Export,USD,NXH382,56,9,11,5581.1,61392.1,3237.04
SO - 0003955,2015-08-29,158,Wholesale,USD,AXW291,15,14,8,1051.9,8415.2,862.56
SO - 0003956,2015-08-29,127,Distributor,USD,AXW291,30,23,10,221.1,2211,137.08
SO - 0003957,2015-08-29,22,Wholesale,USD,AXW291,17,5,11,3879.3,42672.3,2366.37
SO - 0003958,2015-08-29,1,Wholesale,USD,AXW291,22,15,9,1139,10251,854.25
SO - 0003959,2015-08-29,10,Export,USD,NXH382,59,11,7,938,6566,590.94
SO - 0003960,2015-08-30,5,Export,USD,AXW291,23,25,7,201,1407,166.83
SO - 0003961,2015-08-30,28,Export,USD,AXW291,12,4,12,1768.8,21225.6,1220.47
SO - 0003962,2015-08-30,56,Wholesale,USD,FLR025,64,15,12,1715.2,20582.4,1337.86
SO - 0003963,2015-08-30,22,Distributor,USD,FLR025,62,30,11,1145.7,12602.7,893.65
SO - 0003964,2015-08-31,2,Wholesale,USD,GUT930,34,26,8,3932.9,31463.2,2792.36
SO - 0003965,2015-08-31,155,Distributor,USD,AXW291,7,18,11,2599.6,28595.6,1715.74
SO - 0003966,2015-08-31,69,Wholesale,USD,AXW291,23,25,12,6478.9,77746.8,4664.81
SO - 0003967,2015-08-31,77,Wholesale,USD,NXH382,49,13,9,1715.2,15436.8,977.66
SO - 0003968,2015-08-31,133,Wholesale,USD,GUT930,41,13,6,6512.4,39074.4,4754.05
SO - 0003969,2015-08-31,149,Wholesale,USD,GUT930,33,19,8,884.4,7075.2,601.39
SO - 0003970,2015-08-31,21,Wholesale,USD,AXW291,17,25,7,1005,7035,613.05
SO - 0003971,2015-08-31,103,Wholesale,USD,FLR025,60,14,5,174.2,871,134.13
SO - 0003972,2015-08-31,95,Distributor,USD,GUT930,43,12,12,1005,12060,743.7
SO - 0003973,2015-08-31,9,Wholesale,USD,AXW291,1,14,7,6170.7,43194.9,4998.27
SO - 0003974,2015-08-31,20,Wholesale,USD,AXW291,11,13,6,187.6,1125.6,133.2
SO - 0003975,2015-09-01,15,Wholesale,USD,AXW291,8,25,11,234.5,2579.5,98.49
SO - 0003976,2015-09-01,158,Wholesale,USD,AXW291,26,2,6,1092.1,6552.6,655.26
SO - 0003977,2015-09-01,118,Export,USD,NXH382,54,5,8,1031.8,8254.4,784.17
SO - 0003978,2015-09-01,64,Distributor,USD,NXH382,55,19,11,221.1,2432.1,128.24
SO - 0003979,2015-09-01,40,Wholesale,USD,AXW291,13,18,7,268,1876,227.8
SO - 0003980,2015-09-01,173,Export,USD,AXW291,16,2,12,214.4,2572.8,165.09
SO - 0003981,2015-09-01,20,Distributor,USD,AXW291,24,2,10,174.2,1742,109.75
SO - 0003982,2015-09-02,42,Distributor,USD,AXW291,12,22,8,5105.4,40843.2,2042.16
SO - 0003983,2015-09-02,49,Distributor,USD,AXW291,27,25,11,3209.3,35302.3,1347.91
SO - 0003984,2015-09-02,16,Wholesale,USD,AXW291,9,26,11,1996.6,21962.6,1697.11
SO - 0003985,2015-09-02,46,Export,USD,AXW291,24,13,5,3470.6,17353,2950.01
SO - 0003986,2015-09-02,111,Distributor,USD,AXW291,29,2,5,5768.7,28843.5,4384.21
SO - 0003987,2015-09-02,144,Wholesale,USD,AXW291,7,4,11,4020,44220,2371.8
SO - 0003988,2015-09-02,94,Wholesale,USD,NXH382,58,19,8,2572.8,20582.4,1183.49
SO - 0003989,2015-09-02,175,Distributor,USD,FLR025,61,7,10,3169.1,31691,1331.02
SO - 0003990,2015-09-02,83,Distributor,USD,GUT930,38,26,10,1112.2,11122,589.47
SO - 0003991,2015-09-02,71,Distributor,USD,AXW291,31,15,8,1072,8576,482.4
SO - 0003992,2015-09-02,124,Distributor,USD,GUT930,45,15,12,2425.4,29104.8,1722.03
SO - 0003993,2015-09-03,169,Wholesale,USD,AXW291,4,13,12,3825.7,45908.4,2907.53
SO - 0003994,2015-09-03,69,Distributor,USD,NXH382,58,26,8,1139,9112,603.67
SO - 0003995,2015-09-04,80,Wholesale,USD,GUT930,46,1,5,187.6,938,129.44
SO - 0003996,2015-09-04,70,Distributor,USD,NXH382,56,19,11,864.3,9507.3,613.65
SO - 0003997,2015-09-04,102,Wholesale,USD,AXW291,23,25,12,5701.7,68420.4,2850.85
SO - 0003998,2015-09-04,119,Wholesale,USD,NXH382,60,2,5,904.5,4522.5,714.56
SO - 0003999,2015-09-04,71,Wholesale,USD,AXW291,13,25,6,1159.1,6954.6,822.96
SO - 0004000,2015-09-04,70,Distributor,USD,NXH382,56,1,9,247.9,2231.1,176.01
SO - 0004001,2015-09-04,57,Distributor,USD,FLR025,61,17,6,3919.5,23517,1802.97
SO - 0004002,2015-09-04,87,Distributor,USD,GUT930,36,8,6,2559.4,15356.4,1714.8
SO - 0004003,2015-09-04,12,Distributor,USD,AXW291,21,2,12,2572.8,30873.6,1183.49
SO - 0004004,2015-09-04,52,Distributor,USD,GUT930,40,4,11,2767.1,30438.1,1743.27
SO - 0004005,2015-09-05,38,Wholesale,USD,GUT930,45,26,12,1916.2,22994.4,1034.75
SO - 0004006,2015-09-05,58,Distributor,USD,GUT930,34,5,11,1715.2,18867.2,943.36
SO - 0004007,2015-09-05,54,Wholesale,USD,AXW291,1,21,11,1011.7,11128.7,586.79
SO - 0004008,2015-09-05,102,Wholesale,USD,FLR025,62,6,10,1025.1,10251,676.57
SO - 0004009,2015-09-06,105,Wholesale,USD,GUT930,44,4,10,1065.3,10653,830.93
SO - 0004010,2015-09-06,122,Wholesale,USD,FLR025,60,14,6,1132.3,6793.8,905.84
SO - 0004011,2015-09-06,159,Wholesale,USD,AXW291,4,13,6,884.4,5306.4,689.83
SO - 0004012,2015-09-06,169,Distributor,USD,AXW291,24,12,11,971.5,10686.5,524.61
SO - 0004013,2015-09-06,31,Distributor,USD,NXH382,56,22,7,1782.2,12475.4,1301.01
SO - 0004014,2015-09-06,13,Wholesale,USD,AXW291,8,7,11,1112.2,12234.2,500.49
SO - 0004015,2015-09-06,126,Export,USD,AXW291,21,15,12,2412,28944,1616.04
SO - 0004016,2015-09-06,165,Distributor,USD,AXW291,10,4,9,3899.4,35094.6,3080.53
SO - 0004017,2015-09-06,42,Distributor,USD,AXW291,5,13,10,3979.8,39798,3263.44
SO - 0004018,2015-09-07,23,Distributor,USD,FLR025,66,26,5,2519.2,12596,1410.75
SO - 0004019,2015-09-07,9,Wholesale,USD,AXW291,21,26,5,850.9,4254.5,570.1
SO - 0004020,2015-09-07,114,Wholesale,USD,GUT930,34,25,7,1969.8,13788.6,1654.63
SO - 0004021,2015-09-07,36,Distributor,USD,AXW291,13,26,5,1078.7,5393.5,614.86
SO - 0004022,2015-09-07,30,Distributor,USD,AXW291,15,26,8,1876,15008,1482.04
SO - 0004023,2015-09-07,57,Wholesale,USD,AXW291,5,26,5,1775.5,8877.5,1384.89
SO - 0004024,2015-09-08,162,Export,USD,AXW291,12,20,9,844.2,7597.8,464.31
SO - 0004025,2015-09-08,69,Distributor,USD,GUT930,41,13,6,167.5,1005,95.48
SO - 0004026,2015-09-08,146,Distributor,USD,FLR025,63,30,8,1105.5,8844,807.02
SO - 0004027,2015-09-08,162,Wholesale,USD,AXW291,14,26,12,3082,36984,2342.32
SO - 0004028,2015-09-08,111,Wholesale,USD,AXW291,9,4,8,864.3,6914.4,717.37
SO - 0004029,2015-09-08,2,Wholesale,USD,FLR025,62,26,7,2646.5,18525.5,1402.65
SO - 0004030,2015-09-09,7,Export,USD,GUT930,45,26,11,1748.7,19235.7,1451.42
SO - 0004031,2015-09-09,67,Distributor,USD,AXW291,15,1,9,1755.4,15798.6,983.02
SO - 0004032,2015-09-09,43,Wholesale,USD,GUT930,44,25,6,1105.5,6633,851.24
SO - 0004033,2015-09-10,76,Wholesale,USD,NXH382,60,11,9,1105.5,9949.5,652.25
SO - 0004034,2015-09-10,38,Wholesale,USD,AXW291,30,16,9,3953,35577,2925.22
SO - 0004035,2015-09-10,132,Distributor,USD,AXW291,9,17,6,5815.6,34893.6,4129.08
SO - 0004036,2015-09-10,120,Distributor,USD,GUT930,36,16,7,3209.3,22465.1,2599.53
SO - 0004037,2015-09-10,128,Distributor,USD,GUT930,44,26,11,2298.1,25279.1,1034.15
SO - 0004038,2015-09-10,128,Distributor,USD,AXW291,11,20,5,3946.3,19731.5,1736.37
SO - 0004039,2015-09-10,42,Distributor,USD,AXW291,16,29,5,3932.9,19664.5,2674.37
SO - 0004040,2015-09-10,67,Wholesale,USD,GUT930,44,14,5,1005,5025,572.85
SO - 0004041,2015-09-10,73,Wholesale,USD,AXW291,11,4,5,2592.9,12964.5,1218.66
SO - 0004042,2015-09-10,105,Export,USD,AXW291,19,8,7,1145.7,8019.9,801.99
SO - 0004043,2015-09-10,19,Wholesale,USD,AXW291,17,10,11,1159.1,12750.1,475.23
SO - 0004044,2015-09-10,107,Wholesale,USD,NXH382,48,6,5,1092.1,5460.5,469.6
SO - 0004045,2015-09-10,83,Wholesale,USD,NXH382,59,25,7,917.9,6425.3,578.28
SO - 0004046,2015-09-10,78,Wholesale,USD,GUT930,46,25,7,261.3,1829.1,193.36
SO - 0004047,2015-09-10,142,Wholesale,USD,GUT930,41,19,12,1963.1,23557.2,1472.33
SO - 0004048,2015-09-11,14,Export,USD,AXW291,17,23,11,5969.7,65666.7,2626.67
SO - 0004049,2015-09-11,107,Wholesale,USD,NXH382,52,1,7,3048.5,21339.5,1219.4
SO - 0004050,2015-09-11,119,Wholesale,USD,NXH382,54,5,9,877.7,7899.3,649.5
SO - 0004051,2015-09-11,67,Wholesale,USD,AXW291,2,13,8,1943,15544,1224.09
SO - 0004052,2015-09-11,127,Wholesale,USD,NXH382,59,25,8,2257.9,18063.2,1806.32
SO - 0004053,2015-09-11,139,Wholesale,USD,GUT930,33,1,7,1105.5,7738.5,795.96
SO - 0004054,2015-09-11,1,Export,USD,AXW291,5,15,5,1085.4,5427,738.07
SO - 0004055,2015-09-11,16,Wholesale,USD,AXW291,23,26,9,6472.2,58249.8,3106.66
SO - 0004056,2015-09-11,148,Wholesale,USD,NXH382,60,15,10,5835.7,58357,3267.99
SO - 0004057,2015-09-12,172,Wholesale,USD,NXH382,52,25,8,4013.3,32106.4,1886.25
SO - 0004058,2015-09-12,9,Wholesale,USD,AXW291,31,12,10,3102.1,31021,2357.6
SO - 0004059,2015-09-12,53,Wholesale,USD,GUT930,42,13,8,1118.9,8951.2,593.02
SO - 0004060,2015-09-12,63,Wholesale,USD,FLR025,62,2,7,3906.1,27342.7,2265.54
SO - 0004061,2015-09-12,34,Distributor,USD,AXW291,18,29,6,3993.2,23959.2,1757.01
SO - 0004062,2015-09-12,68,Distributor,USD,GUT930,32,3,6,5447.1,32682.6,2614.61
SO - 0004063,2015-09-12,115,Wholesale,USD,AXW291,30,4,5,1145.7,5728.5,928.02
SO - 0004064,2015-09-13,80,Distributor,USD,AXW291,4,26,8,6559.3,52474.4,4132.36
SO - 0004065,2015-09-13,124,Distributor,USD,AXW291,22,14,7,850.9,5956.3,433.96
SO - 0004066,2015-09-13,122,Distributor,USD,AXW291,16,1,6,1072,6432,707.52
SO - 0004067,2015-09-13,74,Wholesale,USD,GUT930,35,25,5,1025.1,5125.5,625.31
SO - 0004068,2015-09-13,63,Wholesale,USD,FLR025,66,5,9,3926.2,35335.8,3023.17
SO - 0004069,2015-09-13,112,Wholesale,USD,AXW291,24,15,5,207.7,1038.5,137.08
SO - 0004070,2015-09-13,39,Distributor,USD,NXH382,60,19,6,2646.5,15879,1243.86
SO - 0004071,2015-09-14,29,Distributor,USD,GUT930,32,27,5,723.6,3618,361.8
SO - 0004072,2015-09-14,80,Wholesale,USD,GUT930,42,26,8,1139,9112,569.5
SO - 0004073,2015-09-14,116,Distributor,USD,AXW291,15,25,8,5956.3,47650.4,4050.28
SO - 0004074,2015-09-14,85,Export,USD,AXW291,17,15,12,857.6,10291.2,505.98
SO - 0004075,2015-09-14,108,Wholesale,USD,FLR025,63,7,12,3899.4,46792.8,2612.6
SO - 0004076,2015-09-14,103,Distributor,USD,NXH382,56,13,8,1842.5,14740,1529.28
SO - 0004077,2015-09-14,8,Wholesale,USD,NXH382,57,12,12,214.4,2572.8,96.48
SO - 0004078,2015-09-15,44,Wholesale,USD,GUT930,44,5,6,1139,6834,501.16
SO - 0004079,2015-09-15,147,Wholesale,USD,FLR025,63,13,8,703.5,5628,302.51
SO - 0004080,2015-09-15,114,Distributor,USD,AXW291,31,20,12,6217.6,74611.2,2797.92
SO - 0004081,2015-09-15,161,Export,USD,AXW291,27,25,9,3624.7,32622.3,3081
SO - 0004082,2015-09-15,121,Export,USD,AXW291,11,14,5,1721.9,8609.5,1205.33
SO - 0004083,2015-09-15,104,Wholesale,USD,AXW291,27,14,11,1829.1,20120.1,877.97
SO - 0004084,2015-09-15,73,Distributor,USD,GUT930,36,14,9,6110.4,54993.6,4643.9
SO - 0004085,2015-09-15,136,Wholesale,USD,AXW291,14,25,10,3886,38860,2137.3
SO - 0004086,2015-09-15,153,Wholesale,USD,NXH382,59,17,9,5058.5,45526.5,3743.29
SO - 0004087,2015-09-15,173,Export,USD,FLR025,64,20,8,1092.1,8736.8,775.39
SO - 0004088,2015-09-15,107,Wholesale,USD,NXH382,58,3,8,1949.7,15597.6,896.86
SO - 0004089,2015-09-15,46,Wholesale,USD,AXW291,30,1,8,3886,31088,3225.38
SO - 0004090,2015-09-16,80,Distributor,USD,GUT930,47,11,11,3376.8,37144.8,1553.33
SO - 0004091,2015-09-16,68,Wholesale,USD,AXW291,9,7,10,180.9,1809,86.83
SO - 0004092,2015-09-16,43,Wholesale,USD,NXH382,51,3,8,247.9,1983.2,205.76
SO - 0004093,2015-09-16,28,Distributor,USD,NXH382,49,1,12,3135.6,37627.2,2508.48
SO - 0004094,2015-09-16,111,Distributor,USD,AXW291,5,20,8,2485.7,19885.6,1739.99
SO - 0004095,2015-09-16,89,Wholesale,USD,GUT930,38,16,7,4013.3,28093.1,3210.64
SO - 0004096,2015-09-16,32,Wholesale,USD,AXW291,7,15,10,6351.6,63516,3048.77
SO - 0004097,2015-09-16,119,Wholesale,USD,AXW291,8,14,6,1152.4,6914.4,645.34
SO - 0004098,2015-09-17,59,Wholesale,USD,AXW291,14,3,10,1005,10050,723.6
SO - 0004099,2015-09-17,151,Distributor,USD,GUT930,44,14,9,3852.5,34672.5,2465.6
SO - 0004100,2015-09-17,171,Wholesale,USD,GUT930,32,20,6,1018.4,6110.4,478.65
SO - 0004101,2015-09-18,169,Distributor,USD,AXW291,14,20,5,1112.2,5561,934.25
SO - 0004102,2015-09-18,123,Distributor,USD,GUT930,33,1,7,1775.5,12428.5,1242.85
SO - 0004103,2015-09-18,63,Distributor,USD,AXW291,25,26,6,5507.4,33044.4,4075.48
SO - 0004104,2015-09-18,168,Wholesale,USD,NXH382,57,23,7,3839.1,26873.7,2457.02
SO - 0004105,2015-09-18,150,Wholesale,USD,NXH382,49,16,8,2438.8,19510.4,1999.82
SO - 0004106,2015-09-18,133,Distributor,USD,AXW291,6,17,11,3765.4,41419.4,2824.05
SO - 0004107,2015-09-19,38,Distributor,USD,AXW291,20,30,12,4020,48240,2653.2
SO - 0004108,2015-09-19,95,Wholesale,USD,AXW291,18,14,11,884.4,9728.4,698.68
SO - 0004109,2015-09-19,160,Wholesale,USD,AXW291,14,13,9,1989.9,17909.1,1591.92
SO - 0004110,2015-09-19,70,Distributor,USD,NXH382,54,13,7,3892.7,27248.9,2063.13
SO - 0004111,2015-09-19,15,Distributor,USD,FLR025,66,1,11,857.6,9433.6,377.34
SO - 0004112,2015-09-19,143,Distributor,USD,NXH382,55,3,6,1025.1,6150.6,553.55
SO - 0004113,2015-09-19,120,Distributor,USD,NXH382,55,4,7,5145.6,36019.2,3653.38
SO - 0004114,2015-09-19,98,Distributor,USD,AXW291,21,28,6,1319.9,7919.4,950.33
SO - 0004115,2015-09-19,80,Distributor,USD,GUT930,39,26,7,884.4,6190.8,610.24
SO - 0004116,2015-09-19,66,Distributor,USD,FLR025,66,6,10,1152.4,11524,760.58
SO - 0004117,2015-09-20,35,Wholesale,USD,NXH382,51,4,8,3932.9,31463.2,2556.39
SO - 0004118,2015-09-20,121,Wholesale,USD,AXW291,31,1,5,891.1,4455.5,516.84
SO - 0004119,2015-09-20,53,Distributor,USD,GUT930,37,16,8,3966.4,31731.2,3173.12
SO - 0004120,2015-09-20,69,Wholesale,USD,AXW291,8,20,9,757.1,6813.9,325.55
SO - 0004121,2015-09-20,133,Distributor,USD,GUT930,36,20,5,180.9,904.5,113.97
SO - 0004122,2015-09-20,79,Distributor,USD,FLR025,63,11,7,1802.3,12616.1,1063.36
SO - 0004123,2015-09-21,166,Wholesale,USD,NXH382,57,9,9,174.2,1567.8,108
SO - 0004124,2015-09-21,165,Wholesale,USD,AXW291,12,26,9,221.1,1989.9,134.87
SO - 0004125,2015-09-21,165,Wholesale,USD,NXH382,52,1,10,2224.4,22244,1846.25
SO - 0004126,2015-09-21,117,Wholesale,USD,AXW291,15,14,10,3041.8,30418,2038.01
SO - 0004127,2015-09-21,39,Export,USD,AXW291,14,15,12,3953,47436,3043.81
SO - 0004128,2015-09-21,102,Wholesale,USD,NXH382,53,19,8,1078.7,8629.6,560.92
SO - 0004129,2015-09-21,154,Wholesale,USD,AXW291,11,25,11,268,2948,176.88
SO - 0004130,2015-09-21,94,Export,USD,GUT930,42,4,11,1299.8,14297.8,1013.84
SO - 0004131,2015-09-21,149,Wholesale,USD,GUT930,46,9,9,1085.4,9768.6,868.32
SO - 0004132,2015-09-22,35,Export,USD,GUT930,36,22,6,1105.5,6633,873.35
SO - 0004133,2015-09-22,129,Distributor,USD,GUT930,38,15,5,1728.6,8643,1123.59
SO - 0004134,2015-09-22,14,Distributor,USD,NXH382,49,25,9,2378.5,21406.5,1760.09
SO - 0004135,2015-09-22,19,Wholesale,USD,GUT930,40,1,5,3195.9,15979.5,2364.97
SO - 0004136,2015-09-22,10,Wholesale,USD,AXW291,26,2,6,214.4,1286.4,154.37
SO - 0004137,2015-09-22,94,Wholesale,USD,GUT930,41,30,11,984.9,10833.9,797.77
SO - 0004138,2015-09-22,145,Distributor,USD,AXW291,5,26,9,1889.4,17004.6,1095.85
SO - 0004139,2015-09-22,120,Distributor,USD,AXW291,30,7,10,891.1,8911,748.52
SO - 0004140,2015-09-23,25,Wholesale,USD,GUT930,35,3,7,1125.6,7879.2,821.69
SO - 0004141,2015-09-23,21,Export,USD,AXW291,20,26,7,6485.6,45399.2,2723.95
SO - 0004142,2015-09-23,140,Wholesale,USD,FLR025,61,6,6,2284.7,13708.2,1416.51
SO - 0004143,2015-09-23,145,Wholesale,USD,AXW291,27,26,11,6244.4,68688.4,3434.42
SO - 0004144,2015-09-23,130,Wholesale,USD,AXW291,25,8,6,5031.7,30190.2,2213.95
SO - 0004145,2015-09-23,78,Distributor,USD,FLR025,65,22,8,5989.8,47918.4,4731.94
SO - 0004146,2015-09-23,122,Export,USD,GUT930,37,5,11,3725.2,40977.2,2458.63
SO - 0004147,2015-09-23,134,Wholesale,USD,NXH382,50,14,12,1085.4,13024.8,879.17
SO - 0004148,2015-09-24,47,Wholesale,USD,NXH382,52,26,10,5092,50920,2393.24
SO - 0004149,2015-09-24,15,Distributor,USD,GUT930,37,5,11,6036.7,66403.7,4104.96
SO - 0004150,2015-09-24,62,Export,USD,GUT930,37,25,11,3872.6,42598.6,2827
SO - 0004151,2015-09-24,55,Wholesale,USD,NXH382,54,25,5,2941.3,14706.5,1588.3
SO - 0004152,2015-09-24,59,Wholesale,USD,GUT930,45,11,7,241.2,1688.4,159.19
SO - 0004153,2015-09-24,2,Wholesale,USD,FLR025,63,8,5,268,1340,179.56
SO - 0004154,2015-09-24,77,Distributor,USD,GUT930,32,25,5,167.5,837.5,90.45
SO - 0004155,2015-09-24,135,Wholesale,USD,FLR025,65,8,7,1949.7,13647.9,994.35
SO - 0004156,2015-09-24,18,Wholesale,USD,GUT930,44,2,9,2680,24120,2144
SO - 0004157,2015-09-24,101,Wholesale,USD,NXH382,53,3,11,3986.5,43851.5,2591.23
SO - 0004158,2015-09-24,72,Wholesale,USD,NXH382,50,13,5,167.5,837.5,75.38
SO - 0004159,2015-09-24,13,Wholesale,USD,AXW291,3,9,6,194.3,1165.8,97.15
SO - 0004160,2015-09-24,142,Distributor,USD,AXW291,12,17,12,2385.2,28622.4,1073.34
SO - 0004161,2015-09-25,146,Wholesale,USD,AXW291,26,5,7,5219.3,36535.1,3601.32
SO - 0004162,2015-09-25,125,Wholesale,USD,NXH382,52,19,5,2224.4,11122,1512.59
SO - 0004163,2015-09-25,31,Export,USD,NXH382,52,5,7,2231.1,15617.7,1472.53
SO - 0004164,2015-09-25,118,Distributor,USD,GUT930,46,27,9,5896,53064,4539.92
SO - 0004165,2015-09-26,174,Wholesale,USD,NXH382,59,30,8,2639.8,21118.4,1847.86
SO - 0004166,2015-09-26,46,Export,USD,AXW291,27,25,6,1045.2,6271.2,700.28
SO - 0004167,2015-09-26,122,Wholesale,USD,NXH382,53,23,7,1286.4,9004.8,951.94
SO - 0004168,2015-09-26,156,Distributor,USD,AXW291,16,3,7,3865.9,27061.3,1778.31
SO - 0004169,2015-09-26,42,Wholesale,USD,NXH382,52,19,9,6519.1,58671.9,3520.31
SO - 0004170,2015-09-26,16,Export,USD,GUT930,32,25,11,4006.6,44072.6,3365.54
SO - 0004171,2015-09-26,141,Wholesale,USD,GUT930,38,26,5,1078.7,5393.5,841.39
SO - 0004172,2015-09-26,6,Wholesale,USD,AXW291,10,30,10,1125.6,11256,675.36
SO - 0004173,2015-09-26,121,Distributor,USD,GUT930,38,1,10,247.9,2479,203.28
SO - 0004174,2015-09-27,63,Wholesale,USD,NXH382,52,23,10,2378.5,23785,1879.02
SO - 0004175,2015-09-27,62,Distributor,USD,NXH382,54,4,12,254.6,3055.2,137.48
SO - 0004176,2015-09-27,100,Distributor,USD,AXW291,8,8,7,3309.8,23168.6,2647.84
SO - 0004177,2015-09-27,128,Wholesale,USD,NXH382,50,30,10,1896.1,18961,1004.93
SO - 0004178,2015-09-27,90,Wholesale,USD,AXW291,13,15,8,1172.5,9380,949.73
SO - 0004179,2015-09-27,52,Distributor,USD,AXW291,3,26,11,3289.7,36186.7,1348.78
SO - 0004180,2015-09-27,130,Wholesale,USD,AXW291,30,3,8,1038.5,8308,623.1
SO - 0004181,2015-09-27,83,Export,USD,FLR025,66,26,6,1125.6,6753.6,877.97
SO - 0004182,2015-09-27,137,Wholesale,USD,FLR025,65,23,5,1869.3,9346.5,1495.44
SO - 0004183,2015-09-28,52,Distributor,USD,AXW291,24,25,9,1118.9,10070.1,704.91
SO - 0004184,2015-09-28,107,Wholesale,USD,GUT930,38,6,5,1969.8,9849,827.32
SO - 0004185,2015-09-28,95,Distributor,USD,GUT930,39,13,6,3932.9,23597.4,1612.49
SO - 0004186,2015-09-28,146,Wholesale,USD,GUT930,39,1,10,1185.9,11859,723.4
SO - 0004187,2015-09-28,111,Distributor,USD,GUT930,42,30,11,1078.7,11865.7,668.79
SO - 0004188,2015-09-28,68,Distributor,USD,NXH382,52,10,9,971.5,8743.5,437.18
SO - 0004189,2015-09-29,16,Wholesale,USD,AXW291,12,6,10,167.5,1675,142.38
SO - 0004190,2015-09-29,133,Wholesale,USD,AXW291,27,13,10,3946.3,39463,2249.39
SO - 0004191,2015-09-29,60,Wholesale,USD,NXH382,47,5,12,1005,12060,703.5
SO - 0004192,2015-09-29,6,Wholesale,USD,AXW291,20,14,11,1011.7,11128.7,485.62
SO - 0004193,2015-09-29,14,Export,USD,GUT930,46,1,6,2941.3,17647.8,1676.54
SO - 0004194,2015-09-29,48,Wholesale,USD,FLR025,63,28,6,3832.4,22994.4,2721
SO - 0004195,2015-09-29,107,Distributor,USD,AXW291,4,26,10,3986.5,39865,2710.82
SO - 0004196,2015-09-29,11,Distributor,USD,GUT930,33,1,6,1011.7,6070.2,829.59
SO - 0004197,2015-09-29,134,Distributor,USD,GUT930,36,4,8,2659.9,21279.2,1728.94
SO - 0004198,2015-09-29,27,Distributor,USD,AXW291,18,26,6,1065.3,6391.8,585.92
SO - 0004199,2015-09-29,70,Wholesale,USD,GUT930,41,5,8,1936.3,15490.4,1006.88
SO - 0004200,2015-09-29,111,Wholesale,USD,AXW291,29,28,7,221.1,1547.7,112.76
SO - 0004201,2015-09-29,85,Wholesale,USD,AXW291,8,1,7,1293.1,9051.7,1086.2
SO - 0004202,2015-09-30,168,Wholesale,USD,GUT930,40,25,5,2659.9,13299.5,1196.96
SO - 0004203,2015-09-30,62,Export,USD,NXH382,53,19,8,1125.6,9004.8,551.54
SO - 0004204,2015-09-30,153,Distributor,USD,GUT930,43,25,12,1065.3,12783.6,862.89
SO - 0004205,2015-09-30,115,Wholesale,USD,AXW291,28,21,11,6083.6,66919.6,4562.7
SO - 0004206,2015-09-30,171,Wholesale,USD,AXW291,12,20,5,904.5,4522.5,587.93
SO - 0004207,2015-09-30,165,Wholesale,USD,FLR025,60,6,9,1882.7,16944.3,1242.58
SO - 0004208,2015-09-30,81,Distributor,USD,AXW291,7,8,11,1715.2,18867.2,737.54
SO - 0004209,2015-09-30,13,Wholesale,USD,AXW291,4,15,10,3899.4,38994,2924.55
SO - 0004210,2015-09-30,73,Wholesale,USD,AXW291,31,13,10,3510.8,35108,1966.05
SO - 0004211,2015-10-01,146,Export,USD,GUT930,41,1,11,978.2,10760.2,391.28
SO - 0004212,2015-10-01,80,Wholesale,USD,GUT930,34,15,11,6391.8,70309.8,3515.49
SO - 0004213,2015-10-01,68,Distributor,USD,GUT930,32,11,11,1842.5,20267.5,1123.93
SO - 0004214,2015-10-01,152,Distributor,USD,GUT930,33,25,11,3886,42746,1554.4
SO - 0004215,2015-10-01,94,Distributor,USD,NXH382,58,19,11,1809,19899,1537.65
SO - 0004216,2015-10-01,62,Distributor,USD,NXH382,56,17,6,6237.7,37426.2,5052.54
SO - 0004217,2015-10-01,155,Distributor,USD,AXW291,24,14,7,3859.2,27014.4,2547.07
SO - 0004218,2015-10-01,6,Export,USD,GUT930,36,16,10,1252.9,12529,789.33
SO - 0004219,2015-10-02,56,Wholesale,USD,FLR025,65,5,6,1065.3,6391.8,543.3
SO - 0004220,2015-10-02,79,Export,USD,AXW291,4,8,7,2673.3,18713.1,1122.79
SO - 0004221,2015-10-02,91,Wholesale,USD,AXW291,22,15,8,3906.1,31248.8,2538.97
SO - 0004222,2015-10-02,109,Wholesale,USD,FLR025,64,9,11,5795.5,63750.5,3709.12
SO - 0004223,2015-10-02,56,Wholesale,USD,NXH382,58,14,8,1742,13936,1201.98
SO - 0004224,2015-10-02,69,Distributor,USD,AXW291,11,13,7,3872.6,27108.2,3059.35
SO - 0004225,2015-10-02,26,Distributor,USD,FLR025,65,26,7,268,1876,171.52
SO - 0004226,2015-10-02,108,Wholesale,USD,AXW291,27,15,11,924.6,10170.6,656.47
SO - 0004227,2015-10-02,164,Wholesale,USD,NXH382,47,5,11,3845.8,42303.8,1653.69
SO - 0004228,2015-10-03,3,Wholesale,USD,AXW291,30,18,11,1038.5,11423.5,446.56
SO - 0004229,2015-10-03,14,Wholesale,USD,FLR025,64,3,6,1916.2,11497.2,1207.21
SO - 0004230,2015-10-03,117,Export,USD,AXW291,9,2,12,1889.4,22672.8,888.02
SO - 0004231,2015-10-03,87,Distributor,USD,NXH382,48,25,12,1051.9,12622.8,831
SO - 0004232,2015-10-03,75,Distributor,USD,AXW291,2,25,7,1078.7,7550.9,647.22
SO - 0004233,2015-10-04,142,Wholesale,USD,GUT930,36,19,11,3926.2,43188.2,2630.55
SO - 0004234,2015-10-04,148,Wholesale,USD,NXH382,47,5,6,1996.6,11979.6,1257.86
SO - 0004235,2015-10-04,22,Wholesale,USD,AXW291,21,8,9,4006.6,36059.4,1802.97
SO - 0004236,2015-10-04,57,Wholesale,USD,GUT930,38,2,12,2613,31356,1097.46
SO - 0004237,2015-10-04,9,Wholesale,USD,AXW291,16,1,12,2639.8,31677.6,2111.84
SO - 0004238,2015-10-04,99,Wholesale,USD,NXH382,58,2,8,6458.8,51670.4,4714.92
SO - 0004239,2015-10-04,153,Export,USD,AXW291,21,10,7,3095.4,21667.8,2166.78
SO - 0004240,2015-10-04,102,Wholesale,USD,AXW291,24,14,6,1125.6,6753.6,484.01
SO - 0004241,2015-10-04,1,Distributor,USD,NXH382,53,25,7,1018.4,7128.8,427.73
SO - 0004242,2015-10-04,140,Wholesale,USD,GUT930,45,4,7,5333.2,37332.4,3573.24
SO - 0004243,2015-10-04,26,Wholesale,USD,GUT930,41,19,12,5842.4,70108.8,4790.77
SO - 0004244,2015-10-05,12,Wholesale,USD,GUT930,34,22,11,750.4,8254.4,555.3
SO - 0004245,2015-10-05,150,Distributor,USD,AXW291,28,15,12,3973.1,47677.2,3019.56
SO - 0004246,2015-10-05,93,Distributor,USD,NXH382,59,25,6,1943,11658,1029.79
SO - 0004247,2015-10-05,56,Export,USD,AXW291,1,24,6,3879.3,23275.8,2056.03
SO - 0004248,2015-10-05,129,Distributor,USD,GUT930,34,15,6,1085.4,6512.4,705.51
SO - 0004249,2015-10-05,101,Wholesale,USD,AXW291,11,1,5,2532.6,12663,1013.04
SO - 0004250,2015-10-05,79,Wholesale,USD,GUT930,42,24,11,3939.6,43335.6,1812.22
SO - 0004251,2015-10-06,107,Distributor,USD,AXW291,13,23,7,1145.7,8019.9,744.71
SO - 0004252,2015-10-06,167,Export,USD,AXW291,2,18,10,1005,10050,683.4
SO - 0004253,2015-10-06,155,Distributor,USD,GUT930,45,26,7,247.9,1735.3,156.18
SO - 0004254,2015-10-06,160,Wholesale,USD,AXW291,16,2,9,3845.8,34612.2,2845.89
SO - 0004255,2015-10-06,48,Distributor,USD,AXW291,13,14,8,5038.4,40307.2,3627.65
SO - 0004256,2015-10-06,9,Wholesale,USD,NXH382,54,15,12,254.6,3055.2,162.94
SO - 0004257,2015-10-07,100,Wholesale,USD,AXW291,10,6,8,2559.4,20475.2,2098.71
SO - 0004258,2015-10-07,26,Wholesale,USD,AXW291,30,19,9,1976.5,17788.5,1067.31
SO - 0004259,2015-10-07,165,Export,USD,NXH382,58,25,10,194.3,1943,163.21
SO - 0004260,2015-10-07,34,Wholesale,USD,AXW291,8,13,9,5587.8,50290.2,2738.02
SO - 0004261,2015-10-07,170,Wholesale,USD,GUT930,36,25,6,3973.1,23838.6,3019.56
SO - 0004262,2015-10-07,123,Wholesale,USD,NXH382,51,5,8,5286.3,42290.4,2590.29
SO - 0004263,2015-10-07,49,Wholesale,USD,NXH382,52,24,7,6411.9,44883.3,2564.76
SO - 0004264,2015-10-07,76,Wholesale,USD,AXW291,3,25,12,3865.9,46390.8,1739.66
SO - 0004265,2015-10-07,131,Wholesale,USD,FLR025,63,3,12,1011.7,12140.4,414.8
SO - 0004266,2015-10-08,26,Wholesale,USD,AXW291,7,15,11,3852.5,42377.5,2927.9
SO - 0004267,2015-10-08,155,Wholesale,USD,AXW291,17,18,9,1701.8,15316.2,1123.19
SO - 0004268,2015-10-08,7,Export,USD,AXW291,31,17,8,201,1608,148.74
SO - 0004269,2015-10-08,158,Export,USD,AXW291,30,27,8,2546,20368,1603.98
SO - 0004270,2015-10-08,5,Export,USD,GUT930,44,24,5,1105.5,5527.5,707.52
SO - 0004271,2015-10-08,75,Wholesale,USD,NXH382,47,22,11,1078.7,11865.7,463.84
SO - 0004272,2015-10-08,13,Wholesale,USD,FLR025,61,26,11,2257.9,24836.9,1196.69
SO - 0004273,2015-10-08,9,Wholesale,USD,NXH382,59,13,8,3832.4,30659.2,3219.22
SO - 0004274,2015-10-09,15,Wholesale,USD,AXW291,8,9,12,1929.6,23155.2,1003.39
SO - 0004275,2015-10-09,6,Distributor,USD,AXW291,15,15,8,690.1,5520.8,524.48
SO - 0004276,2015-10-09,41,Export,USD,FLR025,64,13,7,3865.9,27061.3,2551.49
SO - 0004277,2015-10-09,162,Wholesale,USD,AXW291,15,14,11,6405.2,70457.2,2882.34
SO - 0004278,2015-10-09,117,Distributor,USD,FLR025,63,25,8,904.5,7236,723.6
SO - 0004279,2015-10-09,160,Distributor,USD,AXW291,27,13,6,3678.3,22069.8,3052.99
SO - 0004280,2015-10-09,160,Distributor,USD,GUT930,42,4,9,3966.4,35697.6,2260.85
SO - 0004281,2015-10-09,25,Distributor,USD,FLR025,61,21,7,3932.9,27530.3,1769.81
SO - 0004282,2015-10-10,85,Wholesale,USD,AXW291,9,29,11,2284.7,25131.7,1942
SO - 0004283,2015-10-10,51,Wholesale,USD,AXW291,27,10,8,3832.4,30659.2,2261.12
SO - 0004284,2015-10-10,95,Distributor,USD,AXW291,14,29,10,241.2,2412,173.66
SO - 0004285,2015-10-10,40,Wholesale,USD,GUT930,40,13,11,1118.9,12307.9,514.69
SO - 0004286,2015-10-10,93,Wholesale,USD,FLR025,65,19,6,703.5,4221,337.68
SO - 0004287,2015-10-10,87,Export,USD,AXW291,22,11,6,6130.5,36783,3494.39
SO - 0004288,2015-10-10,29,Export,USD,AXW291,20,3,5,221.1,1105.5,152.56
SO - 0004289,2015-10-11,154,Wholesale,USD,AXW291,9,22,8,2626.4,21011.2,1391.99
SO - 0004290,2015-10-11,49,Export,USD,AXW291,23,25,6,1735.3,10411.8,850.3
SO - 0004291,2015-10-11,70,Wholesale,USD,NXH382,47,19,7,991.6,6941.2,525.55
SO - 0004292,2015-10-11,45,Wholesale,USD,FLR025,66,26,7,3946.3,27624.1,1973.15
SO - 0004293,2015-10-11,82,Wholesale,USD,GUT930,45,7,9,5500.7,49506.3,3960.5
SO - 0004294,2015-10-11,29,Distributor,USD,FLR025,62,6,11,3872.6,42598.6,2633.37
SO - 0004295,2015-10-11,3,Distributor,USD,AXW291,29,12,5,234.5,1172.5,124.29
SO - 0004296,2015-10-11,142,Wholesale,USD,GUT930,34,3,8,1956.4,15651.2,1408.61
SO - 0004297,2015-10-11,144,Wholesale,USD,AXW291,18,26,9,247.9,2231.1,101.64
SO - 0004298,2015-10-11,48,Distributor,USD,AXW291,2,1,9,6432,57888,4373.76
SO - 0004299,2015-10-11,74,Wholesale,USD,NXH382,52,13,8,1078.7,8629.6,733.52
SO - 0004300,2015-10-12,118,Wholesale,USD,NXH382,55,28,9,2251.2,20260.8,1868.5
SO - 0004301,2015-10-13,43,Wholesale,USD,AXW291,30,16,10,201,2010,168.84
SO - 0004302,2015-10-13,48,Wholesale,USD,AXW291,21,19,5,1011.7,5058.5,455.27
SO - 0004303,2015-10-13,156,Wholesale,USD,NXH382,49,21,8,891.1,7128.8,507.93
SO - 0004304,2015-10-13,17,Export,USD,NXH382,54,26,6,1011.7,6070.2,455.27
SO - 0004305,2015-10-13,131,Export,USD,AXW291,15,26,10,221.1,2211,112.76
SO - 0004306,2015-10-13,116,Distributor,USD,AXW291,3,4,7,2499.1,17493.7,1024.63
SO - 0004307,2015-10-13,46,Distributor,USD,GUT930,39,14,6,5360,32160,3644.8
SO - 0004308,2015-10-13,106,Distributor,USD,AXW291,27,6,6,1065.3,6391.8,788.32
SO - 0004309,2015-10-13,107,Export,USD,AXW291,21,5,11,1025.1,11276.1,738.07
SO - 0004310,2015-10-13,33,Distributor,USD,AXW291,30,17,11,1112.2,12234.2,912
SO - 0004311,2015-10-14,108,Wholesale,USD,NXH382,49,25,7,1018.4,7128.8,631.41
SO - 0004312,2015-10-14,6,Wholesale,USD,AXW291,14,20,8,1159.1,9272.8,880.92
SO - 0004313,2015-10-14,20,Wholesale,USD,GUT930,35,28,11,2599.6,28595.6,1871.71
SO - 0004314,2015-10-14,97,Wholesale,USD,AXW291,22,20,6,254.6,1527.6,185.86
SO - 0004315,2015-10-14,24,Export,USD,NXH382,53,25,8,5440.4,43523.2,4406.72
SO - 0004316,2015-10-14,155,Distributor,USD,AXW291,10,1,5,1795.6,8978,879.84
SO - 0004317,2015-10-14,101,Wholesale,USD,GUT930,35,3,12,5540.9,66490.8,4100.27
SO - 0004318,2015-10-15,67,Distributor,USD,FLR025,66,26,9,5380.1,48420.9,4573.09
SO - 0004319,2015-10-15,47,Wholesale,USD,FLR025,61,14,9,1085.4,9768.6,520.99
SO - 0004320,2015-10-15,156,Wholesale,USD,GUT930,41,5,12,1078.7,12944.4,701.16
SO - 0004321,2015-10-15,105,Export,USD,NXH382,53,25,12,877.7,10532.4,526.62
SO - 0004322,2015-10-15,73,Wholesale,USD,AXW291,26,14,7,3041.8,21292.6,1216.72
SO - 0004323,2015-10-16,17,Distributor,USD,AXW291,25,12,10,6505.7,65057,2927.57
SO - 0004324,2015-10-16,150,Wholesale,USD,GUT930,43,29,11,1105.5,12160.5,442.2
SO - 0004325,2015-10-16,106,Wholesale,USD,NXH382,53,17,10,1045.2,10452,668.93
SO - 0004326,2015-10-16,170,Distributor,USD,AXW291,30,1,7,5366.7,37566.9,3488.36
SO - 0004327,2015-10-16,175,Distributor,USD,AXW291,24,26,11,2619.7,28816.7,1309.85
SO - 0004328,2015-10-16,126,Wholesale,USD,AXW291,30,26,8,1058.6,8468.8,698.68
SO - 0004329,2015-10-16,101,Wholesale,USD,AXW291,26,15,6,261.3,1567.8,146.33
SO - 0004330,2015-10-16,110,Wholesale,USD,NXH382,53,6,5,5594.5,27972.5,3916.15
SO - 0004331,2015-10-16,91,Wholesale,USD,AXW291,5,14,7,1105.5,7738.5,585.92
SO - 0004332,2015-10-16,155,Distributor,USD,AXW291,15,26,6,2412,14472,1519.56
SO - 0004333,2015-10-17,18,Export,USD,GUT930,43,26,10,3819,38190,2444.16
SO - 0004334,2015-10-17,37,Distributor,USD,GUT930,41,20,9,268,2412,187.6
SO - 0004335,2015-10-17,94,Wholesale,USD,AXW291,5,16,11,227.8,2505.8,100.23
SO - 0004336,2015-10-17,143,Export,USD,AXW291,5,14,9,268,2412,227.8
SO - 0004337,2015-10-17,110,Export,USD,NXH382,48,19,12,1065.3,12783.6,767.02
SO - 0004338,2015-10-17,167,Wholesale,USD,NXH382,51,4,11,676.7,7443.7,439.86
SO - 0004339,2015-10-17,109,Distributor,USD,NXH382,57,4,7,1051.9,7363.3,631.14
SO - 0004340,2015-10-18,148,Distributor,USD,AXW291,26,26,7,2244.5,15711.5,1032.47
SO - 0004341,2015-10-18,166,Distributor,USD,AXW291,4,25,6,3986.5,23919,3109.47
SO - 0004342,2015-10-18,175,Wholesale,USD,AXW291,11,2,7,6405.2,44836.4,4163.38
SO - 0004343,2015-10-18,122,Wholesale,USD,GUT930,43,5,7,1078.7,7550.9,647.22
SO - 0004344,2015-10-18,45,Distributor,USD,AXW291,18,6,8,5447.1,43576.8,2723.55
SO - 0004345,2015-10-19,5,Wholesale,USD,NXH382,58,12,7,174.2,1219.4,109.75
SO - 0004346,2015-10-19,9,Wholesale,USD,GUT930,33,6,10,1273,12730,509.2
SO - 0004347,2015-10-19,163,Export,USD,GUT930,33,25,7,1072,7504,439.52
SO - 0004348,2015-10-19,110,Wholesale,USD,AXW291,24,14,12,2693.4,32320.8,1131.23
SO - 0004349,2015-10-19,168,Wholesale,USD,NXH382,57,2,6,1025.1,6150.6,686.82
SO - 0004350,2015-10-19,65,Distributor,USD,AXW291,3,20,6,1125.6,6753.6,607.82
SO - 0004351,2015-10-19,151,Wholesale,USD,GUT930,43,3,11,6304.7,69351.7,4413.29
SO - 0004352,2015-10-19,68,Distributor,USD,NXH382,54,1,6,2298.1,13788.6,1654.63
SO - 0004353,2015-10-20,47,Distributor,USD,AXW291,6,28,11,3979.8,43777.8,1830.71
SO - 0004354,2015-10-20,168,Wholesale,USD,NXH382,56,26,9,2592.9,23336.1,1477.95
SO - 0004355,2015-10-20,142,Distributor,USD,AXW291,2,25,12,670,8040,408.7
SO - 0004356,2015-10-20,114,Distributor,USD,GUT930,38,4,5,3470.6,17353,2151.77
SO - 0004357,2015-10-20,71,Wholesale,USD,AXW291,19,23,11,1152.4,12676.4,737.54
SO - 0004358,2015-10-20,2,Distributor,USD,AXW291,5,15,5,830.8,4154,407.09
SO - 0004359,2015-10-20,88,Wholesale,USD,AXW291,12,18,5,1112.2,5561,611.71
SO - 0004360,2015-10-20,53,Wholesale,USD,FLR025,60,9,5,1085.4,5427,510.14
SO - 0004361,2015-10-20,93,Distributor,USD,AXW291,15,15,11,2519.2,27711.2,1964.98
SO - 0004362,2015-10-20,109,Distributor,USD,GUT930,46,15,12,1112.2,13346.4,734.05
SO - 0004363,2015-10-21,168,Wholesale,USD,AXW291,16,15,5,1179.2,5896,801.86
SO - 0004364,2015-10-21,57,Wholesale,USD,AXW291,10,26,5,1876,9380,1050.56
SO - 0004365,2015-10-21,91,Distributor,USD,AXW291,31,28,12,2391.9,28702.8,1459.06
SO - 0004366,2015-10-21,129,Distributor,USD,AXW291,24,23,10,1929.6,19296,1041.98
SO - 0004367,2015-10-21,114,Distributor,USD,AXW291,24,17,8,1139,9112,831.47
SO - 0004368,2015-10-21,66,Distributor,USD,NXH382,48,25,8,3839.1,30712.8,1996.33
SO - 0004369,2015-10-21,38,Export,USD,AXW291,19,13,12,2599.6,31195.2,1143.82
SO - 0004370,2015-10-21,63,Wholesale,USD,GUT930,36,21,8,3859.2,30873.6,2354.11
SO - 0004371,2015-10-22,156,Distributor,USD,AXW291,13,14,10,234.5,2345,126.63
SO - 0004372,2015-10-22,106,Export,USD,AXW291,28,1,10,944.7,9447,670.74
SO - 0004373,2015-10-22,171,Distributor,USD,NXH382,59,9,5,3839.1,19195.5,2917.72
SO - 0004374,2015-10-22,175,Wholesale,USD,NXH382,59,6,5,1098.8,5494,933.98
SO - 0004375,2015-10-22,78,Distributor,USD,NXH382,53,1,8,1768.8,14150.4,990.53
SO - 0004376,2015-10-22,130,Export,USD,NXH382,58,1,12,3993.2,47918.4,1717.08
SO - 0004377,2015-10-23,72,Wholesale,USD,FLR025,60,13,10,241.2,2412,132.66
SO - 0004378,2015-10-23,68,Export,USD,FLR025,62,3,12,3926.2,47114.4,2394.98
SO - 0004379,2015-10-23,79,Wholesale,USD,GUT930,46,11,7,3350,23450,2579.5
SO - 0004380,2015-10-23,76,Wholesale,USD,AXW291,26,25,6,1835.8,11014.8,844.47
SO - 0004381,2015-10-23,72,Export,USD,FLR025,66,6,11,1118.9,12307.9,928.69
SO - 0004382,2015-10-23,72,Wholesale,USD,FLR025,61,28,12,1051.9,12622.8,568.03
SO - 0004383,2015-10-23,100,Wholesale,USD,AXW291,10,17,9,3577.8,32200.2,2003.57
SO - 0004384,2015-10-23,141,Distributor,USD,FLR025,62,22,6,3953,23718,2450.86
SO - 0004385,2015-10-24,72,Wholesale,USD,NXH382,59,25,12,2633.1,31597.2,1263.89
SO - 0004386,2015-10-24,57,Distributor,USD,AXW291,1,19,9,1045.2,9406.8,418.08
SO - 0004387,2015-10-24,57,Wholesale,USD,NXH382,55,20,5,3792.2,18961,2123.63
SO - 0004388,2015-10-24,51,Wholesale,USD,AXW291,22,3,12,2653.2,31838.4,1751.11
SO - 0004389,2015-10-24,159,Wholesale,USD,GUT930,38,25,7,1005,7035,402
SO - 0004390,2015-10-24,36,Export,USD,GUT930,39,16,6,5929.5,35577,4209.95
SO - 0004391,2015-10-25,141,Distributor,USD,GUT930,38,25,7,3484,24388,1637.48
SO - 0004392,2015-10-25,127,Wholesale,USD,FLR025,61,15,12,1855.9,22270.8,1484.72
SO - 0004393,2015-10-25,39,Export,USD,GUT930,45,15,6,5567.7,33406.2,2728.17
SO - 0004394,2015-10-25,115,Distributor,USD,FLR025,65,8,12,998.3,11979.6,399.32
SO - 0004395,2015-10-25,90,Distributor,USD,GUT930,32,13,12,2626.4,31516.8,1785.95
SO - 0004396,2015-10-25,116,Wholesale,USD,AXW291,11,25,6,1112.2,6673.2,656.2
SO - 0004397,2015-10-25,90,Distributor,USD,AXW291,19,25,10,227.8,2278,97.95
SO - 0004398,2015-10-25,134,Distributor,USD,AXW291,21,23,10,3959.7,39597,1940.25
SO - 0004399,2015-10-25,91,Distributor,USD,AXW291,16,1,11,6097,67067,4816.63
SO - 0004400,2015-10-25,165,Wholesale,USD,NXH382,53,2,7,2552.7,17868.9,1506.09
SO - 0004401,2015-10-25,9,Wholesale,USD,NXH382,54,15,9,1025.1,9225.9,512.55
SO - 0004402,2015-10-25,49,Wholesale,USD,GUT930,44,5,9,2425.4,21828.6,1455.24
SO - 0004403,2015-10-26,148,Wholesale,USD,NXH382,49,4,9,3892.7,35034.3,1985.28
SO - 0004404,2015-10-26,95,Wholesale,USD,AXW291,2,6,6,3906.1,23436.6,2031.17
SO - 0004405,2015-10-26,125,Wholesale,USD,AXW291,15,20,5,1038.5,5192.5,820.42
SO - 0004406,2015-10-26,19,Wholesale,USD,AXW291,26,26,8,2398.6,19188.8,1295.24
SO - 0004407,2015-10-27,23,Wholesale,USD,NXH382,56,15,8,1882.7,15061.6,1374.37
SO - 0004408,2015-10-27,113,Distributor,USD,AXW291,3,3,7,1145.7,8019.9,836.36
SO - 0004409,2015-10-27,139,Distributor,USD,GUT930,34,18,10,3698.4,36984,3069.67
SO - 0004410,2015-10-27,171,Wholesale,USD,NXH382,59,18,9,2237.8,20140.2,1678.35
SO - 0004411,2015-10-27,86,Wholesale,USD,GUT930,34,1,6,194.3,1165.8,102.98
SO - 0004412,2015-10-27,168,Distributor,USD,NXH382,51,26,9,1065.3,9587.7,607.22
SO - 0004413,2015-10-27,168,Wholesale,USD,AXW291,24,24,5,670,3350,301.5
SO - 0004414,2015-10-27,71,Distributor,USD,AXW291,27,19,6,958.1,5748.6,450.31
SO - 0004415,2015-10-27,116,Distributor,USD,AXW291,6,3,8,1078.7,8629.6,819.81
SO - 0004416,2015-10-27,53,Wholesale,USD,FLR025,65,14,6,187.6,1125.6,103.18
SO - 0004417,2015-10-27,99,Wholesale,USD,AXW291,8,26,12,3772.1,45265.2,2112.38
SO - 0004418,2015-10-27,159,Distributor,USD,AXW291,10,2,5,743.7,3718.5,468.53
SO - 0004419,2015-10-27,74,Distributor,USD,FLR025,62,26,5,3979.8,19899,3104.24
SO - 0004420,2015-10-28,77,Wholesale,USD,AXW291,30,15,8,3966.4,31731.2,1824.54
SO - 0004421,2015-10-28,26,Distributor,USD,AXW291,3,25,7,227.8,1594.6,113.9
SO - 0004422,2015-10-28,79,Distributor,USD,NXH382,52,3,12,5822.3,69867.6,2736.48
SO - 0004423,2015-10-28,35,Distributor,USD,AXW291,13,25,6,1192.6,7155.6,596.3
SO - 0004424,2015-10-28,25,Wholesale,USD,GUT930,33,17,8,1762.1,14096.8,775.32
SO - 0004425,2015-10-28,32,Distributor,USD,GUT930,43,26,5,904.5,4522.5,470.34
SO - 0004426,2015-10-28,25,Wholesale,USD,FLR025,63,26,10,234.5,2345,159.46
SO - 0004427,2015-10-29,170,Wholesale,USD,FLR025,61,26,10,2974.8,29748,1665.89
SO - 0004428,2015-10-29,94,Wholesale,USD,NXH382,52,4,9,1051.9,9467.1,694.25
SO - 0004429,2015-10-29,22,Distributor,USD,GUT930,35,14,6,837.5,5025,569.5
SO - 0004430,2015-10-29,35,Distributor,USD,AXW291,18,17,10,5071.9,50719,3246.02
SO - 0004431,2015-10-29,72,Distributor,USD,AXW291,26,5,8,6445.4,51563.2,5414.14
SO - 0004432,2015-10-29,116,Distributor,USD,AXW291,23,15,8,850.9,6807.2,646.68
SO - 0004433,2015-10-29,115,Distributor,USD,AXW291,14,17,8,690.1,5520.8,552.08
SO - 0004434,2015-10-29,23,Wholesale,USD,AXW291,27,2,5,167.5,837.5,77.05
SO - 0004435,2015-10-29,49,Distributor,USD,GUT930,44,1,11,1098.8,12086.8,571.38
SO - 0004436,2015-10-29,55,Wholesale,USD,NXH382,51,6,10,2532.6,25326,1950.1
SO - 0004437,2015-10-30,36,Wholesale,USD,AXW291,29,1,6,1085.4,6512.4,586.12
SO - 0004438,2015-10-30,39,Wholesale,USD,AXW291,31,2,8,951.4,7611.2,704.04
SO - 0004439,2015-10-30,8,Wholesale,USD,AXW291,30,26,11,2586.2,28448.2,1163.79
SO - 0004440,2015-10-30,21,Distributor,USD,NXH382,52,24,12,1708.5,20502,1161.78
SO - 0004441,2015-10-31,124,Wholesale,USD,GUT930,39,17,6,1078.7,6472.2,506.99
SO - 0004442,2015-10-31,37,Distributor,USD,GUT930,45,6,7,1132.3,7926.1,758.64
SO - 0004443,2015-10-31,143,Export,USD,AXW291,8,21,6,1983.2,11899.2,1269.25
SO - 0004444,2015-10-31,150,Wholesale,USD,AXW291,2,5,5,1051.9,5259.5,746.85
SO - 0004445,2015-10-31,112,Distributor,USD,AXW291,22,16,6,3979.8,23878.8,2268.49
SO - 0004446,2015-10-31,45,Wholesale,USD,AXW291,18,18,12,1708.5,20502,683.4
SO - 0004447,2015-10-31,75,Wholesale,USD,AXW291,8,30,12,1005,12060,623.1
SO - 0004448,2015-10-31,7,Wholesale,USD,AXW291,1,9,11,3845.8,42303.8,2615.14
SO - 0004449,2015-11-01,46,Wholesale,USD,GUT930,45,19,10,1125.6,11256,664.1
SO - 0004450,2015-11-01,22,Wholesale,USD,GUT930,37,15,10,1025.1,10251,666.32
SO - 0004451,2015-11-01,155,Wholesale,USD,GUT930,32,2,12,6559.3,78711.6,5444.22
SO - 0004452,2015-11-01,132,Distributor,USD,AXW291,29,1,8,2318.2,18545.6,1043.19
SO - 0004453,2015-11-01,25,Wholesale,USD,AXW291,7,20,5,1058.6,5293,656.33
SO - 0004454,2015-11-02,116,Distributor,USD,AXW291,28,1,8,1762.1,14096.8,1356.82
SO - 0004455,2015-11-02,168,Wholesale,USD,GUT930,46,26,5,1051.9,5259.5,452.32
SO - 0004456,2015-11-02,125,Wholesale,USD,GUT930,45,25,12,2572.8,30873.6,1312.13
SO - 0004457,2015-11-02,164,Distributor,USD,AXW291,3,8,6,1835.8,11014.8,1413.57
SO - 0004458,2015-11-02,85,Export,USD,NXH382,58,26,11,1078.7,11865.7,453.05
SO - 0004459,2015-11-02,20,Wholesale,USD,NXH382,49,20,9,3919.5,35275.5,3018.02
SO - 0004460,2015-11-02,108,Wholesale,USD,GUT930,37,20,12,5688.3,68259.6,4152.46
SO - 0004461,2015-11-02,67,Wholesale,USD,GUT930,39,26,11,2438.8,26826.8,1414.5
SO - 0004462,2015-11-02,165,Distributor,USD,FLR025,66,4,11,837.5,9212.5,502.5
SO - 0004463,2015-11-02,109,Distributor,USD,AXW291,31,13,5,6438.7,32193.5,4378.32
SO - 0004464,2015-11-03,123,Wholesale,USD,AXW291,25,3,7,1795.6,12569.2,1400.57
SO - 0004465,2015-11-03,100,Distributor,USD,AXW291,26,5,8,1038.5,8308,799.65
SO - 0004466,2015-11-03,55,Wholesale,USD,AXW291,3,23,8,174.2,1393.6,85.36
SO - 0004467,2015-11-03,168,Wholesale,USD,AXW291,9,25,8,5185.8,41486.4,3111.48
SO - 0004468,2015-11-03,101,Distributor,USD,AXW291,10,20,5,1045.2,5226,512.15
SO - 0004469,2015-11-03,83,Wholesale,USD,FLR025,64,8,10,3872.6,38726,2284.83
SO - 0004470,2015-11-03,44,Wholesale,USD,NXH382,58,15,6,1922.9,11537.4,1115.28
SO - 0004471,2015-11-03,82,Wholesale,USD,AXW291,17,14,12,2237.8,26853.6,939.88
SO - 0004472,2015-11-03,56,Wholesale,USD,AXW291,11,1,7,1038.5,7269.5,477.71
SO - 0004473,2015-11-04,121,Export,USD,AXW291,3,25,10,234.5,2345,171.19
SO - 0004474,2015-11-04,89,Wholesale,USD,GUT930,38,13,11,1125.6,12381.6,742.9
SO - 0004475,2015-11-04,38,Wholesale,USD,GUT930,45,3,6,1105.5,6633,696.47
SO - 0004476,2015-11-04,137,Wholesale,USD,GUT930,46,15,9,2425.4,21828.6,2013.08
SO - 0004477,2015-11-05,84,Wholesale,USD,AXW291,22,21,8,2338.3,18706.4,1987.56
SO - 0004478,2015-11-05,153,Wholesale,USD,AXW291,20,25,8,750.4,6003.2,637.84
SO - 0004479,2015-11-05,26,Wholesale,USD,NXH382,59,15,8,3765.4,30123.2,3162.94
SO - 0004480,2015-11-05,29,Wholesale,USD,AXW291,3,15,7,3946.3,27624.1,2920.26
SO - 0004481,2015-11-05,5,Wholesale,USD,AXW291,31,20,11,871,9581,409.37
SO - 0004482,2015-11-05,66,Wholesale,USD,GUT930,34,14,5,743.7,3718.5,572.65
SO - 0004483,2015-11-05,85,Distributor,USD,GUT930,43,4,12,1936.3,23235.6,1374.77
SO - 0004484,2015-11-05,154,Distributor,USD,NXH382,56,8,11,2572.8,28300.8,1517.95
SO - 0004485,2015-11-05,164,Distributor,USD,AXW291,12,17,5,850.9,4254.5,357.38
SO - 0004486,2015-11-05,129,Distributor,USD,AXW291,21,8,11,2519.2,27711.2,1889.4
SO - 0004487,2015-11-05,64,Wholesale,USD,NXH382,48,7,9,1045.2,9406.8,522.6
SO - 0004488,2015-11-06,103,Distributor,USD,GUT930,33,5,10,5674.9,56749,4142.68
SO - 0004489,2015-11-06,4,Wholesale,USD,NXH382,52,4,8,2405.3,19242.4,1635.6
SO - 0004490,2015-11-06,16,Distributor,USD,AXW291,3,15,5,3095.4,15477,2631.09
SO - 0004491,2015-11-06,126,Distributor,USD,AXW291,5,20,9,1065.3,9587.7,458.08
SO - 0004492,2015-11-06,97,Wholesale,USD,FLR025,66,29,7,2907.8,20354.6,2239.01
SO - 0004493,2015-11-06,56,Wholesale,USD,NXH382,58,7,10,1045.2,10452,742.09
SO - 0004494,2015-11-06,159,Wholesale,USD,AXW291,19,14,6,2619.7,15718.2,1100.27
SO - 0004495,2015-11-07,74,Export,USD,AXW291,8,25,12,1299.8,15597.6,714.89
SO - 0004496,2015-11-07,37,Distributor,USD,FLR025,61,4,7,254.6,1782.2,208.77
SO - 0004497,2015-11-07,57,Distributor,USD,AXW291,18,25,7,884.4,6190.8,689.83
SO - 0004498,2015-11-07,41,Wholesale,USD,NXH382,58,16,8,268,2144,144.72
SO - 0004499,2015-11-07,119,Export,USD,AXW291,19,11,9,234.5,2110.5,175.88
SO - 0004500,2015-11-07,173,Export,USD,NXH382,48,4,7,1018.4,7128.8,580.49
SO - 0004501,2015-11-07,96,Distributor,USD,AXW291,13,16,5,3329.9,16649.5,2097.84
SO - 0004502,2015-11-07,18,Wholesale,USD,AXW291,28,8,11,3986.5,43851.5,2391.9
SO - 0004503,2015-11-08,119,Distributor,USD,FLR025,62,14,8,2519.2,20153.6,1058.06
SO - 0004504,2015-11-08,72,Wholesale,USD,AXW291,13,4,11,5768.7,63455.7,4095.78
SO - 0004505,2015-11-08,46,Distributor,USD,NXH382,52,25,7,3865.9,27061.3,2319.54
SO - 0004506,2015-11-08,48,Wholesale,USD,NXH382,56,13,10,3872.6,38726,2207.38
SO - 0004507,2015-11-08,82,Wholesale,USD,AXW291,23,3,8,3852.5,30820,2041.83
SO - 0004508,2015-11-08,69,Distributor,USD,AXW291,19,14,5,6545.9,32729.5,2749.28
SO - 0004509,2015-11-08,90,Wholesale,USD,NXH382,51,6,6,3510.8,21064.8,1790.51
SO - 0004510,2015-11-08,29,Wholesale,USD,AXW291,19,3,10,2512.5,25125,1331.63
SO - 0004511,2015-11-09,17,Distributor,USD,AXW291,5,28,10,1239.5,12395,942.02
SO - 0004512,2015-11-09,148,Wholesale,USD,AXW291,8,5,5,2010,10050,944.7
SO - 0004513,2015-11-09,70,Wholesale,USD,AXW291,26,15,7,201,1407,114.57
SO - 0004514,2015-11-09,12,Wholesale,USD,AXW291,20,6,11,2539.3,27932.3,2082.23
SO - 0004515,2015-11-09,3,Export,USD,GUT930,38,25,11,201,2211,88.44
SO - 0004516,2015-11-09,85,Wholesale,USD,AXW291,14,27,8,3926.2,31409.6,3219.48
SO - 0004517,2015-11-10,97,Distributor,USD,GUT930,44,15,7,2385.2,16696.4,1168.75
SO - 0004518,2015-11-10,103,Distributor,USD,AXW291,14,24,6,2793.9,16763.4,1369.01
SO - 0004519,2015-11-10,123,Wholesale,USD,FLR025,63,7,6,254.6,1527.6,124.75
SO - 0004520,2015-11-10,162,Distributor,USD,FLR025,66,1,7,3892.7,27248.9,3230.94
SO - 0004521,2015-11-11,170,Distributor,USD,NXH382,51,3,8,3872.6,30980.8,2323.56
SO - 0004522,2015-11-11,63,Wholesale,USD,NXH382,49,7,12,1051.9,12622.8,452.32
SO - 0004523,2015-11-11,100,Distributor,USD,AXW291,7,17,10,227.8,2278,104.79
SO - 0004524,2015-11-12,1,Distributor,USD,GUT930,42,23,10,3879.3,38793,2793.1
SO - 0004525,2015-11-12,168,Distributor,USD,NXH382,54,15,5,1105.5,5527.5,818.07
SO - 0004526,2015-11-12,175,Export,USD,FLR025,60,5,5,3993.2,19966,2635.51
SO - 0004527,2015-11-12,17,Wholesale,USD,FLR025,66,25,11,187.6,2063.6,129.44
SO - 0004528,2015-11-12,60,Wholesale,USD,AXW291,2,25,11,6358.3,69941.3,3942.15
SO - 0004529,2015-11-12,77,Distributor,USD,NXH382,48,29,11,4006.6,44072.6,2844.69
SO - 0004530,2015-11-12,52,Wholesale,USD,AXW291,12,28,10,4006.6,40066,1762.9
SO - 0004531,2015-11-12,38,Distributor,USD,AXW291,19,12,6,3932.9,23597.4,2084.44
SO - 0004532,2015-11-12,35,Distributor,USD,FLR025,66,14,6,6043.4,36260.4,2961.27
SO - 0004533,2015-11-12,82,Wholesale,USD,GUT930,35,26,8,1112.2,8897.6,856.39
SO - 0004534,2015-11-13,119,Wholesale,USD,NXH382,58,4,10,1969.8,19698,827.32
SO - 0004535,2015-11-13,168,Wholesale,USD,AXW291,9,6,12,2606.3,31275.6,1798.35
SO - 0004536,2015-11-13,94,Wholesale,USD,NXH382,60,6,10,268,2680,187.6
SO - 0004537,2015-11-13,169,Wholesale,USD,NXH382,48,2,9,1902.8,17125.2,818.2
SO - 0004538,2015-11-13,159,Wholesale,USD,NXH382,51,22,9,2559.4,23034.6,1791.58
SO - 0004539,2015-11-13,63,Export,USD,AXW291,18,13,10,3879.3,38793,3103.44
SO - 0004540,2015-11-14,61,Distributor,USD,AXW291,24,21,7,3859.2,27014.4,3241.73
SO - 0004541,2015-11-14,136,Wholesale,USD,AXW291,3,4,10,1782.2,17822,1069.32
SO - 0004542,2015-11-14,6,Wholesale,USD,FLR025,66,13,5,268,1340,112.56
SO - 0004543,2015-11-14,99,Wholesale,USD,AXW291,21,18,12,6184.1,74209.2,3772.3
SO - 0004544,2015-11-14,40,Export,USD,AXW291,17,15,9,2412,21708,1206
SO - 0004545,2015-11-14,158,Wholesale,USD,AXW291,25,20,12,891.1,10693.2,695.06
SO - 0004546,2015-11-14,106,Distributor,USD,AXW291,13,12,10,2586.2,25862,1655.17
SO - 0004547,2015-11-14,44,Wholesale,USD,AXW291,29,26,10,1139,11390,569.5
SO - 0004548,2015-11-14,39,Export,USD,AXW291,3,20,6,6277.9,37667.4,4143.41
SO - 0004549,2015-11-14,6,Export,USD,FLR025,64,14,8,4013.3,32106.4,2046.78
SO - 0004550,2015-11-15,20,Wholesale,USD,FLR025,61,11,10,5045.1,50451,2573
SO - 0004551,2015-11-15,43,Wholesale,USD,AXW291,3,4,9,1775.5,15979.5,1154.08
SO - 0004552,2015-11-15,155,Wholesale,USD,AXW291,12,14,6,1742,10452,923.26
SO - 0004553,2015-11-15,54,Wholesale,USD,NXH382,60,20,6,194.3,1165.8,83.55
SO - 0004554,2015-11-15,124,Wholesale,USD,AXW291,15,15,6,1728.6,10371.6,1452.02
SO - 0004555,2015-11-15,78,Distributor,USD,FLR025,64,5,12,167.5,2010,68.68
SO - 0004556,2015-11-15,109,Distributor,USD,AXW291,1,17,10,1876,18760,1013.04
SO - 0004557,2015-11-15,60,Distributor,USD,NXH382,52,20,8,6324.8,50598.4,5059.84
SO - 0004558,2015-11-15,22,Wholesale,USD,GUT930,43,15,8,3872.6,30980.8,1742.67
SO - 0004559,2015-11-15,162,Wholesale,USD,NXH382,51,21,5,850.9,4254.5,365.89
SO - 0004560,2015-11-15,46,Wholesale,USD,NXH382,47,3,6,2479,14874,2032.78
SO - 0004561,2015-11-15,81,Distributor,USD,GUT930,46,6,11,5313.1,58444.1,2550.29
SO - 0004562,2015-11-15,160,Export,USD,AXW291,16,12,11,2606.3,28669.3,1277.09
SO - 0004563,2015-11-16,60,Distributor,USD,AXW291,19,19,7,5339.9,37379.3,2189.36
SO - 0004564,2015-11-16,153,Wholesale,USD,GUT930,34,2,11,1983.2,21815.2,1348.58
SO - 0004565,2015-11-16,45,Distributor,USD,AXW291,26,6,6,1715.2,10291.2,1183.49
SO - 0004566,2015-11-16,155,Export,USD,AXW291,2,4,10,3839.1,38391,2149.9
SO - 0004567,2015-11-16,104,Export,USD,GUT930,34,2,11,3993.2,43925.2,2276.12
SO - 0004568,2015-11-16,151,Distributor,USD,AXW291,22,15,9,1172.5,10552.5,738.68
SO - 0004569,2015-11-16,57,Wholesale,USD,NXH382,51,5,7,2767.1,19369.7,1632.59
SO - 0004570,2015-11-16,143,Wholesale,USD,GUT930,43,25,5,871,4355,374.53
SO - 0004571,2015-11-16,117,Distributor,USD,GUT930,40,25,6,2412,14472,1326.6
SO - 0004572,2015-11-16,52,Wholesale,USD,AXW291,29,26,8,2385.2,19081.6,1526.53
SO - 0004573,2015-11-16,50,Distributor,USD,GUT930,38,16,6,2391.9,14351.4,1889.6
SO - 0004574,2015-11-17,68,Distributor,USD,AXW291,14,19,10,2324.9,23249,1371.69
SO - 0004575,2015-11-17,145,Export,USD,AXW291,19,24,5,3691.7,18458.5,2399.61
SO - 0004576,2015-11-17,82,Export,USD,GUT930,33,19,7,904.5,6331.5,506.52
SO - 0004577,2015-11-17,12,Wholesale,USD,AXW291,20,20,7,1715.2,12006.4,943.36
SO - 0004578,2015-11-17,70,Export,USD,GUT930,32,3,7,938,6566,515.9
SO - 0004579,2015-11-17,170,Export,USD,AXW291,25,3,10,4006.6,40066,1762.9
SO - 0004580,2015-11-17,130,Export,USD,NXH382,58,4,5,1232.8,6164,628.73
SO - 0004581,2015-11-17,69,Distributor,USD,GUT930,32,15,8,3892.7,31141.6,2296.69
SO - 0004582,2015-11-17,41,Distributor,USD,AXW291,13,26,9,2485.7,22371.3,1093.71
SO - 0004583,2015-11-17,50,Export,USD,GUT930,41,6,6,1742,10452,1341.34
SO - 0004584,2015-11-17,109,Wholesale,USD,AXW291,7,16,10,187.6,1876,91.92
SO - 0004585,2015-11-17,100,Wholesale,USD,AXW291,6,10,6,3966.4,23798.4,2141.86
SO - 0004586,2015-11-18,94,Wholesale,USD,NXH382,54,22,8,1072,8576,578.88
SO - 0004587,2015-11-18,23,Wholesale,USD,NXH382,54,11,8,877.7,7021.6,675.83
SO - 0004588,2015-11-18,13,Wholesale,USD,GUT930,44,5,8,5701.7,45613.6,3763.12
SO - 0004589,2015-11-18,86,Export,USD,AXW291,14,25,12,1708.5,20502,973.85
SO - 0004590,2015-11-18,32,Distributor,USD,AXW291,20,4,10,871,8710,688.09
SO - 0004591,2015-11-18,34,Distributor,USD,AXW291,6,20,7,6030,42210,2894.4
SO - 0004592,2015-11-18,21,Wholesale,USD,AXW291,1,12,12,5406.9,64882.8,3676.69
SO - 0004593,2015-11-18,160,Wholesale,USD,AXW291,4,3,5,783.9,3919.5,352.76
SO - 0004594,2015-11-18,85,Wholesale,USD,AXW291,21,3,9,268,2412,147.4
SO - 0004595,2015-11-18,150,Distributor,USD,AXW291,30,1,5,1936.3,9681.5,793.88
SO - 0004596,2015-11-19,116,Distributor,USD,NXH382,54,25,5,1078.7,5393.5,690.37
SO - 0004597,2015-11-19,166,Wholesale,USD,AXW291,12,21,9,3785.5,34069.5,1968.46
SO - 0004598,2015-11-19,112,Wholesale,USD,GUT930,43,3,6,2599.6,15597.6,1637.75
SO - 0004599,2015-11-19,150,Distributor,USD,NXH382,48,5,10,2003.3,20033,1522.51
SO - 0004600,2015-11-19,96,Wholesale,USD,GUT930,34,1,10,3979.8,39798,2666.47
SO - 0004601,2015-11-19,152,Wholesale,USD,NXH382,55,24,8,1125.6,9004.8,574.06
SO - 0004602,2015-11-19,72,Wholesale,USD,NXH382,50,26,5,2726.9,13634.5,1417.99
SO - 0004603,2015-11-19,31,Wholesale,USD,GUT930,34,3,11,1943,21373,1379.53
SO - 0004604,2015-11-20,158,Wholesale,USD,AXW291,3,18,5,1078.7,5393.5,776.66
SO - 0004605,2015-11-20,15,Distributor,USD,NXH382,49,14,5,5252.8,26264,3887.07
SO - 0004606,2015-11-20,23,Export,USD,NXH382,48,21,9,6304.7,56742.3,4161.1
SO - 0004607,2015-11-20,30,Distributor,USD,GUT930,41,19,7,2331.6,16321.2,1492.22
SO - 0004608,2015-11-20,128,Distributor,USD,NXH382,57,24,9,1085.4,9768.6,922.59
SO - 0004609,2015-11-20,76,Distributor,USD,AXW291,6,2,7,3095.4,21667.8,2104.87
SO - 0004610,2015-11-20,149,Export,USD,AXW291,29,1,7,3852.5,26967.5,3197.58
SO - 0004611,2015-11-20,169,Distributor,USD,GUT930,36,11,10,1058.6,10586,772.78
SO - 0004612,2015-11-20,124,Wholesale,USD,AXW291,17,1,12,2619.7,31436.4,2069.56
SO - 0004613,2015-11-20,119,Export,USD,GUT930,42,18,10,3973.1,39731,1668.7
SO - 0004614,2015-11-20,147,Wholesale,USD,NXH382,56,14,12,187.6,2251.2,150.08
SO - 0004615,2015-11-20,17,Distributor,USD,AXW291,25,25,8,3731.9,29855.2,2351.1
SO - 0004616,2015-11-21,50,Distributor,USD,NXH382,52,15,6,1092.1,6552.6,469.6
SO - 0004617,2015-11-21,50,Wholesale,USD,AXW291,15,18,9,3986.5,35878.5,3308.8
SO - 0004618,2015-11-21,44,Wholesale,USD,NXH382,50,5,8,6331.5,50652,4748.63
SO - 0004619,2015-11-21,71,Wholesale,USD,NXH382,55,23,5,5145.6,25728,3190.27
SO - 0004620,2015-11-21,175,Export,USD,AXW291,7,6,11,3839.1,42230.1,2188.29
SO - 0004621,2015-11-21,78,Distributor,USD,GUT930,32,26,12,2532.6,30391.2,1595.54
SO - 0004622,2015-11-21,15,Wholesale,USD,GUT930,41,3,11,2318.2,25500.2,1947.29
SO - 0004623,2015-11-21,31,Distributor,USD,GUT930,40,2,5,924.6,4623,564.01
SO - 0004624,2015-11-22,13,Wholesale,USD,FLR025,63,17,8,1721.9,13775.2,688.76
SO - 0004625,2015-11-22,57,Distributor,USD,NXH382,50,4,7,180.9,1266.3,90.45
SO - 0004626,2015-11-22,74,Wholesale,USD,NXH382,47,22,8,1011.7,8093.6,455.27
SO - 0004627,2015-11-22,91,Wholesale,USD,FLR025,61,6,8,1005,8040,542.7
SO - 0004628,2015-11-23,39,Wholesale,USD,AXW291,27,4,10,1192.6,11926,918.3
SO - 0004629,2015-11-23,101,Wholesale,USD,AXW291,20,8,11,810.7,8917.7,680.99
SO - 0004630,2015-11-23,146,Distributor,USD,GUT930,34,27,7,5386.8,37707.6,3878.5
SO - 0004631,2015-11-23,6,Export,USD,AXW291,28,29,5,1815.7,9078.5,1034.95
SO - 0004632,2015-11-23,129,Wholesale,USD,AXW291,31,29,10,1051.9,10519,578.55
SO - 0004633,2015-11-23,24,Wholesale,USD,NXH382,52,4,9,1092.1,9828.9,611.58
SO - 0004634,2015-11-23,17,Distributor,USD,AXW291,24,18,12,1936.3,23235.6,1568.4
SO - 0004635,2015-11-23,116,Wholesale,USD,AXW291,10,2,11,3437.1,37808.1,2887.16
SO - 0004636,2015-11-23,144,Wholesale,USD,GUT930,47,18,7,3182.5,22277.5,1782.2
SO - 0004637,2015-11-24,36,Export,USD,FLR025,65,25,8,3792.2,30337.6,2237.4
SO - 0004638,2015-11-24,30,Distributor,USD,AXW291,21,15,12,1132.3,13587.6,792.61
SO - 0004639,2015-11-24,152,Export,USD,FLR025,65,17,8,904.5,7236,768.83
SO - 0004640,2015-11-24,30,Wholesale,USD,AXW291,26,26,10,3986.5,39865,2511.5
SO - 0004641,2015-11-24,92,Wholesale,USD,GUT930,43,13,10,1051.9,10519,662.7
SO - 0004642,2015-11-24,66,Distributor,USD,AXW291,22,13,7,964.8,6753.6,405.22
SO - 0004643,2015-11-24,1,Wholesale,USD,AXW291,7,6,11,1098.8,12086.8,516.44
SO - 0004644,2015-11-24,136,Wholesale,USD,NXH382,47,26,11,2586.2,28448.2,1370.69
SO - 0004645,2015-11-24,159,Wholesale,USD,NXH382,55,26,8,5634.7,45077.6,3268.13
SO - 0004646,2015-11-25,148,Wholesale,USD,GUT930,42,25,5,3859.2,19296,2855.81
SO - 0004647,2015-11-25,168,Wholesale,USD,FLR025,62,2,5,207.7,1038.5,95.54
SO - 0004648,2015-11-25,7,Wholesale,USD,AXW291,18,15,5,1139,5695,615.06
SO - 0004649,2015-11-25,173,Distributor,USD,AXW291,16,2,11,3986.5,43851.5,2910.15
SO - 0004650,2015-11-25,45,Wholesale,USD,AXW291,23,14,11,944.7,10391.7,377.88
SO - 0004651,2015-11-25,9,Wholesale,USD,AXW291,9,5,12,884.4,10612.8,389.14
SO - 0004652,2015-11-25,13,Wholesale,USD,NXH382,58,13,10,1118.9,11189,760.85
SO - 0004653,2015-11-25,41,Wholesale,USD,AXW291,2,1,9,1232.8,11095.2,788.99
SO - 0004654,2015-11-25,130,Wholesale,USD,AXW291,28,5,12,194.3,2331.6,128.24
SO - 0004655,2015-11-25,28,Distributor,USD,FLR025,64,3,11,1025.1,11276.1,625.31
SO - 0004656,2015-11-25,49,Wholesale,USD,GUT930,38,1,6,3919.5,23517,2430.09
SO - 0004657,2015-11-25,40,Export,USD,GUT930,43,26,7,1782.2,12475.4,962.39
SO - 0004658,2015-11-25,23,Wholesale,USD,GUT930,47,15,7,2278,15946,1116.22
SO - 0004659,2015-11-26,23,Wholesale,USD,NXH382,58,2,8,2532.6,20260.8,2076.73
SO - 0004660,2015-11-26,37,Distributor,USD,NXH382,56,28,9,3999.9,35999.1,2319.94
SO - 0004661,2015-11-26,30,Distributor,USD,AXW291,10,1,6,1829.1,10974.6,749.93
SO - 0004662,2015-11-26,66,Wholesale,USD,AXW291,28,17,6,5949.6,35697.6,2498.83
SO - 0004663,2015-11-26,71,Wholesale,USD,AXW291,18,18,8,1065.3,8522.4,777.67
SO - 0004664,2015-11-26,104,Wholesale,USD,AXW291,15,16,10,1105.5,11055,519.59
SO - 0004665,2015-11-26,115,Distributor,USD,GUT930,38,2,9,2680,24120,1688.4
SO - 0004666,2015-11-27,49,Distributor,USD,NXH382,50,6,9,777.2,6994.8,536.27
SO - 0004667,2015-11-27,159,Distributor,USD,GUT930,45,14,12,3865.9,46390.8,1855.63
SO - 0004668,2015-11-27,124,Export,USD,FLR025,64,15,5,2003.3,10016.5,1161.91
SO - 0004669,2015-11-27,117,Distributor,USD,GUT930,45,21,10,6210.9,62109,2857.01
SO - 0004670,2015-11-27,73,Distributor,USD,NXH382,50,26,12,2579.5,30954,2037.81
SO - 0004671,2015-11-27,36,Wholesale,USD,AXW291,2,26,11,201,2211,118.59
SO - 0004672,2015-11-27,164,Distributor,USD,AXW291,8,13,6,1721.9,10331.4,929.83
SO - 0004673,2015-11-27,154,Wholesale,USD,NXH382,58,3,7,5232.7,36628.9,3924.53
SO - 0004674,2015-11-27,64,Distributor,USD,GUT930,32,22,5,5413.6,27068,2869.21
SO - 0004675,2015-11-28,153,Wholesale,USD,AXW291,15,22,6,1011.7,6070.2,607.02
SO - 0004676,2015-11-28,105,Export,USD,NXH382,51,14,8,4006.6,32052.8,2524.16
SO - 0004677,2015-11-28,22,Wholesale,USD,AXW291,30,13,5,1855.9,9279.5,1373.37
SO - 0004678,2015-11-28,28,Wholesale,USD,AXW291,23,26,12,3651.5,43818,2921.2
SO - 0004679,2015-11-28,28,Distributor,USD,FLR025,65,13,8,187.6,1500.8,99.43
SO - 0004680,2015-11-28,7,Wholesale,USD,GUT930,38,21,11,1125.6,12381.6,607.82
SO - 0004681,2015-11-28,36,Distributor,USD,AXW291,2,5,11,5045.1,55496.1,3027.06
SO - 0004682,2015-11-28,168,Distributor,USD,NXH382,58,25,5,214.4,1072,150.08
SO - 0004683,2015-11-28,148,Distributor,USD,FLR025,61,15,6,1876,11256,1331.96
SO - 0004684,2015-11-28,164,Wholesale,USD,GUT930,34,5,12,1125.6,13507.2,551.54
SO - 0004685,2015-11-28,155,Distributor,USD,AXW291,16,5,7,3986.5,27905.5,2989.88
SO - 0004686,2015-11-28,9,Distributor,USD,AXW291,30,14,7,6204.2,43429.4,4901.32
SO - 0004687,2015-11-29,74,Wholesale,USD,NXH382,57,4,6,1065.3,6391.8,767.02
SO - 0004688,2015-11-29,157,Wholesale,USD,NXH382,60,25,8,1038.5,8308,633.49
SO - 0004689,2015-11-29,28,Wholesale,USD,GUT930,45,25,12,6539.2,78470.4,3138.82
SO - 0004690,2015-11-29,2,Distributor,USD,GUT930,37,26,9,1011.7,9105.3,526.08
SO - 0004691,2015-11-29,81,Distributor,USD,AXW291,29,12,5,3242.8,16214,2561.81
SO - 0004692,2015-11-29,49,Wholesale,USD,GUT930,44,24,11,1721.9,18940.9,843.73
SO - 0004693,2015-11-29,134,Wholesale,USD,AXW291,11,26,5,3986.5,19932.5,2910.15
SO - 0004694,2015-11-30,32,Wholesale,USD,AXW291,10,26,12,1728.6,20743.2,1279.16
SO - 0004695,2015-11-30,44,Distributor,USD,FLR025,61,13,8,201,1608,106.53
SO - 0004696,2015-11-30,48,Distributor,USD,NXH382,55,26,6,971.5,5829,582.9
SO - 0004697,2015-11-30,168,Wholesale,USD,AXW291,6,26,7,958.1,6706.7,594.02
SO - 0004698,2015-11-30,63,Wholesale,USD,AXW291,15,5,8,3953,31624,1818.38
SO - 0004699,2015-11-30,123,Wholesale,USD,AXW291,16,3,8,1239.5,9916,706.52
SO - 0004700,2015-11-30,38,Wholesale,USD,AXW291,24,29,5,5621.3,28106.5,4215.98
SO - 0004701,2015-11-30,90,Wholesale,USD,AXW291,17,4,5,3839.1,19195.5,1881.16
SO - 0004702,2015-11-30,135,Distributor,USD,NXH382,56,26,11,2519.2,27711.2,1309.98
SO - 0004703,2015-11-30,82,Distributor,USD,AXW291,28,24,12,1005,12060,572.85
SO - 0004704,2015-11-30,33,Distributor,USD,AXW291,4,9,8,1212.7,9701.6,933.78
SO - 0004705,2015-11-30,3,Distributor,USD,GUT930,45,25,11,5031.7,55348.7,2364.9
SO - 0004706,2015-12-01,42,Wholesale,USD,AXW291,9,11,6,2418.7,14512.2,1330.29
SO - 0004707,2015-12-01,63,Export,USD,AXW291,3,14,9,1085.4,9768.6,716.36
SO - 0004708,2015-12-01,146,Wholesale,USD,FLR025,64,13,11,5728.5,63013.5,3207.96
SO - 0004709,2015-12-01,62,Wholesale,USD,FLR025,62,1,10,214.4,2144,122.21
SO - 0004710,2015-12-01,119,Wholesale,USD,NXH382,51,21,11,891.1,9802.1,525.75
SO - 0004711,2015-12-01,170,Distributor,USD,AXW291,10,29,6,1065.3,6391.8,639.18
SO - 0004712,2015-12-01,76,Wholesale,USD,NXH382,49,5,11,6277.9,69056.9,3892.3
SO - 0004713,2015-12-01,83,Distributor,USD,GUT930,33,18,7,1085.4,7597.8,868.32
SO - 0004714,2015-12-01,136,Wholesale,USD,GUT930,40,24,12,5393.5,64722,3128.23
SO - 0004715,2015-12-01,101,Wholesale,USD,AXW291,21,14,10,234.5,2345,119.6
SO - 0004716,2015-12-02,44,Distributor,USD,GUT930,36,14,9,978.2,8803.8,410.84
SO - 0004717,2015-12-02,76,Wholesale,USD,GUT930,34,14,6,254.6,1527.6,155.31
SO - 0004718,2015-12-02,162,Wholesale,USD,GUT930,34,19,6,1252.9,7517.4,1052.44
SO - 0004719,2015-12-02,44,Wholesale,USD,FLR025,61,14,9,1098.8,9889.2,813.11
SO - 0004720,2015-12-02,13,Distributor,USD,FLR025,64,3,9,1058.6,9527.4,592.82
SO - 0004721,2015-12-02,113,Export,USD,NXH382,49,14,12,201,2412,132.66
SO - 0004722,2015-12-02,84,Distributor,USD,GUT930,39,12,6,1045.2,6271.2,867.52
SO - 0004723,2015-12-02,52,Distributor,USD,NXH382,53,25,8,2358.4,18867.2,1132.03
SO - 0004724,2015-12-02,16,Wholesale,USD,AXW291,24,5,7,2572.8,18009.6,1132.03
SO - 0004725,2015-12-03,68,Wholesale,USD,NXH382,47,2,10,1065.3,10653,585.92
SO - 0004726,2015-12-03,26,Distributor,USD,AXW291,31,25,10,2298.1,22981,1884.44
SO - 0004727,2015-12-03,150,Export,USD,AXW291,2,19,9,2814,25326,1997.94
SO - 0004728,2015-12-03,163,Distributor,USD,AXW291,21,3,10,1118.9,11189,760.85
SO - 0004729,2015-12-03,100,Wholesale,USD,AXW291,16,6,8,1098.8,8790.4,472.48
SO - 0004730,2015-12-03,132,Export,USD,AXW291,3,26,7,1855.9,12991.3,760.92
SO - 0004731,2015-12-03,143,Distributor,USD,AXW291,1,25,6,2532.6,15195.6,1696.84
SO - 0004732,2015-12-03,175,Wholesale,USD,AXW291,27,20,8,1340,10720,737
SO - 0004733,2015-12-04,136,Export,USD,AXW291,7,6,12,1728.6,20743.2,1382.88
SO - 0004734,2015-12-04,24,Distributor,USD,AXW291,22,11,9,1105.5,9949.5,486.42
SO - 0004735,2015-12-04,163,Export,USD,NXH382,54,15,9,850.9,7658.1,485.01
SO - 0004736,2015-12-04,15,Wholesale,USD,AXW291,17,25,12,5118.8,61425.6,3020.09
SO - 0004737,2015-12-04,85,Wholesale,USD,FLR025,64,2,6,2318.2,13909.2,1460.47
SO - 0004738,2015-12-04,70,Wholesale,USD,GUT930,39,20,7,837.5,5862.5,644.88
SO - 0004739,2015-12-04,42,Distributor,USD,NXH382,48,9,7,1996.6,13976.2,1337.72
SO - 0004740,2015-12-04,24,Wholesale,USD,NXH382,54,11,10,4006.6,40066,3004.95
SO - 0004741,2015-12-05,109,Wholesale,USD,GUT930,44,26,11,1051.9,11570.9,683.74
SO - 0004742,2015-12-05,57,Wholesale,USD,GUT930,45,1,11,3946.3,43409.3,2525.63
SO - 0004743,2015-12-05,120,Wholesale,USD,AXW291,8,4,11,984.9,10833.9,472.75
SO - 0004744,2015-12-05,69,Distributor,USD,NXH382,52,6,8,2934.6,23476.8,1496.65
SO - 0004745,2015-12-05,56,Wholesale,USD,GUT930,37,25,6,3798.9,22793.4,2925.15
SO - 0004746,2015-12-05,17,Wholesale,USD,NXH382,55,18,6,3819,22914,3055.2
SO - 0004747,2015-12-05,3,Distributor,USD,GUT930,32,24,8,1869.3,14954.4,1476.75
SO - 0004748,2015-12-05,118,Distributor,USD,GUT930,33,25,7,1132.3,7926.1,486.89
SO - 0004749,2015-12-06,159,Wholesale,USD,AXW291,19,26,11,817.4,8991.4,678.44
SO - 0004750,2015-12-06,47,Wholesale,USD,AXW291,26,25,9,1125.6,10130.4,461.5
SO - 0004751,2015-12-06,161,Distributor,USD,NXH382,53,8,9,1172.5,10552.5,515.9
SO - 0004752,2015-12-06,171,Wholesale,USD,NXH382,54,2,6,1152.4,6914.4,749.06
SO - 0004753,2015-12-06,39,Wholesale,USD,NXH382,49,13,12,6170.7,74048.4,3270.47
SO - 0004754,2015-12-06,163,Wholesale,USD,AXW291,3,5,8,6304.7,50437.6,5106.81
SO - 0004755,2015-12-06,73,Wholesale,USD,AXW291,6,5,8,857.6,6860.8,711.81
SO - 0004756,2015-12-07,53,Distributor,USD,GUT930,33,1,10,5051.8,50518,2020.72
SO - 0004757,2015-12-07,12,Distributor,USD,AXW291,15,14,7,268,1876,125.96
SO - 0004758,2015-12-07,33,Export,USD,AXW291,11,6,9,1132.3,10190.7,837.9
SO - 0004759,2015-12-07,87,Distributor,USD,AXW291,17,18,7,3309.8,23168.6,1886.59
SO - 0004760,2015-12-07,126,Distributor,USD,GUT930,46,14,9,931.3,8381.7,400.46
SO - 0004761,2015-12-07,6,Distributor,USD,FLR025,61,18,10,2331.6,23316,1002.59
SO - 0004762,2015-12-07,151,Distributor,USD,GUT930,33,25,11,5065.2,55717.2,2026.08
SO - 0004763,2015-12-07,6,Export,USD,AXW291,9,5,7,837.5,5862.5,653.25
SO - 0004764,2015-12-07,127,Export,USD,GUT930,42,5,12,690.1,8281.2,282.94
SO - 0004765,2015-12-08,83,Distributor,USD,GUT930,42,27,9,2626.4,23637.6,1575.84
SO - 0004766,2015-12-08,76,Distributor,USD,AXW291,2,3,9,2425.4,21828.6,1479.49
SO - 0004767,2015-12-08,154,Distributor,USD,NXH382,57,14,12,3865.9,46390.8,3247.36
SO - 0004768,2015-12-08,136,Wholesale,USD,NXH382,50,29,12,783.9,9406.8,501.7
SO - 0004769,2015-12-08,140,Wholesale,USD,GUT930,43,12,12,5112.1,61345.2,3322.87
SO - 0004770,2015-12-08,44,Export,USD,AXW291,7,3,5,1809,9045,1049.22
SO - 0004771,2015-12-08,52,Wholesale,USD,AXW291,28,1,6,2673.3,16039.8,1764.38
SO - 0004772,2015-12-09,29,Wholesale,USD,NXH382,58,26,6,3973.1,23838.6,2781.17
SO - 0004773,2015-12-09,170,Distributor,USD,AXW291,4,1,8,1862.6,14900.8,1229.32
SO - 0004774,2015-12-09,173,Export,USD,NXH382,57,25,5,958.1,4790.5,526.96
SO - 0004775,2015-12-09,101,Wholesale,USD,GUT930,34,6,11,911.2,10023.2,774.52
SO - 0004776,2015-12-10,11,Wholesale,USD,NXH382,50,26,5,1025.1,5125.5,410.04
SO - 0004777,2015-12-10,48,Wholesale,USD,AXW291,7,6,6,2224.4,13346.4,934.25
SO - 0004778,2015-12-10,60,Distributor,USD,NXH382,55,25,8,2358.4,18867.2,1768.8
SO - 0004779,2015-12-10,167,Wholesale,USD,GUT930,39,6,10,3946.3,39463,2525.63
SO - 0004780,2015-12-10,151,Distributor,USD,NXH382,59,24,7,911.2,6378.4,428.26
SO - 0004781,2015-12-10,60,Export,USD,FLR025,62,13,6,777.2,4663.2,466.32
SO - 0004782,2015-12-10,173,Wholesale,USD,NXH382,56,23,9,2345,21105,1195.95
SO - 0004783,2015-12-10,125,Wholesale,USD,AXW291,11,26,11,3162.4,34786.4,1676.07
SO - 0004784,2015-12-11,132,Wholesale,USD,AXW291,30,25,8,2532.6,20260.8,1519.56
SO - 0004785,2015-12-11,72,Wholesale,USD,GUT930,38,3,12,201,2412,90.45
SO - 0004786,2015-12-11,136,Export,USD,AXW291,14,26,7,1025.1,7175.7,779.08
SO - 0004787,2015-12-11,105,Wholesale,USD,GUT930,32,13,6,3484,20904,1567.8
SO - 0004788,2015-12-11,98,Wholesale,USD,GUT930,40,25,6,2592.9,15557.4,2048.39
SO - 0004789,2015-12-11,147,Distributor,USD,AXW291,6,3,6,2773.8,16642.8,1692.02
SO - 0004790,2015-12-12,36,Export,USD,AXW291,1,3,12,1085.4,13024.8,607.82
SO - 0004791,2015-12-12,81,Wholesale,USD,AXW291,17,17,6,3912.8,23476.8,3208.5
SO - 0004792,2015-12-12,141,Wholesale,USD,AXW291,1,1,6,167.5,1005,83.75
SO - 0004793,2015-12-12,152,Distributor,USD,AXW291,4,16,12,1795.6,21547.2,897.8
SO - 0004794,2015-12-12,16,Wholesale,USD,NXH382,57,5,9,3892.7,35034.3,2841.67
SO - 0004795,2015-12-12,24,Export,USD,NXH382,50,5,11,174.2,1916.2,83.62
SO - 0004796,2015-12-12,7,Wholesale,USD,GUT930,39,9,9,2572.8,23155.2,1878.14
SO - 0004797,2015-12-12,114,Export,USD,AXW291,17,9,5,201,1005,98.49
SO - 0004798,2015-12-12,97,Wholesale,USD,GUT930,47,5,10,3999.9,39999,2599.94
SO - 0004799,2015-12-13,103,Export,USD,AXW291,14,26,11,1788.9,19677.9,1234.34
SO - 0004800,2015-12-13,75,Wholesale,USD,GUT930,37,2,12,201,2412,132.66
SO - 0004801,2015-12-13,88,Wholesale,USD,GUT930,42,5,5,241.2,1206,106.13
SO - 0004802,2015-12-13,35,Wholesale,USD,FLR025,66,3,6,1065.3,6391.8,798.98
SO - 0004803,2015-12-13,53,Wholesale,USD,AXW291,20,12,8,2432.1,19456.8,1507.9
SO - 0004804,2015-12-13,101,Wholesale,USD,GUT930,43,25,6,3825.7,22954.2,3137.07
SO - 0004805,2015-12-13,74,Distributor,USD,GUT930,34,14,6,5393.5,32361,3937.26
SO - 0004806,2015-12-13,102,Export,USD,AXW291,6,26,10,3986.5,39865,1674.33
SO - 0004807,2015-12-13,163,Wholesale,USD,AXW291,2,14,10,1005,10050,582.9
SO - 0004808,2015-12-14,105,Wholesale,USD,GUT930,45,13,6,6036.7,36220.2,2837.25
SO - 0004809,2015-12-14,153,Wholesale,USD,AXW291,3,16,12,2385.2,28622.4,1311.86
SO - 0004810,2015-12-14,159,Wholesale,USD,NXH382,58,25,6,1072,6432,771.84
SO - 0004811,2015-12-14,30,Wholesale,USD,NXH382,52,22,7,5085.3,35597.1,2695.21
SO - 0004812,2015-12-14,82,Wholesale,USD,AXW291,19,3,7,3845.8,26920.6,1922.9
SO - 0004813,2015-12-14,134,Wholesale,USD,NXH382,58,2,10,1286.4,12864,668.93
SO - 0004814,2015-12-14,173,Distributor,USD,GUT930,45,13,8,1078.7,8629.6,809.03
SO - 0004815,2015-12-15,160,Wholesale,USD,GUT930,45,19,10,5802.2,58022,4583.74
SO - 0004816,2015-12-15,99,Distributor,USD,FLR025,61,16,5,1721.9,8609.5,1050.36
SO - 0004817,2015-12-15,132,Export,USD,AXW291,12,5,10,944.7,9447,736.87
SO - 0004818,2015-12-15,75,Wholesale,USD,AXW291,25,25,7,247.9,1735.3,131.39
SO - 0004819,2015-12-15,110,Distributor,USD,AXW291,9,2,11,1929.6,21225.6,1447.2
SO - 0004820,2015-12-15,93,Distributor,USD,AXW291,13,7,9,971.5,8743.5,612.05
SO - 0004821,2015-12-15,128,Distributor,USD,NXH382,49,2,10,1118.9,11189,716.1
SO - 0004822,2015-12-16,18,Wholesale,USD,NXH382,54,7,11,991.6,10907.6,813.11
SO - 0004823,2015-12-16,4,Distributor,USD,GUT930,45,25,11,2291.4,25205.4,1810.21
SO - 0004824,2015-12-16,59,Wholesale,USD,AXW291,19,27,12,944.7,11336.4,576.27
SO - 0004825,2015-12-16,107,Distributor,USD,GUT930,36,17,5,3865.9,19329.5,2164.9
SO - 0004826,2015-12-16,148,Distributor,USD,AXW291,28,18,7,1118.9,7832.3,850.36
SO - 0004827,2015-12-16,159,Distributor,USD,AXW291,3,17,11,180.9,1989.9,123.01
SO - 0004828,2015-12-16,106,Export,USD,NXH382,53,17,6,5681.6,34089.6,3238.51
SO - 0004829,2015-12-16,57,Distributor,USD,AXW291,25,13,12,2680,32160,1581.2
SO - 0004830,2015-12-16,71,Wholesale,USD,AXW291,9,14,7,1782.2,12475.4,1122.79
SO - 0004831,2015-12-16,60,Distributor,USD,GUT930,35,29,10,1085.4,10854,922.59
SO - 0004832,2015-12-16,33,Export,USD,NXH382,47,5,8,4006.6,32052.8,3325.48
SO - 0004833,2015-12-17,20,Wholesale,USD,NXH382,54,4,7,1849.2,12944.4,1516.34
SO - 0004834,2015-12-17,114,Distributor,USD,GUT930,35,2,6,1829.1,10974.6,1188.92
SO - 0004835,2015-12-17,9,Distributor,USD,GUT930,33,3,12,2418.7,29024.4,1378.66
SO - 0004836,2015-12-17,4,Distributor,USD,GUT930,46,23,8,1701.8,13614.4,1055.12
SO - 0004837,2015-12-17,3,Wholesale,USD,AXW291,30,5,5,1072,5360,568.16
SO - 0004838,2015-12-17,2,Wholesale,USD,AXW291,10,12,5,3819,19095,2864.25
SO - 0004839,2015-12-17,5,Distributor,USD,AXW291,19,2,6,871,5226,740.35
SO - 0004840,2015-12-17,29,Wholesale,USD,GUT930,39,25,6,3892.7,23356.2,1712.79
SO - 0004841,2015-12-17,113,Wholesale,USD,AXW291,19,5,8,3845.8,30766.4,2384.4
SO - 0004842,2015-12-17,36,Wholesale,USD,AXW291,18,28,7,1085.4,7597.8,596.97
SO - 0004843,2015-12-18,78,Export,USD,AXW291,14,26,7,2244.5,15711.5,1054.92
SO - 0004844,2015-12-18,27,Wholesale,USD,AXW291,13,14,6,1005,6030,472.35
SO - 0004845,2015-12-18,37,Distributor,USD,GUT930,35,30,10,1929.6,19296,1370.02
SO - 0004846,2015-12-18,31,Export,USD,GUT930,44,20,7,1098.8,7691.6,791.14
SO - 0004847,2015-12-18,140,Wholesale,USD,FLR025,65,24,11,864.3,9507.3,475.37
SO - 0004848,2015-12-18,99,Export,USD,AXW291,18,13,6,5922.8,35536.8,2428.35
SO - 0004849,2015-12-18,136,Wholesale,USD,AXW291,28,4,11,3859.2,42451.2,1929.6
SO - 0004850,2015-12-18,50,Wholesale,USD,NXH382,55,13,6,3912.8,23476.8,1565.12
SO - 0004851,2015-12-18,51,Wholesale,USD,AXW291,12,3,6,1179.2,7075.2,978.74
SO - 0004852,2015-12-18,152,Distributor,USD,NXH382,54,1,10,1681.7,16817,1378.99
SO - 0004853,2015-12-19,136,Wholesale,USD,GUT930,37,13,12,2425.4,29104.8,1697.78
SO - 0004854,2015-12-19,139,Export,USD,AXW291,22,19,7,1118.9,7832.3,760.85
SO - 0004855,2015-12-19,82,Wholesale,USD,AXW291,12,20,10,1326.6,13266,955.15
SO - 0004856,2015-12-19,83,Wholesale,USD,GUT930,38,14,7,2974.8,20823.6,1487.4
SO - 0004857,2015-12-19,139,Export,USD,AXW291,19,6,10,180.9,1809,88.64
SO - 0004858,2015-12-19,94,Distributor,USD,AXW291,30,13,10,5996.5,59965,4917.13
SO - 0004859,2015-12-20,22,Wholesale,USD,AXW291,11,2,6,2425.4,14552.4,1164.19
SO - 0004860,2015-12-20,12,Wholesale,USD,NXH382,52,20,10,5460.5,54605,4313.8
SO - 0004861,2015-12-20,95,Distributor,USD,AXW291,26,3,7,891.1,6237.7,499.02
SO - 0004862,2015-12-20,158,Distributor,USD,AXW291,8,23,9,1688.4,15195.6,1063.69
SO - 0004863,2015-12-20,75,Export,USD,GUT930,32,3,12,2324.9,27898.8,1441.44
SO - 0004864,2015-12-20,38,Wholesale,USD,AXW291,16,17,9,1011.7,9105.3,414.8
SO - 0004865,2015-12-20,31,Distributor,USD,AXW291,7,23,8,234.5,1876,180.57
SO - 0004866,2015-12-20,2,Wholesale,USD,FLR025,64,13,12,1078.7,12944.4,625.65
SO - 0004867,2015-12-20,56,Export,USD,AXW291,13,2,10,207.7,2077,112.16
SO - 0004868,2015-12-20,28,Export,USD,GUT930,34,6,12,2264.6,27175.2,1109.65
SO - 0004869,2015-12-21,136,Distributor,USD,AXW291,17,12,8,884.4,7075.2,566.02
SO - 0004870,2015-12-21,32,Distributor,USD,NXH382,55,27,5,2840.8,14204,2045.38
SO - 0004871,2015-12-21,25,Export,USD,FLR025,63,14,9,5681.6,51134.4,2897.62
SO - 0004872,2015-12-21,159,Distributor,USD,GUT930,33,13,8,5936.2,47489.6,3027.46
SO - 0004873,2015-12-21,21,Wholesale,USD,NXH382,50,24,8,1078.7,8629.6,550.14
SO - 0004874,2015-12-21,112,Wholesale,USD,AXW291,18,20,7,2653.2,18572.4,1485.79
SO - 0004875,2015-12-21,97,Wholesale,USD,AXW291,3,20,11,268,2948,131.32
SO - 0004876,2015-12-21,99,Wholesale,USD,AXW291,10,15,5,1098.8,5494,890.03
SO - 0004877,2015-12-22,124,Wholesale,USD,AXW291,18,4,7,3999.9,27999.3,3399.92
SO - 0004878,2015-12-22,80,Export,USD,GUT930,39,15,8,6204.2,49633.6,3226.18
SO - 0004879,2015-12-22,114,Wholesale,USD,NXH382,48,15,10,2257.9,22579,1151.53
SO - 0004880,2015-12-22,160,Distributor,USD,GUT930,33,16,7,2318.2,16227.4,1460.47
SO - 0004881,2015-12-22,2,Distributor,USD,AXW291,15,15,7,2680,18760,1125.6
SO - 0004882,2015-12-22,132,Wholesale,USD,NXH382,56,30,8,1125.6,9004.8,787.92
SO - 0004883,2015-12-22,63,Wholesale,USD,NXH382,53,6,9,3932.9,35396.1,2713.7
SO - 0004884,2015-12-22,40,Wholesale,USD,FLR025,65,23,9,5460.5,49144.5,4586.82
SO - 0004885,2015-12-23,2,Distributor,USD,FLR025,64,2,8,1139,9112,501.16
SO - 0004886,2015-12-23,31,Distributor,USD,AXW291,23,4,10,254.6,2546,165.49
SO - 0004887,2015-12-23,14,Distributor,USD,AXW291,29,13,6,2539.3,15235.8,1015.72
SO - 0004888,2015-12-23,64,Distributor,USD,NXH382,58,17,9,5748.6,51737.4,4598.88
SO - 0004889,2015-12-23,165,Wholesale,USD,AXW291,13,2,10,1809,18090,1193.94
SO - 0004890,2015-12-23,99,Wholesale,USD,AXW291,17,26,7,167.5,1172.5,122.28
SO - 0004891,2015-12-24,101,Wholesale,USD,AXW291,17,15,5,194.3,971.5,161.27
SO - 0004892,2015-12-24,17,Export,USD,AXW291,6,9,12,3932.9,47194.8,1691.15
SO - 0004893,2015-12-24,57,Wholesale,USD,NXH382,48,20,8,3376.8,27014.4,1857.24
SO - 0004894,2015-12-24,166,Wholesale,USD,AXW291,28,1,9,5433.7,48903.3,3803.59
SO - 0004895,2015-12-24,22,Wholesale,USD,GUT930,46,16,7,5855.8,40990.6,4216.18
SO - 0004896,2015-12-24,118,Export,USD,AXW291,12,9,12,844.2,10130.4,438.98
SO - 0004897,2015-12-24,38,Wholesale,USD,AXW291,27,15,6,931.3,5587.8,596.03
SO - 0004898,2015-12-24,121,Distributor,USD,GUT930,41,14,12,797.3,9567.6,677.71
SO - 0004899,2015-12-24,155,Wholesale,USD,GUT930,35,1,12,877.7,10532.4,465.18
SO - 0004900,2015-12-24,114,Wholesale,USD,GUT930,44,2,10,2405.3,24053,986.17
SO - 0004901,2015-12-25,129,Wholesale,USD,AXW291,23,26,9,254.6,2291.4,188.4
SO - 0004902,2015-12-25,1,Wholesale,USD,NXH382,59,18,5,1983.2,9916,1665.89
SO - 0004903,2015-12-25,99,Export,USD,GUT930,46,25,8,1098.8,8790.4,791.14
SO - 0004904,2015-12-25,174,Distributor,USD,AXW291,30,5,8,1286.4,10291.2,514.56
SO - 0004905,2015-12-25,146,Export,USD,AXW291,22,22,9,2626.4,23637.6,1549.58
SO - 0004906,2015-12-25,108,Distributor,USD,AXW291,12,13,12,3892.7,46712.4,2218.84
SO - 0004907,2015-12-26,50,Distributor,USD,AXW291,29,22,11,1139,12529,660.62
SO - 0004908,2015-12-26,65,Wholesale,USD,GUT930,45,26,9,261.3,2351.7,143.72
SO - 0004909,2015-12-26,50,Wholesale,USD,GUT930,36,16,12,234.5,2814,143.05
SO - 0004910,2015-12-26,129,Distributor,USD,AXW291,14,23,11,1319.9,14518.9,884.33
SO - 0004911,2015-12-27,132,Distributor,USD,GUT930,39,5,12,2673.3,32079.6,1229.72
SO - 0004912,2015-12-27,134,Wholesale,USD,GUT930,44,3,11,2948,32428,1621.4
SO - 0004913,2015-12-27,173,Export,USD,GUT930,34,25,11,167.5,1842.5,75.38
SO - 0004914,2015-12-27,43,Wholesale,USD,GUT930,47,2,11,3872.6,42598.6,3059.35
SO - 0004915,2015-12-27,108,Distributor,USD,AXW291,9,5,10,3932.9,39329,3185.65
SO - 0004916,2015-12-27,46,Export,USD,AXW291,17,2,5,1058.6,5293,688.09
SO - 0004917,2015-12-27,80,Wholesale,USD,AXW291,23,4,7,187.6,1313.2,88.17
SO - 0004918,2015-12-27,28,Wholesale,USD,GUT930,44,24,5,2613,13065,2168.79
SO - 0004919,2015-12-27,23,Wholesale,USD,AXW291,5,4,5,1963.1,9815.5,1040.44
SO - 0004920,2015-12-27,31,Wholesale,USD,AXW291,16,18,6,3993.2,23959.2,3154.63
SO - 0004921,2015-12-28,105,Wholesale,USD,AXW291,11,16,10,770.5,7705,392.96
SO - 0004922,2015-12-28,60,Distributor,USD,AXW291,5,19,11,5540.9,60949.9,4488.13
SO - 0004923,2015-12-28,6,Wholesale,USD,GUT930,33,18,8,1949.7,15597.6,1559.76
SO - 0004924,2015-12-28,60,Wholesale,USD,AXW291,16,2,5,5889.3,29446.5,4888.12
SO - 0004925,2015-12-28,124,Distributor,USD,NXH382,51,29,11,730.3,8033.3,496.6
SO - 0004926,2015-12-28,77,Export,USD,NXH382,54,5,8,3872.6,30980.8,1858.85
SO - 0004927,2015-12-29,124,Distributor,USD,NXH382,57,17,6,3577.8,21466.8,1645.79
SO - 0004928,2015-12-29,124,Wholesale,USD,GUT930,38,15,12,2532.6,30391.2,1063.69
SO - 0004929,2015-12-29,134,Wholesale,USD,GUT930,43,26,7,2673.3,18713.1,2138.64
SO - 0004930,2015-12-29,16,Wholesale,USD,NXH382,50,19,12,1065.3,12783.6,894.85
SO - 0004931,2015-12-29,93,Wholesale,USD,GUT930,44,25,9,1132.3,10190.7,634.09
SO - 0004932,2015-12-29,26,Wholesale,USD,GUT930,45,25,7,5333.2,37332.4,4266.56
SO - 0004933,2015-12-29,163,Wholesale,USD,AXW291,9,25,11,857.6,9433.6,420.22
SO - 0004934,2015-12-29,67,Export,USD,AXW291,9,9,5,174.2,871,128.91
SO - 0004935,2015-12-29,100,Export,USD,AXW291,11,13,8,5326.5,42612,4367.73
SO - 0004936,2015-12-29,100,Export,USD,GUT930,33,14,8,180.9,1447.2,139.29
SO - 0004937,2015-12-30,54,Wholesale,USD,FLR025,62,19,10,1802.3,18023,1369.75
SO - 0004938,2015-12-30,96,Wholesale,USD,AXW291,17,15,11,3879.3,42672.3,1706.89
SO - 0004939,2015-12-30,74,Wholesale,USD,GUT930,36,26,8,1051.9,8415.2,820.48
SO - 0004940,2015-12-30,39,Distributor,USD,AXW291,21,5,11,3906.1,42967.1,2226.48
SO - 0004941,2015-12-30,171,Wholesale,USD,NXH382,47,8,11,891.1,9802.1,507.93
SO - 0004942,2015-12-30,162,Distributor,USD,AXW291,23,11,10,221.1,2211,170.25
SO - 0004943,2015-12-30,68,Wholesale,USD,AXW291,14,3,11,3986.5,43851.5,2551.36
SO - 0004944,2015-12-30,47,Distributor,USD,NXH382,52,9,5,187.6,938,153.83
SO - 0004945,2015-12-30,42,Wholesale,USD,AXW291,11,16,5,214.4,1072,102.91
SO - 0004946,2015-12-30,28,Wholesale,USD,GUT930,45,1,5,1748.7,8743.5,909.32
SO - 0004947,2015-12-30,149,Wholesale,USD,AXW291,23,26,10,1969.8,19698,1477.35
SO - 0004948,2015-12-31,111,Wholesale,USD,AXW291,9,19,5,3953,19765,2648.51
SO - 0004949,2015-12-31,27,Distributor,USD,AXW291,9,21,12,2512.5,30150,1105.5
SO - 0004950,2015-12-31,115,Distributor,USD,AXW291,2,6,9,3825.7,34431.3,3098.82
SO - 0004951,2015-12-31,159,Wholesale,USD,NXH382,51,13,11,207.7,2284.7,89.31
SO - 0004952,2015-12-31,11,Wholesale,USD,GUT930,47,19,10,1929.6,19296,1254.24
SO - 0004953,2015-12-31,50,Wholesale,USD,AXW291,8,7,10,1145.7,11457,458.28
SO - 0004954,2015-12-31,48,Distributor,USD,AXW291,15,28,12,2552.7,30632.4,1072.13
SO - 0004955,2015-12-31,51,Export,USD,AXW291,1,5,8,5561,44488,2335.62
SO - 0004956,2015-12-31,81,Export,USD,NXH382,50,19,10,214.4,2144,120.06
SO - 0004957,2015-12-31,126,Wholesale,USD,FLR025,62,3,9,2371.8,21346.2,1470.52
SO - 0004958,2016-01-01,52,Wholesale,USD,AXW291,8,5,7,1038.5,7269.5,498.48
SO - 0004959,2016-01-01,81,Distributor,USD,GUT930,41,14,5,1011.7,5058.5,566.55
SO - 0004960,2016-01-01,83,Wholesale,USD,AXW291,29,14,12,3926.2,47114.4,2944.65
SO - 0004961,2016-01-01,62,Distributor,USD,GUT930,46,18,10,6070.2,60702,4127.74
SO - 0004962,2016-01-01,109,Distributor,USD,GUT930,43,13,8,5996.5,47972,5097.03
SO - 0004963,2016-01-01,7,Export,USD,NXH382,49,2,9,5071.9,45647.1,3246.02
SO - 0004964,2016-01-01,54,Export,USD,AXW291,4,4,5,6164,30820,4129.88
SO - 0004965,2016-01-01,68,Distributor,USD,AXW291,2,4,7,3825.7,26779.9,1874.59
SO - 0004966,2016-01-01,38,Wholesale,USD,AXW291,22,26,7,1715.2,12006.4,806.14
SO - 0004967,2016-01-02,77,Distributor,USD,AXW291,1,16,12,3845.8,46149.6,2230.56
SO - 0004968,2016-01-02,140,Wholesale,USD,GUT930,42,10,12,1078.7,12944.4,431.48
SO - 0004969,2016-01-02,15,Wholesale,USD,AXW291,31,1,10,1045.2,10452,480.79
SO - 0004970,2016-01-02,145,Wholesale,USD,NXH382,53,13,9,268,2412,123.28
SO - 0004971,2016-01-03,129,Export,USD,GUT930,35,26,9,1802.3,16220.7,1153.47
SO - 0004972,2016-01-03,136,Distributor,USD,GUT930,40,4,9,1025.1,9225.9,830.33
SO - 0004973,2016-01-03,143,Distributor,USD,AXW291,15,12,6,2579.5,15477,1031.8
SO - 0004974,2016-01-03,162,Wholesale,USD,NXH382,49,4,6,6257.8,37546.8,2816.01
SO - 0004975,2016-01-03,146,Distributor,USD,AXW291,17,15,6,5333.2,31999.2,4426.56
SO - 0004976,2016-01-03,104,Wholesale,USD,NXH382,59,5,10,1675,16750,1155.75
SO - 0004977,2016-01-03,53,Wholesale,USD,AXW291,7,8,5,1139,5695,466.99
SO - 0004978,2016-01-03,159,Distributor,USD,AXW291,5,5,10,1011.7,10117,667.72
SO - 0004979,2016-01-04,146,Wholesale,USD,GUT930,40,29,10,174.2,1742,90.58
SO - 0004980,2016-01-04,174,Export,USD,AXW291,11,4,8,1775.5,14204,710.2
SO - 0004981,2016-01-04,23,Wholesale,USD,NXH382,48,20,9,1065.3,9587.7,522
SO - 0004982,2016-01-04,99,Distributor,USD,AXW291,17,18,7,6123.8,42866.6,4041.71
SO - 0004983,2016-01-04,122,Wholesale,USD,AXW291,12,11,11,2452.2,26974.2,1986.28
SO - 0004984,2016-01-04,31,Distributor,USD,AXW291,19,26,7,3906.1,27342.7,2226.48
SO - 0004985,2016-01-04,93,Wholesale,USD,FLR025,63,24,7,2351.7,16461.9,1622.67
SO - 0004986,2016-01-04,134,Wholesale,USD,FLR025,65,7,6,991.6,5949.6,793.28
SO - 0004987,2016-01-04,20,Wholesale,USD,FLR025,65,2,12,5226,62712,3240.12
SO - 0004988,2016-01-05,20,Wholesale,USD,AXW291,12,21,11,5936.2,65298.2,3027.46
SO - 0004989,2016-01-05,69,Wholesale,USD,GUT930,42,3,12,1051.9,12622.8,525.95
SO - 0004990,2016-01-05,74,Distributor,USD,AXW291,5,26,8,1018.4,8147.2,794.35
SO - 0004991,2016-01-05,117,Distributor,USD,GUT930,41,14,10,3731.9,37319,2948.2
SO - 0004992,2016-01-05,24,Wholesale,USD,NXH382,53,4,8,3276.3,26210.4,2588.28
SO - 0004993,2016-01-06,90,Distributor,USD,GUT930,33,1,5,1105.5,5527.5,718.58
SO - 0004994,2016-01-06,121,Wholesale,USD,GUT930,40,4,7,6539.2,45774.4,4708.22
SO - 0004995,2016-01-06,34,Wholesale,USD,FLR025,62,19,5,3517.5,17587.5,2778.83
SO - 0004996,2016-01-06,137,Export,USD,AXW291,24,25,10,2338.3,23383,1099
SO - 0004997,2016-01-06,24,Wholesale,USD,AXW291,28,1,8,2231.1,17848.8,892.44
SO - 0004998,2016-01-06,74,Distributor,USD,AXW291,18,6,12,911.2,10934.4,537.61
SO - 0004999,2016-01-06,81,Wholesale,USD,NXH382,59,16,9,6277.9,56501.1,4520.09
SO - 0005000,2016-01-06,146,Wholesale,USD,FLR025,60,26,7,2371.8,16602.6,996.16
SO - 0005001,2016-01-06,121,Export,USD,NXH382,55,14,6,1969.8,11818.8,984.9
SO - 0005002,2016-01-06,153,Export,USD,AXW291,5,14,11,5996.5,65961.5,2818.36
SO - 0005003,2016-01-06,3,Export,USD,GUT930,35,15,6,3865.9,23195.4,2396.86
SO - 0005004,2016-01-06,120,Wholesale,USD,AXW291,4,14,11,5768.7,63455.7,4557.27
SO - 0005005,2016-01-07,146,Wholesale,USD,AXW291,30,25,8,1916.2,15329.6,1341.34
SO - 0005006,2016-01-07,113,Distributor,USD,AXW291,14,4,9,1989.9,17909.1,1392.93
SO - 0005007,2016-01-07,65,Distributor,USD,AXW291,25,22,7,3370.1,23590.7,2763.48
SO - 0005008,2016-01-07,155,Distributor,USD,AXW291,2,2,11,850.9,9359.9,697.74
SO - 0005009,2016-01-07,122,Distributor,USD,AXW291,15,16,7,1125.6,7879.2,697.87
SO - 0005010,2016-01-07,157,Wholesale,USD,AXW291,10,3,8,6157.3,49258.4,3509.66
SO - 0005011,2016-01-07,62,Wholesale,USD,AXW291,3,9,10,1005,10050,592.95
SO - 0005012,2016-01-07,1,Wholesale,USD,NXH382,57,8,6,2479,14874,1735.3
SO - 0005013,2016-01-07,72,Distributor,USD,GUT930,34,4,7,1989.9,13929.3,1492.43
SO - 0005014,2016-01-07,139,Wholesale,USD,AXW291,7,24,9,716.9,6452.1,336.94
SO - 0005015,2016-01-08,135,Wholesale,USD,FLR025,64,5,11,1688.4,18572.4,894.85
SO - 0005016,2016-01-08,118,Distributor,USD,AXW291,1,13,10,2619.7,26197,1938.58
SO - 0005017,2016-01-08,153,Wholesale,USD,GUT930,39,15,7,1728.6,12100.2,1400.17
SO - 0005018,2016-01-08,38,Export,USD,GUT930,41,29,8,3993.2,31945.6,1637.21
SO - 0005019,2016-01-08,52,Distributor,USD,GUT930,37,30,5,2398.6,11993,1199.3
SO - 0005020,2016-01-08,166,Distributor,USD,AXW291,4,26,8,884.4,7075.2,548.33
SO - 0005021,2016-01-08,133,Wholesale,USD,AXW291,17,29,7,804,5628,353.76
SO - 0005022,2016-01-08,125,Wholesale,USD,GUT930,32,4,12,897.8,10773.6,475.83
SO - 0005023,2016-01-08,106,Wholesale,USD,GUT930,34,26,7,3859.2,27014.4,1891.01
SO - 0005024,2016-01-08,149,Distributor,USD,NXH382,47,26,10,951.4,9514,675.49
SO - 0005025,2016-01-08,137,Distributor,USD,FLR025,61,25,7,201,1407,120.6
SO - 0005026,2016-01-08,122,Wholesale,USD,NXH382,58,8,5,2566.1,12830.5,1950.24
SO - 0005027,2016-01-08,136,Distributor,USD,AXW291,27,13,12,1728.6,20743.2,968.02
SO - 0005028,2016-01-09,41,Distributor,USD,AXW291,8,8,5,5132.2,25661,3028
SO - 0005029,2016-01-09,37,Distributor,USD,NXH382,47,13,9,5480.6,49325.4,4439.29
SO - 0005030,2016-01-09,158,Export,USD,NXH382,48,11,5,3953,19765,2688.04
SO - 0005031,2016-01-09,159,Distributor,USD,AXW291,31,19,12,964.8,11577.6,530.64
SO - 0005032,2016-01-09,146,Export,USD,AXW291,24,13,5,1943,9715,1068.65
SO - 0005033,2016-01-09,115,Distributor,USD,FLR025,62,14,5,3892.7,19463.5,3075.23
SO - 0005034,2016-01-09,15,Wholesale,USD,AXW291,25,4,7,5822.3,40756.1,4541.39
SO - 0005035,2016-01-09,8,Distributor,USD,NXH382,47,18,9,1755.4,15798.6,1299
SO - 0005036,2016-01-09,106,Wholesale,USD,AXW291,15,20,8,3128.9,25031.2,1439.29
SO - 0005037,2016-01-09,10,Distributor,USD,NXH382,55,17,10,2318.2,23182,1553.19
SO - 0005038,2016-01-10,173,Wholesale,USD,GUT930,33,6,10,1735.3,17353,1145.3
SO - 0005039,2016-01-10,50,Wholesale,USD,AXW291,16,28,12,3879.3,46551.6,1551.72
SO - 0005040,2016-01-10,54,Distributor,USD,AXW291,14,28,12,3932.9,47194.8,1887.79
SO - 0005041,2016-01-10,168,Distributor,USD,AXW291,30,26,11,1045.2,11497.2,543.5
SO - 0005042,2016-01-10,92,Distributor,USD,AXW291,12,2,11,214.4,2358.4,124.35
SO - 0005043,2016-01-10,33,Distributor,USD,NXH382,55,18,10,897.8,8978,466.86
SO - 0005044,2016-01-10,55,Wholesale,USD,NXH382,52,18,6,1139,6834,717.57
SO - 0005045,2016-01-10,7,Distributor,USD,FLR025,61,5,11,5460.5,60065.5,2348.02
SO - 0005046,2016-01-10,43,Wholesale,USD,AXW291,23,15,8,2391.9,19135.2,1841.76
SO - 0005047,2016-01-10,73,Wholesale,USD,NXH382,50,13,5,5996.5,29982.5,4557.34
SO - 0005048,2016-01-11,125,Wholesale,USD,FLR025,62,13,12,1728.6,20743.2,726.01
SO - 0005049,2016-01-11,148,Export,USD,NXH382,60,2,10,3343.3,33433,2240.01
SO - 0005050,2016-01-11,7,Wholesale,USD,AXW291,27,15,5,174.2,871,81.87
SO - 0005051,2016-01-11,107,Wholesale,USD,NXH382,59,22,11,1058.6,11644.6,561.06
SO - 0005052,2016-01-11,109,Wholesale,USD,NXH382,59,25,7,964.8,6753.6,395.57
SO - 0005053,2016-01-11,149,Wholesale,USD,AXW291,15,24,12,3966.4,47596.8,2300.51
SO - 0005054,2016-01-11,15,Distributor,USD,AXW291,8,29,12,2633.1,31597.2,1895.83
SO - 0005055,2016-01-11,99,Export,USD,FLR025,65,1,10,1011.7,10117,819.48
SO - 0005056,2016-01-11,135,Distributor,USD,AXW291,12,25,6,3892.7,23356.2,2802.74
SO - 0005057,2016-01-11,119,Distributor,USD,FLR025,60,10,5,3805.6,19028,1636.41
SO - 0005058,2016-01-11,9,Wholesale,USD,NXH382,50,5,8,1031.8,8254.4,825.44
SO - 0005059,2016-01-11,98,Wholesale,USD,AXW291,20,1,8,6090.3,48722.4,2618.83
SO - 0005060,2016-01-12,56,Wholesale,USD,NXH382,56,13,5,3892.7,19463.5,2102.06
SO - 0005061,2016-01-12,113,Wholesale,USD,AXW291,22,9,11,2231.1,24542.1,1070.93
SO - 0005062,2016-01-12,98,Wholesale,USD,GUT930,31,1,11,3953,43483,3320.52
SO - 0005063,2016-01-12,12,Export,USD,AXW291,26,4,8,931.3,7450.4,726.41
SO - 0005064,2016-01-12,167,Distributor,USD,AXW291,1,28,8,2626.4,21011.2,1365.73
SO - 0005065,2016-01-12,90,Distributor,USD,GUT930,46,15,5,1681.7,8408.5,1294.91
SO - 0005066,2016-01-12,153,Distributor,USD,FLR025,65,26,10,1266.3,12663,987.71
SO - 0005067,2016-01-12,105,Distributor,USD,AXW291,15,26,8,3356.7,26853.6,1879.75
SO - 0005068,2016-01-12,35,Distributor,USD,GUT930,41,15,8,1112.2,8897.6,767.42
SO - 0005069,2016-01-12,91,Wholesale,USD,NXH382,49,25,8,1862.6,14900.8,819.54
SO - 0005070,2016-01-12,152,Distributor,USD,AXW291,28,7,5,254.6,1273,106.93
SO - 0005071,2016-01-12,149,Export,USD,GUT930,32,16,9,3919.5,35275.5,2822.04
SO - 0005072,2016-01-12,2,Wholesale,USD,GUT930,32,2,9,3979.8,35818.2,3024.65
SO - 0005073,2016-01-13,109,Wholesale,USD,GUT930,44,25,6,3859.2,23155.2,1852.42
SO - 0005074,2016-01-13,36,Export,USD,GUT930,32,16,10,214.4,2144,109.34
SO - 0005075,2016-01-13,21,Wholesale,USD,AXW291,7,23,10,1252.9,12529,989.79
SO - 0005076,2016-01-13,102,Wholesale,USD,AXW291,30,26,7,4013.3,28093.1,2367.85
SO - 0005077,2016-01-13,6,Wholesale,USD,AXW291,24,25,12,1112.2,13346.4,645.08
SO - 0005078,2016-01-13,146,Wholesale,USD,NXH382,53,26,5,3859.2,19296,2662.85
SO - 0005079,2016-01-13,159,Wholesale,USD,AXW291,15,2,8,3825.7,30605.6,3137.07
SO - 0005080,2016-01-13,79,Wholesale,USD,AXW291,5,1,9,241.2,2170.8,173.66
SO - 0005081,2016-01-13,171,Wholesale,USD,NXH382,55,30,5,3979.8,19899,2467.48
SO - 0005082,2016-01-13,113,Export,USD,GUT930,43,6,5,3899.4,19497,3197.51
SO - 0005083,2016-01-13,148,Export,USD,AXW291,9,2,6,2412,14472,1736.64
SO - 0005084,2016-01-13,140,Distributor,USD,AXW291,16,5,8,5875.9,47007.2,4289.41
SO - 0005085,2016-01-13,122,Wholesale,USD,FLR025,62,14,5,5293,26465,3122.87
SO - 0005086,2016-01-14,78,Wholesale,USD,NXH382,51,5,10,3912.8,39128,1995.53
SO - 0005087,2016-01-14,142,Wholesale,USD,GUT930,44,4,7,1159.1,8113.7,718.64
SO - 0005088,2016-01-14,9,Wholesale,USD,AXW291,16,27,6,1125.6,6753.6,596.57
SO - 0005089,2016-01-14,130,Wholesale,USD,AXW291,23,5,5,3912.8,19564,1956.4
SO - 0005090,2016-01-14,29,Distributor,USD,GUT930,35,9,12,227.8,2733.6,159.46
SO - 0005091,2016-01-14,59,Export,USD,NXH382,51,9,9,1018.4,9165.6,407.36
SO - 0005092,2016-01-14,121,Wholesale,USD,AXW291,5,20,11,938,10318,684.74
SO - 0005093,2016-01-14,81,Wholesale,USD,GUT930,44,25,9,227.8,2050.2,102.51
SO - 0005094,2016-01-14,54,Distributor,USD,AXW291,20,7,9,1005,9045,673.35
SO - 0005095,2016-01-15,38,Distributor,USD,AXW291,22,13,10,227.8,2278,166.29
SO - 0005096,2016-01-15,61,Distributor,USD,NXH382,59,23,5,1072,5360,546.72
SO - 0005097,2016-01-15,139,Distributor,USD,AXW291,1,4,12,2505.8,30069.6,1954.52
SO - 0005098,2016-01-15,113,Wholesale,USD,AXW291,12,29,9,4020,36180,3015
SO - 0005099,2016-01-15,80,Wholesale,USD,AXW291,16,5,5,5916.1,29580.5,3253.86
SO - 0005100,2016-01-15,21,Wholesale,USD,NXH382,52,17,9,1092.1,9828.9,567.89
SO - 0005101,2016-01-15,45,Export,USD,GUT930,40,15,11,3959.7,43556.7,2375.82
SO - 0005102,2016-01-15,32,Distributor,USD,NXH382,49,4,10,3845.8,38458,1884.44
SO - 0005103,2016-01-15,63,Wholesale,USD,NXH382,51,25,9,3919.5,35275.5,2586.87
SO - 0005104,2016-01-15,27,Distributor,USD,NXH382,57,17,5,268,1340,131.32
SO - 0005105,2016-01-16,38,Wholesale,USD,NXH382,52,25,7,3986.5,27905.5,1634.47
SO - 0005106,2016-01-16,61,Export,USD,AXW291,20,26,10,2680,26800,1795.6
SO - 0005107,2016-01-16,163,Distributor,USD,AXW291,4,13,10,1045.2,10452,501.7
SO - 0005108,2016-01-16,82,Distributor,USD,AXW291,26,20,8,5949.6,47596.8,3272.28
SO - 0005109,2016-01-16,76,Distributor,USD,AXW291,14,26,7,3946.3,27624.1,1578.52
SO - 0005110,2016-01-16,81,Wholesale,USD,AXW291,15,22,9,1969.8,17728.2,1536.44
SO - 0005111,2016-01-16,94,Export,USD,AXW291,3,17,6,5862.5,35175,2872.63
SO - 0005112,2016-01-16,7,Wholesale,USD,AXW291,30,14,5,1681.7,8408.5,739.95
SO - 0005113,2016-01-17,139,Wholesale,USD,AXW291,17,25,6,2432.1,14592.6,1361.98
SO - 0005114,2016-01-17,75,Distributor,USD,GUT930,41,17,11,1701.8,18719.8,1429.51
SO - 0005115,2016-01-17,137,Wholesale,USD,AXW291,30,25,7,3504.1,24528.7,2207.58
SO - 0005116,2016-01-17,22,Distributor,USD,GUT930,40,20,11,2639.8,29037.8,1689.47
SO - 0005117,2016-01-17,57,Wholesale,USD,NXH382,53,4,12,1701.8,20421.6,1021.08
SO - 0005118,2016-01-17,121,Distributor,USD,AXW291,14,25,7,5514.1,38598.7,2315.92
SO - 0005119,2016-01-17,113,Wholesale,USD,AXW291,15,16,10,1105.5,11055,696.47
SO - 0005120,2016-01-17,148,Wholesale,USD,FLR025,63,16,8,1031.8,8254.4,815.12
SO - 0005121,2016-01-17,88,Wholesale,USD,AXW291,9,30,6,5681.6,34089.6,4090.75
SO - 0005122,2016-01-17,76,Wholesale,USD,AXW291,31,30,8,2525.9,20207.2,1869.17
SO - 0005123,2016-01-17,153,Wholesale,USD,FLR025,65,1,6,1279.7,7678.2,639.85
SO - 0005124,2016-01-18,1,Wholesale,USD,AXW291,24,26,12,3095.4,37144.8,2073.92
SO - 0005125,2016-01-18,123,Wholesale,USD,AXW291,9,26,5,174.2,871,146.33
SO - 0005126,2016-01-18,8,Wholesale,USD,AXW291,1,26,6,978.2,5869.2,684.74
SO - 0005127,2016-01-18,113,Wholesale,USD,FLR025,61,15,5,227.8,1139,148.07
SO - 0005128,2016-01-18,30,Distributor,USD,AXW291,2,26,5,227.8,1139,161.74
SO - 0005129,2016-01-18,5,Export,USD,NXH382,52,28,8,6318.1,50544.8,4738.58
SO - 0005130,2016-01-18,140,Wholesale,USD,AXW291,16,26,9,1701.8,15316.2,935.99
SO - 0005131,2016-01-18,72,Distributor,USD,FLR025,60,9,8,3055.2,24441.6,2230.3
SO - 0005132,2016-01-18,4,Distributor,USD,AXW291,17,18,11,877.7,9654.7,728.49
SO - 0005133,2016-01-19,51,Wholesale,USD,NXH382,55,23,5,1098.8,5494,901.02
SO - 0005134,2016-01-19,147,Wholesale,USD,AXW291,17,26,10,958.1,9581,469.47
SO - 0005135,2016-01-19,14,Wholesale,USD,NXH382,50,26,9,1005,9045,452.25
SO - 0005136,2016-01-19,156,Wholesale,USD,AXW291,26,18,11,1058.6,11644.6,804.54
SO - 0005137,2016-01-19,48,Wholesale,USD,NXH382,48,14,5,1058.6,5293,698.68
SO - 0005138,2016-01-20,61,Wholesale,USD,FLR025,61,16,7,5540.9,38786.3,2438
SO - 0005139,2016-01-20,70,Wholesale,USD,NXH382,54,14,12,1132.3,13587.6,600.12
SO - 0005140,2016-01-20,110,Distributor,USD,AXW291,10,20,9,1125.6,10130.4,506.52
SO - 0005141,2016-01-20,48,Wholesale,USD,NXH382,59,22,5,2552.7,12763.5,1225.3
SO - 0005142,2016-01-20,6,Wholesale,USD,AXW291,26,26,6,1018.4,6110.4,661.96
SO - 0005143,2016-01-20,101,Export,USD,NXH382,55,5,12,964.8,11577.6,472.75
SO - 0005144,2016-01-20,112,Distributor,USD,AXW291,8,25,11,964.8,10612.8,685.01
SO - 0005145,2016-01-20,145,Distributor,USD,AXW291,7,30,12,2492.4,29908.8,996.96
SO - 0005146,2016-01-20,141,Wholesale,USD,GUT930,39,29,5,971.5,4857.5,806.35
SO - 0005147,2016-01-20,34,Export,USD,AXW291,1,19,6,1065.3,6391.8,777.67
SO - 0005148,2016-01-20,47,Export,USD,GUT930,36,26,6,6130.5,36783,3310.47
SO - 0005149,2016-01-21,136,Wholesale,USD,AXW291,15,26,12,2653.2,31838.4,1936.84
SO - 0005150,2016-01-21,129,Wholesale,USD,AXW291,15,17,11,1125.6,12381.6,607.82
SO - 0005151,2016-01-21,58,Distributor,USD,AXW291,21,15,6,857.6,5145.6,531.71
SO - 0005152,2016-01-21,55,Wholesale,USD,AXW291,20,25,5,1782.2,8911,1354.47
SO - 0005153,2016-01-21,85,Wholesale,USD,AXW291,13,5,7,2010,14070,1045.2
SO - 0005154,2016-01-22,48,Export,USD,NXH382,57,21,8,857.6,6860.8,660.35
SO - 0005155,2016-01-22,169,Distributor,USD,AXW291,6,1,7,871,6097,644.54
SO - 0005156,2016-01-22,161,Distributor,USD,AXW291,14,18,8,2559.4,20475.2,1945.14
SO - 0005157,2016-01-22,69,Wholesale,USD,AXW291,10,19,9,3812.3,34310.7,1601.17
SO - 0005158,2016-01-22,119,Wholesale,USD,AXW291,23,26,5,1058.6,5293,571.64
SO - 0005159,2016-01-22,109,Distributor,USD,NXH382,56,26,7,2479,17353,1958.41
SO - 0005160,2016-01-22,103,Export,USD,AXW291,31,15,5,1742,8710,1480.7
SO - 0005161,2016-01-22,132,Wholesale,USD,FLR025,62,14,9,3162.4,28461.6,1739.32
SO - 0005162,2016-01-22,131,Distributor,USD,AXW291,30,3,9,207.7,1869.3,97.62
SO - 0005163,2016-01-22,40,Wholesale,USD,AXW291,26,26,9,931.3,8381.7,605.35
SO - 0005164,2016-01-22,99,Export,USD,GUT930,36,5,5,5098.7,25493.5,3365.14
SO - 0005165,2016-01-22,116,Export,USD,NXH382,54,14,10,1165.8,11658,909.32
SO - 0005166,2016-01-23,131,Wholesale,USD,NXH382,47,6,7,1909.5,13366.5,954.75
SO - 0005167,2016-01-23,53,Distributor,USD,AXW291,7,5,5,6244.4,31222,5057.96
SO - 0005168,2016-01-23,67,Distributor,USD,AXW291,6,12,6,3872.6,23235.6,3252.98
SO - 0005169,2016-01-23,57,Wholesale,USD,AXW291,26,11,12,1762.1,21145.2,1180.61
SO - 0005170,2016-01-23,109,Export,USD,GUT930,43,26,7,2552.7,17868.9,1480.57
SO - 0005171,2016-01-23,54,Export,USD,GUT930,36,17,6,1005,6030,502.5
SO - 0005172,2016-01-23,124,Wholesale,USD,AXW291,15,16,9,1340,12060,978.2
SO - 0005173,2016-01-23,100,Export,USD,NXH382,54,4,8,1842.5,14740,921.25
SO - 0005174,2016-01-23,81,Wholesale,USD,AXW291,7,14,5,3852.5,19262.5,3236.1
SO - 0005175,2016-01-24,54,Distributor,USD,AXW291,19,5,7,1212.7,8488.9,715.49
SO - 0005176,2016-01-24,71,Wholesale,USD,AXW291,6,11,5,3819,19095,2940.63
SO - 0005177,2016-01-24,108,Wholesale,USD,AXW291,18,3,12,1065.3,12783.6,532.65
SO - 0005178,2016-01-24,31,Wholesale,USD,NXH382,56,25,9,1862.6,16763.4,1192.06
SO - 0005179,2016-01-24,152,Wholesale,USD,FLR025,62,15,11,1989.9,21888.9,1154.14
SO - 0005180,2016-01-24,153,Distributor,USD,GUT930,38,15,9,2693.4,24240.6,2289.39
SO - 0005181,2016-01-24,13,Wholesale,USD,GUT930,41,17,7,4020,28140,2613
SO - 0005182,2016-01-24,85,Distributor,USD,GUT930,39,15,8,1212.7,9701.6,557.84
SO - 0005183,2016-01-24,28,Export,USD,GUT930,39,6,9,3484,31356,2891.72
SO - 0005184,2016-01-25,108,Wholesale,USD,AXW291,24,25,8,3845.8,30766.4,2499.77
SO - 0005185,2016-01-25,41,Distributor,USD,AXW291,28,11,5,2398.6,11993,1703.01
SO - 0005186,2016-01-25,14,Distributor,USD,FLR025,65,25,10,6123.8,61238,3919.23
SO - 0005187,2016-01-25,68,Export,USD,AXW291,15,1,6,1788.9,10733.4,1216.45
SO - 0005188,2016-01-25,15,Wholesale,USD,AXW291,10,16,7,3926.2,27483.4,2002.36
SO - 0005189,2016-01-25,99,Wholesale,USD,AXW291,6,1,8,180.9,1447.2,124.82
SO - 0005190,2016-01-25,21,Wholesale,USD,AXW291,8,4,7,3169.1,22183.7,2313.44
SO - 0005191,2016-01-25,76,Distributor,USD,NXH382,48,25,12,1172.5,14070,539.35
SO - 0005192,2016-01-26,131,Wholesale,USD,AXW291,16,26,7,3959.7,27717.9,2573.81
SO - 0005193,2016-01-26,86,Distributor,USD,AXW291,23,3,11,194.3,2137.3,108.81
SO - 0005194,2016-01-26,157,Export,USD,AXW291,6,26,12,2318.2,27818.4,1877.74
SO - 0005195,2016-01-26,123,Wholesale,USD,NXH382,55,26,8,1916.2,15329.6,1494.64
SO - 0005196,2016-01-26,70,Distributor,USD,AXW291,13,1,6,2512.5,15075,1055.25
SO - 0005197,2016-01-26,69,Export,USD,FLR025,64,21,10,174.2,1742,102.78
SO - 0005198,2016-01-27,142,Wholesale,USD,FLR025,62,5,10,5668.2,56682,3344.24
SO - 0005199,2016-01-27,53,Wholesale,USD,AXW291,31,30,10,1876,18760,1106.84
SO - 0005200,2016-01-27,137,Distributor,USD,FLR025,66,26,9,1969.8,17728.2,886.41
SO - 0005201,2016-01-27,158,Wholesale,USD,GUT930,44,26,5,1045.2,5226,836.16
SO - 0005202,2016-01-27,100,Distributor,USD,NXH382,50,13,8,5681.6,45452.8,2727.17
SO - 0005203,2016-01-27,77,Distributor,USD,AXW291,27,18,10,1105.5,11055,442.2
SO - 0005204,2016-01-27,67,Wholesale,USD,AXW291,12,26,7,5427,37989,2170.8
SO - 0005205,2016-01-28,65,Wholesale,USD,AXW291,26,8,11,2378.5,26163.5,1403.32
SO - 0005206,2016-01-28,113,Wholesale,USD,AXW291,8,3,7,5038.4,35268.8,2418.43
SO - 0005207,2016-01-28,4,Wholesale,USD,AXW291,2,26,10,857.6,8576,497.41
SO - 0005208,2016-01-28,87,Distributor,USD,AXW291,27,2,8,1728.6,13828.8,1417.45
SO - 0005209,2016-01-28,120,Wholesale,USD,GUT930,44,23,6,221.1,1326.6,163.61
SO - 0005210,2016-01-28,167,Distributor,USD,GUT930,45,14,11,1118.9,12307.9,637.77
SO - 0005211,2016-01-28,102,Distributor,USD,AXW291,28,2,7,207.7,1453.9,137.08
SO - 0005212,2016-01-28,106,Wholesale,USD,AXW291,16,5,10,1051.9,10519,641.66
SO - 0005213,2016-01-29,44,Wholesale,USD,AXW291,26,13,8,214.4,1715.2,107.2
SO - 0005214,2016-01-29,147,Wholesale,USD,AXW291,6,15,8,6485.6,51884.8,4734.49
SO - 0005215,2016-01-29,71,Export,USD,GUT930,46,3,7,2706.8,18947.6,1569.94
SO - 0005216,2016-01-29,159,Wholesale,USD,AXW291,9,23,6,951.4,5708.4,589.87
SO - 0005217,2016-01-29,47,Distributor,USD,NXH382,49,27,7,1983.2,13882.4,1487.4
SO - 0005218,2016-01-29,48,Wholesale,USD,AXW291,9,25,10,3872.6,38726,2517.19
SO - 0005219,2016-01-29,162,Distributor,USD,GUT930,39,25,11,3999.9,43998.9,3119.92
SO - 0005220,2016-01-30,30,Distributor,USD,NXH382,49,10,8,2244.5,17956,1773.16
SO - 0005221,2016-01-30,44,Wholesale,USD,AXW291,25,4,11,1748.7,19235.7,699.48
SO - 0005222,2016-01-30,48,Distributor,USD,AXW291,6,16,12,3845.8,46149.6,1615.24
SO - 0005223,2016-01-30,63,Export,USD,AXW291,17,16,7,2398.6,16790.2,1990.84
SO - 0005224,2016-01-30,141,Distributor,USD,AXW291,23,2,8,5554.3,44434.4,4276.81
SO - 0005225,2016-01-30,136,Wholesale,USD,FLR025,62,16,6,3926.2,23557.2,2630.55
SO - 0005226,2016-01-30,114,Export,USD,AXW291,29,25,8,6231,49848,3177.81
SO - 0005227,2016-01-30,106,Distributor,USD,AXW291,25,1,6,6056.8,36340.8,4118.62
SO - 0005228,2016-01-31,33,Export,USD,NXH382,49,24,6,2552.7,15316.2,1327.4
SO - 0005229,2016-01-31,92,Distributor,USD,GUT930,46,16,9,1038.5,9346.5,882.73
SO - 0005230,2016-01-31,164,Wholesale,USD,GUT930,44,21,11,6244.4,68688.4,5182.85
SO - 0005231,2016-01-31,65,Wholesale,USD,GUT930,33,15,11,3852.5,42377.5,1926.25
SO - 0005232,2016-01-31,44,Wholesale,USD,AXW291,10,15,8,3906.1,31248.8,2812.39
SO - 0005233,2016-01-31,93,Export,USD,GUT930,32,21,12,227.8,2733.6,111.62
SO - 0005234,2016-01-31,106,Distributor,USD,GUT930,34,13,5,3457.2,17286,1486.6
SO - 0005235,2016-01-31,101,Wholesale,USD,GUT930,36,13,7,2412,16884,1712.52
SO - 0005236,2016-02-01,51,Wholesale,USD,GUT930,35,15,10,4006.6,40066,3285.41
SO - 0005237,2016-02-01,122,Wholesale,USD,FLR025,66,3,7,261.3,1829.1,107.13
SO - 0005238,2016-02-01,86,Export,USD,AXW291,16,26,5,938,4690,534.66
SO - 0005239,2016-02-01,173,Distributor,USD,NXH382,49,14,10,3028.4,30284,2150.16
SO - 0005240,2016-02-01,11,Wholesale,USD,AXW291,6,5,7,2546,17822,1476.68
SO - 0005241,2016-02-01,100,Wholesale,USD,AXW291,12,12,7,214.4,1500.8,124.35
SO - 0005242,2016-02-01,94,Wholesale,USD,AXW291,24,13,8,214.4,1715.2,96.48
SO - 0005243,2016-02-02,21,Distributor,USD,GUT930,39,3,9,3845.8,34612.2,1922.9
SO - 0005244,2016-02-02,20,Wholesale,USD,AXW291,4,18,10,1038.5,10385,737.34
SO - 0005245,2016-02-02,60,Distributor,USD,FLR025,61,9,7,234.5,1641.5,93.8
SO - 0005246,2016-02-02,125,Export,USD,GUT930,34,14,12,904.5,10854,443.21
SO - 0005247,2016-02-02,62,Wholesale,USD,AXW291,21,13,12,1728.6,20743.2,1019.87
SO - 0005248,2016-02-02,59,Distributor,USD,GUT930,44,23,9,743.7,6693.3,312.35
SO - 0005249,2016-02-03,22,Wholesale,USD,AXW291,2,17,11,1192.6,13118.6,632.08
SO - 0005250,2016-02-03,43,Wholesale,USD,GUT930,38,26,7,2211,15477,1392.93
SO - 0005251,2016-02-03,62,Export,USD,AXW291,20,5,5,837.5,4187.5,502.5
SO - 0005252,2016-02-03,144,Wholesale,USD,GUT930,32,17,10,2505.8,25058,1603.71
SO - 0005253,2016-02-03,84,Wholesale,USD,AXW291,29,29,6,194.3,1165.8,114.64
SO - 0005254,2016-02-03,7,Wholesale,USD,AXW291,3,1,6,1969.8,11818.8,1181.88
SO - 0005255,2016-02-03,120,Wholesale,USD,AXW291,4,13,5,1929.6,9648,1485.79
SO - 0005256,2016-02-03,161,Wholesale,USD,NXH382,57,6,9,207.7,1869.3,95.54
SO - 0005257,2016-02-03,25,Wholesale,USD,GUT930,42,5,7,3906.1,27342.7,3046.76
SO - 0005258,2016-02-03,73,Export,USD,NXH382,51,2,11,3879.3,42672.3,3025.85
SO - 0005259,2016-02-03,127,Wholesale,USD,AXW291,14,1,10,2438.8,24388,1999.82
SO - 0005260,2016-02-04,102,Export,USD,NXH382,47,1,11,2278,25058,1070.66
SO - 0005261,2016-02-04,14,Wholesale,USD,AXW291,26,1,8,6237.7,49901.6,4803.03
SO - 0005262,2016-02-04,6,Wholesale,USD,NXH382,48,17,6,5098.7,30592.2,4180.93
SO - 0005263,2016-02-04,136,Wholesale,USD,NXH382,56,2,6,1943,11658,1515.54
SO - 0005264,2016-02-04,164,Distributor,USD,GUT930,38,5,6,824.1,4944.6,354.36
SO - 0005265,2016-02-04,131,Distributor,USD,NXH382,49,8,8,1072,8576,600.32
SO - 0005266,2016-02-04,22,Wholesale,USD,AXW291,14,9,6,2539.3,15235.8,1904.48
SO - 0005267,2016-02-04,86,Wholesale,USD,AXW291,9,17,6,2345,14070,1195.95
SO - 0005268,2016-02-04,17,Wholesale,USD,NXH382,54,26,10,1025.1,10251,563.81
SO - 0005269,2016-02-05,103,Export,USD,AXW291,6,22,8,991.6,7932.8,545.38
SO - 0005270,2016-02-05,159,Distributor,USD,AXW291,16,24,9,2345,21105,1735.3
SO - 0005271,2016-02-05,87,Wholesale,USD,AXW291,4,8,11,1701.8,18719.8,1276.35
SO - 0005272,2016-02-05,47,Distributor,USD,AXW291,12,28,12,174.2,2090.4,123.68
SO - 0005273,2016-02-05,140,Export,USD,NXH382,50,15,6,1058.6,6351.6,868.05
SO - 0005274,2016-02-05,59,Distributor,USD,AXW291,12,26,7,3966.4,27764.8,2379.84
SO - 0005275,2016-02-06,46,Export,USD,GUT930,41,15,9,201,1809,120.6
SO - 0005276,2016-02-06,10,Distributor,USD,GUT930,37,13,7,2358.4,16508.8,1462.21
SO - 0005277,2016-02-06,66,Distributor,USD,GUT930,43,11,9,6257.8,56320.2,3066.32
SO - 0005278,2016-02-06,2,Distributor,USD,GUT930,42,6,5,931.3,4656.5,689.16
SO - 0005279,2016-02-06,51,Wholesale,USD,AXW291,5,9,11,1172.5,12897.5,750.4
SO - 0005280,2016-02-07,12,Wholesale,USD,FLR025,65,29,5,1922.9,9614.5,1288.34
SO - 0005281,2016-02-07,59,Wholesale,USD,AXW291,14,25,7,2747,19229,1098.8
SO - 0005282,2016-02-07,72,Wholesale,USD,GUT930,39,21,5,5272.9,26364.5,2267.35
SO - 0005283,2016-02-07,81,Wholesale,USD,GUT930,36,29,5,2646.5,13232.5,1640.83
SO - 0005284,2016-02-07,122,Distributor,USD,FLR025,62,1,12,3906.1,46873.2,1874.93
SO - 0005285,2016-02-07,49,Wholesale,USD,GUT930,42,17,9,1038.5,9346.5,498.48
SO - 0005286,2016-02-07,59,Export,USD,NXH382,51,13,6,1159.1,6954.6,486.82
SO - 0005287,2016-02-07,121,Distributor,USD,NXH382,54,15,10,2244.5,22445,1167.14
SO - 0005288,2016-02-07,44,Distributor,USD,NXH382,52,16,7,1708.5,11959.5,1418.06
SO - 0005289,2016-02-08,20,Distributor,USD,AXW291,20,22,5,1038.5,5192.5,830.8
SO - 0005290,2016-02-08,105,Wholesale,USD,AXW291,25,6,9,3832.4,34491.6,2069.5
SO - 0005291,2016-02-08,147,Wholesale,USD,GUT930,31,20,6,1815.7,10894.2,1379.93
SO - 0005292,2016-02-08,43,Distributor,USD,GUT930,42,14,6,1092.1,6552.6,753.55
SO - 0005293,2016-02-08,17,Wholesale,USD,GUT930,32,3,10,1125.6,11256,540.29
SO - 0005294,2016-02-08,1,Wholesale,USD,NXH382,57,25,9,214.4,1929.6,139.36
SO - 0005295,2016-02-09,142,Export,USD,AXW291,13,27,6,3477.3,20863.8,2677.52
SO - 0005296,2016-02-09,175,Wholesale,USD,AXW291,20,7,7,1005,7035,713.55
SO - 0005297,2016-02-09,15,Distributor,USD,AXW291,22,4,7,2606.3,18244.1,1172.84
SO - 0005298,2016-02-09,94,Distributor,USD,AXW291,8,16,7,2586.2,18103.4,2068.96
SO - 0005299,2016-02-09,171,Distributor,USD,AXW291,20,2,7,5909.4,41365.8,4432.05
SO - 0005300,2016-02-09,80,Wholesale,USD,GUT930,37,25,6,3879.3,23275.8,1862.06
SO - 0005301,2016-02-10,11,Export,USD,AXW291,2,2,7,254.6,1782.2,175.67
SO - 0005302,2016-02-10,141,Distributor,USD,NXH382,59,14,12,1755.4,21064.8,1018.13
SO - 0005303,2016-02-10,144,Export,USD,GUT930,43,18,9,958.1,8622.9,479.05
SO - 0005304,2016-02-10,46,Wholesale,USD,GUT930,46,14,11,911.2,10023.2,419.15
SO - 0005305,2016-02-10,159,Export,USD,AXW291,17,21,9,971.5,8743.5,446.89
SO - 0005306,2016-02-10,132,Wholesale,USD,AXW291,27,16,5,254.6,1273,216.41
SO - 0005307,2016-02-10,139,Wholesale,USD,GUT930,44,26,9,201,1809,100.5
SO - 0005308,2016-02-10,17,Wholesale,USD,AXW291,19,5,9,167.5,1507.5,130.65
SO - 0005309,2016-02-10,67,Export,USD,FLR025,64,15,6,3845.8,23074.8,1653.69
SO - 0005310,2016-02-10,111,Wholesale,USD,AXW291,16,25,12,1165.8,13989.6,722.8
SO - 0005311,2016-02-11,86,Distributor,USD,GUT930,43,4,10,1031.8,10318,526.22
SO - 0005312,2016-02-11,44,Wholesale,USD,AXW291,8,18,5,971.5,4857.5,650.91
SO - 0005313,2016-02-11,76,Wholesale,USD,AXW291,13,30,9,1045.2,9406.8,773.45
SO - 0005314,2016-02-11,31,Wholesale,USD,AXW291,30,15,9,2680,24120,2170.8
SO - 0005315,2016-02-11,4,Distributor,USD,AXW291,30,26,11,261.3,2874.3,222.11
SO - 0005316,2016-02-11,79,Distributor,USD,GUT930,40,9,5,6150.6,30753,4428.43
SO - 0005317,2016-02-11,121,Wholesale,USD,AXW291,27,29,9,207.7,1869.3,137.08
SO - 0005318,2016-02-11,10,Distributor,USD,AXW291,4,20,6,1085.4,6512.4,445.01
SO - 0005319,2016-02-11,115,Export,USD,AXW291,11,12,10,5969.7,59697,4656.37
SO - 0005320,2016-02-11,166,Distributor,USD,AXW291,11,5,5,3584.5,17922.5,2509.15
SO - 0005321,2016-02-11,41,Wholesale,USD,NXH382,58,15,6,2318.2,13909.2,1414.1
SO - 0005322,2016-02-11,106,Export,USD,GUT930,36,19,8,2371.8,18974.4,1304.49
SO - 0005323,2016-02-11,128,Distributor,USD,AXW291,22,25,8,1922.9,15383.2,999.91
SO - 0005324,2016-02-12,144,Wholesale,USD,AXW291,3,25,5,971.5,4857.5,641.19
SO - 0005325,2016-02-12,105,Export,USD,AXW291,25,26,9,1112.2,10009.8,633.95
SO - 0005326,2016-02-12,133,Distributor,USD,NXH382,57,4,8,917.9,7343.2,771.04
SO - 0005327,2016-02-12,131,Distributor,USD,AXW291,11,13,7,864.3,6050.1,596.37
SO - 0005328,2016-02-12,104,Wholesale,USD,AXW291,24,25,12,1072,12864,868.32
SO - 0005329,2016-02-12,13,Wholesale,USD,AXW291,12,26,8,1862.6,14900.8,949.93
SO - 0005330,2016-02-12,44,Distributor,USD,GUT930,35,15,5,3852.5,19262.5,1695.1
SO - 0005331,2016-02-12,142,Wholesale,USD,AXW291,16,17,11,1078.7,11865.7,560.92
SO - 0005332,2016-02-13,4,Distributor,USD,AXW291,19,26,5,3323.2,16616,1860.99
SO - 0005333,2016-02-13,29,Wholesale,USD,AXW291,16,7,7,2405.3,16837.1,1154.54
SO - 0005334,2016-02-13,14,Wholesale,USD,FLR025,65,1,7,5621.3,39349.1,3541.42
SO - 0005335,2016-02-13,43,Export,USD,AXW291,12,24,9,1065.3,9587.7,692.45
SO - 0005336,2016-02-13,36,Wholesale,USD,GUT930,46,25,8,5266.2,42129.6,2580.44
SO - 0005337,2016-02-13,73,Wholesale,USD,GUT930,41,15,6,3899.4,23396.4,3002.54
SO - 0005338,2016-02-13,36,Distributor,USD,AXW291,22,18,5,3825.7,19128.5,2257.16
SO - 0005339,2016-02-13,86,Wholesale,USD,NXH382,57,5,9,5460.5,49144.5,3767.75
SO - 0005340,2016-02-13,155,Export,USD,NXH382,50,21,7,1165.8,8160.6,781.09
SO - 0005341,2016-02-14,69,Wholesale,USD,AXW291,18,26,9,3879.3,34913.7,3142.23
SO - 0005342,2016-02-14,87,Wholesale,USD,AXW291,6,1,10,1098.8,10988,747.18
SO - 0005343,2016-02-14,41,Distributor,USD,GUT930,46,9,5,2619.7,13098.5,1152.67
SO - 0005344,2016-02-14,9,Distributor,USD,AXW291,8,25,12,3919.5,47034,2273.31
SO - 0005345,2016-02-14,165,Wholesale,USD,NXH382,58,25,9,268,2412,136.68
SO - 0005346,2016-02-14,165,Distributor,USD,GUT930,31,25,10,1085.4,10854,759.78
SO - 0005347,2016-02-14,144,Wholesale,USD,AXW291,12,20,8,3852.5,30820,3236.1
SO - 0005348,2016-02-15,131,Export,USD,AXW291,3,1,5,1192.6,5963,477.04
SO - 0005349,2016-02-15,130,Distributor,USD,AXW291,11,5,5,167.5,837.5,134
SO - 0005350,2016-02-15,20,Wholesale,USD,GUT930,44,22,7,703.5,4924.5,457.28
SO - 0005351,2016-02-15,152,Wholesale,USD,NXH382,51,3,11,227.8,2505.8,95.68
SO - 0005352,2016-02-15,30,Distributor,USD,AXW291,2,8,5,1072,5360,761.12
SO - 0005353,2016-02-15,4,Wholesale,USD,AXW291,17,5,9,2505.8,22552.2,1453.36
SO - 0005354,2016-02-15,148,Wholesale,USD,GUT930,36,24,6,891.1,5346.6,588.13
SO - 0005355,2016-02-16,31,Wholesale,USD,FLR025,61,5,10,3953,39530,2213.68
SO - 0005356,2016-02-16,172,Wholesale,USD,GUT930,31,18,8,2599.6,20796.8,2105.68
SO - 0005357,2016-02-16,110,Distributor,USD,AXW291,30,13,8,1085.4,8683.2,759.78
SO - 0005358,2016-02-16,35,Distributor,USD,GUT930,35,22,10,1902.8,19028,1046.54
SO - 0005359,2016-02-16,152,Distributor,USD,AXW291,29,24,6,1762.1,10572.6,1427.3
SO - 0005360,2016-02-16,154,Export,USD,NXH382,51,26,11,1065.3,11718.3,490.04
SO - 0005361,2016-02-16,42,Wholesale,USD,AXW291,12,1,9,670,6030,435.5
SO - 0005362,2016-02-16,118,Export,USD,NXH382,47,20,5,871,4355,365.82
SO - 0005363,2016-02-16,135,Distributor,USD,AXW291,5,26,9,2412,21708,1784.88
SO - 0005364,2016-02-17,80,Distributor,USD,GUT930,37,21,7,2726.9,19088.3,2045.18
SO - 0005365,2016-02-17,161,Wholesale,USD,AXW291,8,8,9,1051.9,9467.1,557.51
SO - 0005366,2016-02-17,114,Wholesale,USD,AXW291,21,8,12,6559.3,78711.6,3279.65
SO - 0005367,2016-02-17,10,Wholesale,USD,AXW291,19,27,7,2525.9,17681.3,1338.73
SO - 0005368,2016-02-17,44,Export,USD,AXW291,12,4,5,2559.4,12797,1330.89
SO - 0005369,2016-02-17,152,Distributor,USD,NXH382,49,14,11,3175.8,34933.8,2318.33
SO - 0005370,2016-02-17,15,Distributor,USD,AXW291,15,17,7,1085.4,7597.8,629.53
SO - 0005371,2016-02-17,24,Wholesale,USD,AXW291,26,4,7,3155.7,22089.9,2208.99
SO - 0005372,2016-02-17,13,Distributor,USD,GUT930,34,15,8,1882.7,15061.6,1355.54
SO - 0005373,2016-02-18,77,Export,USD,FLR025,65,15,5,1058.6,5293,889.22
SO - 0005374,2016-02-18,87,Wholesale,USD,FLR025,66,25,9,1112.2,10009.8,578.34
SO - 0005375,2016-02-18,142,Wholesale,USD,NXH382,57,26,8,4006.6,32052.8,2724.49
SO - 0005376,2016-02-18,107,Wholesale,USD,FLR025,65,20,5,3845.8,19229,2269.02
SO - 0005377,2016-02-18,70,Export,USD,AXW291,12,25,11,247.9,2726.9,131.39
SO - 0005378,2016-02-18,22,Export,USD,FLR025,60,26,11,6056.8,66624.8,5148.28
SO - 0005379,2016-02-18,112,Export,USD,FLR025,60,5,11,1340,14740,830.8
SO - 0005380,2016-02-18,41,Wholesale,USD,NXH382,51,26,12,1118.9,13426.8,951.07
SO - 0005381,2016-02-19,80,Wholesale,USD,AXW291,19,7,10,227.8,2278,127.57
SO - 0005382,2016-02-19,73,Wholesale,USD,AXW291,26,14,9,5956.3,53606.7,4467.23
SO - 0005383,2016-02-19,104,Wholesale,USD,AXW291,19,2,7,877.7,6143.9,526.62
SO - 0005384,2016-02-19,14,Wholesale,USD,AXW291,26,1,12,1072,12864,621.76
SO - 0005385,2016-02-19,4,Wholesale,USD,AXW291,23,6,11,1098.8,12086.8,681.26
SO - 0005386,2016-02-19,127,Wholesale,USD,GUT930,44,26,7,3879.3,27155.1,2754.3
SO - 0005387,2016-02-19,169,Wholesale,USD,AXW291,28,18,12,3082,36984,1356.08
SO - 0005388,2016-02-19,65,Export,USD,AXW291,30,18,5,167.5,837.5,105.53
SO - 0005389,2016-02-19,36,Distributor,USD,AXW291,10,19,7,5065.2,35456.4,2785.86
SO - 0005390,2016-02-19,42,Distributor,USD,GUT930,41,8,10,676.7,6767,514.29
SO - 0005391,2016-02-19,81,Export,USD,GUT930,44,6,8,1829.1,14632.8,786.51
SO - 0005392,2016-02-19,2,Wholesale,USD,GUT930,39,26,5,1085.4,5427,835.76
SO - 0005393,2016-02-20,21,Distributor,USD,AXW291,16,30,8,951.4,7611.2,732.58
SO - 0005394,2016-02-20,37,Wholesale,USD,FLR025,64,13,5,1232.8,6164,715.02
SO - 0005395,2016-02-20,112,Distributor,USD,FLR025,64,25,9,1011.7,9105.3,536.2
SO - 0005396,2016-02-20,73,Export,USD,NXH382,58,1,9,1005,9045,542.7
SO - 0005397,2016-02-20,63,Export,USD,AXW291,6,4,9,1989.9,17909.1,994.95
SO - 0005398,2016-02-20,72,Wholesale,USD,GUT930,42,5,11,938,10318,675.36
SO - 0005399,2016-02-20,92,Distributor,USD,GUT930,42,15,7,2680,18760,2278
SO - 0005400,2016-02-20,97,Wholesale,USD,AXW291,13,23,6,2914.5,17487,2156.73
SO - 0005401,2016-02-20,139,Wholesale,USD,GUT930,35,1,7,904.5,6331.5,633.15
SO - 0005402,2016-02-20,142,Distributor,USD,AXW291,25,25,6,2592.9,15557.4,1685.39
SO - 0005403,2016-02-20,90,Distributor,USD,AXW291,26,15,6,180.9,1085.4,101.3
SO - 0005404,2016-02-20,57,Wholesale,USD,AXW291,6,13,12,4006.6,48079.2,1682.77
SO - 0005405,2016-02-20,97,Wholesale,USD,GUT930,34,13,12,1949.7,23396.4,1267.31
SO - 0005406,2016-02-21,95,Distributor,USD,NXH382,48,4,10,2278,22780,1526.26
SO - 0005407,2016-02-21,86,Wholesale,USD,NXH382,54,13,6,3939.6,23637.6,2206.18
SO - 0005408,2016-02-21,18,Wholesale,USD,NXH382,50,14,11,3953,43483,1739.32
SO - 0005409,2016-02-21,59,Export,USD,FLR025,65,14,6,1018.4,6110.4,723.06
SO - 0005410,2016-02-21,21,Wholesale,USD,AXW291,3,6,11,5045.1,55496.1,3279.32
SO - 0005411,2016-02-21,45,Export,USD,NXH382,52,5,6,6003.2,36019.2,3902.08
SO - 0005412,2016-02-21,101,Export,USD,AXW291,21,16,7,757.1,5299.7,499.69
SO - 0005413,2016-02-21,154,Export,USD,AXW291,13,6,9,3115.5,28039.5,1682.37
SO - 0005414,2016-02-21,152,Wholesale,USD,AXW291,1,25,7,1835.8,12850.6,1413.57
SO - 0005415,2016-02-21,23,Distributor,USD,AXW291,25,15,11,1333.3,14666.3,879.98
SO - 0005416,2016-02-21,144,Wholesale,USD,AXW291,21,15,12,1038.5,12462,519.25
SO - 0005417,2016-02-22,131,Wholesale,USD,AXW291,3,6,10,3953,39530,2411.33
SO - 0005418,2016-02-22,113,Wholesale,USD,AXW291,12,16,8,2452.2,19617.6,1324.19
SO - 0005419,2016-02-22,153,Wholesale,USD,FLR025,64,26,6,1788.9,10733.4,1127.01
SO - 0005420,2016-02-22,113,Export,USD,GUT930,33,14,12,917.9,11014.8,495.67
SO - 0005421,2016-02-22,64,Wholesale,USD,NXH382,56,19,11,3999.9,43998.9,2799.93
SO - 0005422,2016-02-22,135,Export,USD,FLR025,61,25,8,991.6,7932.8,634.62
SO - 0005423,2016-02-22,141,Wholesale,USD,GUT930,33,4,7,268,1876,195.64
SO - 0005424,2016-02-22,26,Wholesale,USD,NXH382,55,22,7,917.9,6425.3,504.85
SO - 0005425,2016-02-22,42,Export,USD,AXW291,19,14,11,5125.5,56380.5,3895.38
SO - 0005426,2016-02-22,47,Wholesale,USD,GUT930,37,1,10,2499.1,24991,1949.3
SO - 0005427,2016-02-23,35,Distributor,USD,AXW291,7,3,5,1005,5025,804
SO - 0005428,2016-02-23,96,Wholesale,USD,NXH382,52,14,5,234.5,1172.5,189.95
SO - 0005429,2016-02-23,90,Distributor,USD,GUT930,36,28,8,5601.2,44809.6,2912.62
SO - 0005430,2016-02-23,48,Distributor,USD,NXH382,49,19,6,3289.7,19738.2,1480.37
SO - 0005431,2016-02-23,165,Wholesale,USD,NXH382,58,20,5,5514.1,27570.5,2536.49
SO - 0005432,2016-02-23,48,Distributor,USD,NXH382,51,20,6,5380.1,32280.6,2205.84
SO - 0005433,2016-02-23,125,Wholesale,USD,NXH382,59,25,8,3611.3,28890.4,2058.44
SO - 0005434,2016-02-23,136,Wholesale,USD,AXW291,5,23,9,6344.9,57104.1,4124.19
SO - 0005435,2016-02-23,70,Wholesale,USD,AXW291,3,1,5,3370.1,16850.5,2527.58
SO - 0005436,2016-02-23,51,Wholesale,USD,FLR025,66,26,9,261.3,2351.7,169.85
SO - 0005437,2016-02-23,135,Wholesale,USD,AXW291,16,15,8,3906.1,31248.8,3242.06
SO - 0005438,2016-02-23,95,Distributor,USD,AXW291,4,25,6,944.7,5668.2,699.08
SO - 0005439,2016-02-23,98,Wholesale,USD,AXW291,13,26,6,180.9,1085.4,139.29
SO - 0005440,2016-02-24,117,Distributor,USD,GUT930,31,5,11,917.9,10096.9,706.78
SO - 0005441,2016-02-24,49,Distributor,USD,AXW291,15,10,9,958.1,8622.9,469.47
SO - 0005442,2016-02-24,59,Wholesale,USD,AXW291,11,7,7,2405.3,16837.1,2044.51
SO - 0005443,2016-02-24,79,Wholesale,USD,FLR025,63,15,7,891.1,6237.7,427.73
SO - 0005444,2016-02-24,73,Distributor,USD,AXW291,14,20,7,4013.3,28093.1,2809.31
SO - 0005445,2016-02-24,5,Export,USD,AXW291,20,3,5,2599.6,12998,1039.84
SO - 0005446,2016-02-24,65,Wholesale,USD,AXW291,20,16,10,1132.3,11323,905.84
SO - 0005447,2016-02-24,131,Distributor,USD,GUT930,46,23,12,1969.8,23637.6,1615.24
SO - 0005448,2016-02-24,98,Distributor,USD,NXH382,53,26,9,2351.7,21165.3,1552.12
SO - 0005449,2016-02-24,131,Wholesale,USD,AXW291,19,20,6,3979.8,23878.8,1790.91
SO - 0005450,2016-02-24,2,Wholesale,USD,AXW291,24,3,8,2311.5,18492,1040.18
SO - 0005451,2016-02-25,120,Wholesale,USD,NXH382,49,20,8,3390.2,27121.6,2339.24
SO - 0005452,2016-02-25,82,Wholesale,USD,AXW291,11,25,5,3986.5,19932.5,1993.25
SO - 0005453,2016-02-25,25,Wholesale,USD,FLR025,65,14,5,227.8,1139,186.8
SO - 0005454,2016-02-25,125,Wholesale,USD,AXW291,15,4,7,1051.9,7363.3,736.33
SO - 0005455,2016-02-25,31,Distributor,USD,GUT930,40,25,9,4013.3,36119.7,2327.71
SO - 0005456,2016-02-25,77,Distributor,USD,GUT930,36,20,11,3939.6,43335.6,1733.42
SO - 0005457,2016-02-25,24,Distributor,USD,AXW291,13,25,9,797.3,7175.7,422.57
SO - 0005458,2016-02-25,44,Wholesale,USD,NXH382,52,1,9,3504.1,31536.9,2943.44
SO - 0005459,2016-02-25,41,Distributor,USD,GUT930,40,17,12,3859.2,46310.4,2585.66
SO - 0005460,2016-02-25,90,Wholesale,USD,NXH382,53,18,9,1286.4,11577.6,771.84
SO - 0005461,2016-02-25,73,Distributor,USD,NXH382,59,21,9,1996.6,17969.4,1437.55
SO - 0005462,2016-02-26,26,Distributor,USD,AXW291,27,15,6,2391.9,14351.4,1602.57
SO - 0005463,2016-02-26,102,Distributor,USD,GUT930,44,25,5,1768.8,8844,972.84
SO - 0005464,2016-02-26,100,Export,USD,FLR025,62,3,8,6036.7,48293.6,3923.86
SO - 0005465,2016-02-26,30,Export,USD,NXH382,48,8,12,1159.1,13909.2,822.96
SO - 0005466,2016-02-26,70,Wholesale,USD,GUT930,39,23,5,167.5,837.5,72.03
SO - 0005467,2016-02-26,101,Distributor,USD,AXW291,31,17,12,696.8,8361.6,564.41
SO - 0005468,2016-02-26,111,Distributor,USD,NXH382,53,19,7,1125.6,7879.2,495.26
SO - 0005469,2016-02-26,20,Wholesale,USD,GUT930,40,1,10,1842.5,18425,1087.08
SO - 0005470,2016-02-26,70,Export,USD,NXH382,51,25,7,234.5,1641.5,192.29
SO - 0005471,2016-02-26,53,Export,USD,GUT930,44,23,9,6438.7,57948.3,4185.16
SO - 0005472,2016-02-26,83,Wholesale,USD,AXW291,11,4,6,5319.8,31918.8,4521.83
SO - 0005473,2016-02-26,133,Wholesale,USD,NXH382,52,26,10,241.2,2412,166.43
SO - 0005474,2016-02-26,32,Distributor,USD,GUT930,37,13,11,4020,44220,3417
SO - 0005475,2016-02-26,2,Wholesale,USD,GUT930,38,25,8,2365.1,18920.8,1419.06
SO - 0005476,2016-02-27,74,Wholesale,USD,FLR025,66,26,11,1072,11792,493.12
SO - 0005477,2016-02-27,165,Distributor,USD,FLR025,66,28,7,1996.6,13976.2,1477.48
SO - 0005478,2016-02-27,147,Export,USD,AXW291,3,25,10,1031.8,10318,453.99
SO - 0005479,2016-02-27,129,Distributor,USD,NXH382,59,1,6,3859.2,23155.2,1620.86
SO - 0005480,2016-02-27,79,Wholesale,USD,NXH382,60,14,5,2686.7,13433.5,2122.49
SO - 0005481,2016-02-27,95,Distributor,USD,FLR025,62,3,12,2378.5,28542,1236.82
SO - 0005482,2016-02-27,41,Wholesale,USD,GUT930,35,26,10,6023.3,60233,4517.48
SO - 0005483,2016-02-27,31,Wholesale,USD,NXH382,58,26,10,5829,58290,3730.56
SO - 0005484,2016-02-28,87,Distributor,USD,FLR025,64,5,6,3926.2,23557.2,1845.31
SO - 0005485,2016-02-28,98,Wholesale,USD,FLR025,61,2,7,201,1407,118.59
SO - 0005486,2016-02-28,170,Wholesale,USD,AXW291,20,6,6,2606.3,15637.8,1485.59
SO - 0005487,2016-02-28,150,Wholesale,USD,GUT930,41,14,10,1085.4,10854,716.36
SO - 0005488,2016-02-28,8,Distributor,USD,NXH382,49,26,5,6465.5,32327.5,4073.27
SO - 0005489,2016-02-28,60,Export,USD,NXH382,58,21,8,5092,40736,2189.56
SO - 0005490,2016-02-28,99,Distributor,USD,NXH382,60,25,8,3879.3,31034.4,2405.17
SO - 0005491,2016-02-28,91,Wholesale,USD,GUT930,42,29,7,1045.2,7316.4,616.67
SO - 0005492,2016-02-29,171,Export,USD,GUT930,32,6,5,1078.7,5393.5,852.17
SO - 0005493,2016-02-29,17,Export,USD,GUT930,36,13,6,1293.1,7758.6,995.69
SO - 0005494,2016-02-29,164,Distributor,USD,AXW291,29,25,5,1306.5,6532.5,718.58
SO - 0005495,2016-02-29,129,Distributor,USD,GUT930,45,1,5,2358.4,11792,990.53
SO - 0005496,2016-02-29,104,Export,USD,NXH382,48,6,8,1963.1,15704.8,1393.8
SO - 0005497,2016-02-29,120,Distributor,USD,FLR025,62,1,9,2291.4,20622.6,1283.18
SO - 0005498,2016-02-29,14,Export,USD,AXW291,13,5,6,3229.4,19376.4,2389.76
SO - 0005499,2016-02-29,145,Wholesale,USD,NXH382,56,26,12,2546,30552,1934.96
SO - 0005500,2016-03-01,1,Wholesale,USD,FLR025,66,14,5,1165.8,5829,792.74
SO - 0005501,2016-03-01,108,Export,USD,FLR025,65,25,6,194.3,1165.8,101.04
SO - 0005502,2016-03-01,5,Wholesale,USD,GUT930,44,1,5,911.2,4556,455.6
SO - 0005503,2016-03-01,175,Distributor,USD,NXH382,59,5,6,1011.7,6070.2,435.03
SO - 0005504,2016-03-01,118,Wholesale,USD,NXH382,57,14,9,3966.4,35697.6,1586.56
SO - 0005505,2016-03-01,56,Wholesale,USD,GUT930,39,21,6,1802.3,10813.8,1315.68
SO - 0005506,2016-03-01,12,Distributor,USD,GUT930,32,26,6,1701.8,10210.8,816.86
SO - 0005507,2016-03-01,126,Export,USD,NXH382,53,30,8,1259.6,10076.8,705.38
SO - 0005508,2016-03-01,44,Wholesale,USD,AXW291,13,25,10,696.8,6968,578.34
SO - 0005509,2016-03-01,113,Export,USD,NXH382,47,25,11,2244.5,24689.5,1705.82
SO - 0005510,2016-03-01,30,Wholesale,USD,AXW291,2,7,9,1876,16884,1275.68
SO - 0005511,2016-03-01,65,Wholesale,USD,GUT930,41,18,12,2331.6,27979.2,1445.59
SO - 0005512,2016-03-01,113,Wholesale,USD,GUT930,42,5,5,1849.2,9246,1128.01
SO - 0005513,2016-03-02,117,Distributor,USD,FLR025,62,2,10,3303.1,33031,2312.17
SO - 0005514,2016-03-02,126,Distributor,USD,FLR025,61,14,6,3832.4,22994.4,3104.24
SO - 0005515,2016-03-02,23,Distributor,USD,GUT930,36,5,5,3872.6,19363,1897.57
SO - 0005516,2016-03-02,66,Distributor,USD,AXW291,30,14,8,3999.9,31999.2,3399.92
SO - 0005517,2016-03-03,116,Distributor,USD,AXW291,7,17,12,1058.6,12703.2,635.16
SO - 0005518,2016-03-03,77,Distributor,USD,FLR025,62,30,8,2740.3,21922.4,2137.43
SO - 0005519,2016-03-03,24,Export,USD,AXW291,14,13,5,1078.7,5393.5,841.39
SO - 0005520,2016-03-03,22,Distributor,USD,AXW291,30,15,8,998.3,7986.4,848.56
SO - 0005521,2016-03-03,67,Export,USD,AXW291,17,18,6,1125.6,6753.6,934.25
SO - 0005522,2016-03-03,108,Wholesale,USD,AXW291,14,23,12,1922.9,23074.8,788.39
SO - 0005523,2016-03-03,147,Wholesale,USD,AXW291,24,3,5,1889.4,9447,1095.85
SO - 0005524,2016-03-04,102,Export,USD,AXW291,22,27,7,3993.2,27952.4,1637.21
SO - 0005525,2016-03-04,103,Wholesale,USD,FLR025,60,2,8,221.1,1768.8,174.67
SO - 0005526,2016-03-04,95,Export,USD,GUT930,38,7,11,1051.9,11570.9,631.14
SO - 0005527,2016-03-04,118,Wholesale,USD,GUT930,36,25,8,3517.5,28140,2743.65
SO - 0005528,2016-03-04,88,Wholesale,USD,AXW291,11,4,9,730.3,6572.7,584.24
SO - 0005529,2016-03-04,140,Wholesale,USD,AXW291,29,16,7,241.2,1688.4,113.36
SO - 0005530,2016-03-04,39,Wholesale,USD,AXW291,13,19,10,1092.1,10921,556.97
SO - 0005531,2016-03-05,164,Wholesale,USD,AXW291,22,20,5,1132.3,5661.5,702.03
SO - 0005532,2016-03-05,11,Wholesale,USD,AXW291,9,25,11,3256.2,35818.2,2767.77
SO - 0005533,2016-03-05,55,Distributor,USD,NXH382,53,1,6,3959.7,23758.2,2930.18
SO - 0005534,2016-03-05,57,Wholesale,USD,GUT930,32,10,11,5460.5,60065.5,4259.19
SO - 0005535,2016-03-05,162,Wholesale,USD,GUT930,35,19,8,1118.9,8951.2,928.69
SO - 0005536,2016-03-05,74,Wholesale,USD,GUT930,40,5,7,737,5159,390.61
SO - 0005537,2016-03-05,83,Wholesale,USD,GUT930,34,11,5,3953,19765,2095.09
SO - 0005538,2016-03-05,69,Wholesale,USD,AXW291,17,13,12,1051.9,12622.8,525.95
SO - 0005539,2016-03-06,61,Wholesale,USD,NXH382,53,25,9,830.8,7477.2,689.56
SO - 0005540,2016-03-06,96,Export,USD,AXW291,22,5,11,3993.2,43925.2,3354.29
SO - 0005541,2016-03-06,31,Wholesale,USD,NXH382,55,18,9,5735.2,51616.8,3383.77
SO - 0005542,2016-03-06,49,Distributor,USD,AXW291,3,30,8,1045.2,8361.6,710.74
SO - 0005543,2016-03-06,163,Wholesale,USD,GUT930,36,26,12,1038.5,12462,778.88
SO - 0005544,2016-03-06,53,Wholesale,USD,AXW291,3,12,11,5788.8,63676.8,4457.38
SO - 0005545,2016-03-07,115,Wholesale,USD,AXW291,12,2,8,1098.8,8790.4,483.47
SO - 0005546,2016-03-07,154,Wholesale,USD,NXH382,55,2,6,1916.2,11497.2,900.61
SO - 0005547,2016-03-07,58,Wholesale,USD,NXH382,58,14,10,2619.7,26197,1859.99
SO - 0005548,2016-03-08,135,Wholesale,USD,AXW291,9,4,8,3819,30552,2635.11
SO - 0005549,2016-03-08,82,Export,USD,FLR025,60,30,5,167.5,837.5,85.43
SO - 0005550,2016-03-08,7,Export,USD,FLR025,60,10,5,1098.8,5494,516.44
SO - 0005551,2016-03-08,50,Distributor,USD,AXW291,3,26,8,2499.1,19992.8,1774.36
SO - 0005552,2016-03-08,146,Export,USD,NXH382,47,21,7,3189.2,22324.4,2647.04
SO - 0005553,2016-03-08,138,Export,USD,AXW291,15,2,9,261.3,2351.7,182.91
SO - 0005554,2016-03-08,143,Export,USD,FLR025,66,7,9,187.6,1688.4,95.68
SO - 0005555,2016-03-08,170,Wholesale,USD,FLR025,61,22,8,911.2,7289.6,610.5
SO - 0005556,2016-03-08,173,Distributor,USD,NXH382,59,13,6,2680,16080,2144
SO - 0005557,2016-03-08,161,Wholesale,USD,AXW291,26,25,11,683.4,7517.4,314.36
SO - 0005558,2016-03-08,154,Distributor,USD,GUT930,42,26,10,1721.9,17219,774.86
SO - 0005559,2016-03-08,119,Wholesale,USD,FLR025,62,10,9,6050.1,54450.9,3025.05
SO - 0005560,2016-03-08,79,Distributor,USD,AXW291,19,2,5,1085.4,5427,672.95
SO - 0005561,2016-03-08,7,Distributor,USD,AXW291,9,13,10,3618,36180,2930.58
SO - 0005562,2016-03-09,42,Wholesale,USD,NXH382,57,12,7,3953,27671,1976.5
SO - 0005563,2016-03-09,119,Export,USD,AXW291,5,25,6,3671.6,22029.6,1468.64
SO - 0005564,2016-03-09,81,Wholesale,USD,NXH382,49,15,7,1943,13601,913.21
SO - 0005565,2016-03-09,42,Wholesale,USD,AXW291,31,18,12,3993.2,47918.4,1916.74
SO - 0005566,2016-03-09,35,Distributor,USD,AXW291,4,18,8,174.2,1393.6,142.84
SO - 0005567,2016-03-09,65,Wholesale,USD,AXW291,14,8,11,1011.7,11128.7,708.19
SO - 0005568,2016-03-09,153,Wholesale,USD,AXW291,27,17,10,1058.6,10586,539.89
SO - 0005569,2016-03-10,134,Wholesale,USD,GUT930,33,7,12,2592.9,31114.8,1166.81
SO - 0005570,2016-03-10,99,Wholesale,USD,AXW291,8,3,10,1118.9,11189,861.55
SO - 0005571,2016-03-10,120,Wholesale,USD,NXH382,48,26,9,1112.2,10009.8,556.1
SO - 0005572,2016-03-10,171,Wholesale,USD,FLR025,63,18,5,3845.8,19229,1730.61
SO - 0005573,2016-03-10,100,Wholesale,USD,NXH382,50,14,5,2378.5,11892.5,1974.16
SO - 0005574,2016-03-10,12,Distributor,USD,NXH382,56,25,9,3289.7,29607.3,1677.75
SO - 0005575,2016-03-10,123,Wholesale,USD,AXW291,21,29,9,1842.5,16582.5,1068.65
SO - 0005576,2016-03-10,102,Wholesale,USD,AXW291,10,2,11,3892.7,42819.7,2102.06
SO - 0005577,2016-03-10,6,Wholesale,USD,GUT930,37,18,10,2351.7,23517,1293.44
SO - 0005578,2016-03-10,19,Distributor,USD,GUT930,37,5,10,2613,26130,1332.63
SO - 0005579,2016-03-10,98,Distributor,USD,AXW291,4,14,7,1058.6,7410.2,899.81
SO - 0005580,2016-03-11,59,Distributor,USD,GUT930,36,29,6,187.6,1125.6,76.92
SO - 0005581,2016-03-11,2,Wholesale,USD,NXH382,51,10,6,1855.9,11135.4,816.6
SO - 0005582,2016-03-11,118,Wholesale,USD,AXW291,1,3,7,2539.3,17775.1,1625.15
SO - 0005583,2016-03-11,104,Wholesale,USD,NXH382,50,5,7,810.7,5674.9,567.49
SO - 0005584,2016-03-11,56,Wholesale,USD,GUT930,37,18,5,187.6,938,138.82
SO - 0005585,2016-03-11,17,Wholesale,USD,GUT930,47,18,8,3912.8,31302.4,1565.12
SO - 0005586,2016-03-11,99,Wholesale,USD,GUT930,35,25,6,268,1608,209.04
SO - 0005587,2016-03-12,124,Export,USD,GUT930,33,18,6,2572.8,15436.8,2186.88
SO - 0005588,2016-03-12,150,Wholesale,USD,NXH382,47,5,11,1762.1,19383.1,933.91
SO - 0005589,2016-03-12,22,Wholesale,USD,AXW291,25,17,9,234.5,2110.5,194.64
SO - 0005590,2016-03-12,148,Wholesale,USD,AXW291,25,20,11,4013.3,44146.3,2528.38
SO - 0005591,2016-03-12,7,Wholesale,USD,GUT930,34,26,7,1065.3,7457.1,788.32
SO - 0005592,2016-03-12,105,Wholesale,USD,AXW291,9,4,9,1098.8,9889.2,922.99
SO - 0005593,2016-03-12,164,Wholesale,USD,FLR025,62,2,9,1045.2,9406.8,585.31
SO - 0005594,2016-03-12,93,Export,USD,AXW291,31,25,9,6177.4,55596.6,3397.57
SO - 0005595,2016-03-13,147,Distributor,USD,AXW291,16,3,9,3504.1,31536.9,1997.34
SO - 0005596,2016-03-13,150,Distributor,USD,AXW291,23,2,10,1172.5,11725,996.63
SO - 0005597,2016-03-13,73,Distributor,USD,AXW291,25,20,10,5353.3,53533,4122.04
SO - 0005598,2016-03-13,99,Wholesale,USD,AXW291,8,26,7,268,1876,182.24
SO - 0005599,2016-03-13,107,Wholesale,USD,GUT930,41,13,12,5567.7,66812.4,4175.78
SO - 0005600,2016-03-13,33,Wholesale,USD,AXW291,20,25,7,971.5,6800.5,505.18
SO - 0005601,2016-03-13,127,Wholesale,USD,AXW291,29,2,10,1695.1,16951,1406.93
SO - 0005602,2016-03-14,174,Distributor,USD,AXW291,25,15,6,268,1608,174.2
SO - 0005603,2016-03-14,89,Distributor,USD,NXH382,49,7,10,2974.8,29748,1546.9
SO - 0005604,2016-03-14,35,Distributor,USD,GUT930,39,25,8,3859.2,30873.6,2045.38
SO - 0005605,2016-03-14,148,Wholesale,USD,FLR025,61,14,9,837.5,7537.5,561.13
SO - 0005606,2016-03-14,77,Wholesale,USD,AXW291,15,20,5,1098.8,5494,769.16
SO - 0005607,2016-03-14,169,Wholesale,USD,GUT930,40,8,8,904.5,7236,750.74
SO - 0005608,2016-03-15,112,Wholesale,USD,FLR025,65,15,8,5654.8,45238.4,3166.69
SO - 0005609,2016-03-15,58,Distributor,USD,AXW291,1,10,7,3966.4,27764.8,1903.87
SO - 0005610,2016-03-15,143,Export,USD,AXW291,24,8,6,3564.4,21386.4,2708.94
SO - 0005611,2016-03-15,105,Wholesale,USD,AXW291,16,26,6,931.3,5587.8,447.02
SO - 0005612,2016-03-15,128,Distributor,USD,AXW291,15,16,10,2244.5,22445,920.25
SO - 0005613,2016-03-15,58,Export,USD,AXW291,5,18,8,2458.9,19671.2,1327.81
SO - 0005614,2016-03-15,42,Export,USD,AXW291,1,7,7,2338.3,16368.1,1028.85
SO - 0005615,2016-03-15,59,Wholesale,USD,AXW291,1,20,5,3939.6,19698,2087.99
SO - 0005616,2016-03-16,131,Wholesale,USD,AXW291,2,13,7,1996.6,13976.2,1557.35
SO - 0005617,2016-03-16,147,Wholesale,USD,GUT930,39,25,8,6157.3,49258.4,4617.98
SO - 0005618,2016-03-16,47,Wholesale,USD,AXW291,6,22,7,2345,16415,1360.1
SO - 0005619,2016-03-16,143,Wholesale,USD,AXW291,15,17,10,174.2,1742,121.94
SO - 0005620,2016-03-17,147,Distributor,USD,AXW291,19,3,5,1286.4,6432,630.34
SO - 0005621,2016-03-17,41,Distributor,USD,AXW291,20,14,11,6023.3,66256.3,3915.15
SO - 0005622,2016-03-17,61,Wholesale,USD,GUT930,40,13,8,2633.1,21064.8,1922.16
SO - 0005623,2016-03-17,5,Wholesale,USD,FLR025,61,24,12,201,2412,166.83
SO - 0005624,2016-03-17,17,Wholesale,USD,NXH382,48,15,8,1005,8040,713.55
SO - 0005625,2016-03-17,5,Distributor,USD,NXH382,50,4,10,1005,10050,532.65
SO - 0005626,2016-03-18,89,Wholesale,USD,AXW291,19,11,6,187.6,1125.6,93.8
SO - 0005627,2016-03-18,34,Distributor,USD,FLR025,64,6,6,1232.8,7396.8,850.63
SO - 0005628,2016-03-18,160,Wholesale,USD,GUT930,33,8,9,3892.7,35034.3,2257.77
SO - 0005629,2016-03-18,154,Wholesale,USD,FLR025,61,5,10,3872.6,38726,3175.53
SO - 0005630,2016-03-18,55,Export,USD,GUT930,33,26,9,2237.8,20140.2,984.63
SO - 0005631,2016-03-18,162,Wholesale,USD,AXW291,26,7,6,2485.7,14914.2,1889.13
SO - 0005632,2016-03-18,91,Wholesale,USD,AXW291,22,27,7,3705.1,25935.7,2778.83
SO - 0005633,2016-03-18,154,Export,USD,AXW291,16,6,5,3443.8,17219,2307.35
SO - 0005634,2016-03-18,14,Distributor,USD,AXW291,20,1,6,3872.6,23235.6,1703.94
SO - 0005635,2016-03-18,105,Wholesale,USD,FLR025,65,17,12,2519.2,30230.4,1058.06
SO - 0005636,2016-03-19,150,Wholesale,USD,NXH382,50,11,12,931.3,11175.6,540.15
SO - 0005637,2016-03-19,7,Wholesale,USD,GUT930,46,15,7,1065.3,7457.1,767.02
SO - 0005638,2016-03-19,54,Distributor,USD,FLR025,65,14,5,2613,13065,1045.2
SO - 0005639,2016-03-19,1,Export,USD,AXW291,3,2,5,227.8,1139,186.8
SO - 0005640,2016-03-19,109,Wholesale,USD,GUT930,39,25,5,1125.6,5628,630.34
SO - 0005641,2016-03-19,15,Wholesale,USD,AXW291,27,19,7,2512.5,17587.5,1457.25
SO - 0005642,2016-03-19,72,Wholesale,USD,GUT930,35,20,7,1085.4,7597.8,651.24
SO - 0005643,2016-03-19,39,Distributor,USD,GUT930,37,20,6,167.5,1005,87.1
SO - 0005644,2016-03-19,106,Wholesale,USD,NXH382,47,15,11,1185.9,13044.9,794.55
SO - 0005645,2016-03-20,78,Export,USD,AXW291,16,26,5,1132.3,5661.5,532.18
SO - 0005646,2016-03-20,114,Distributor,USD,GUT930,45,22,7,1085.4,7597.8,445.01
SO - 0005647,2016-03-20,140,Wholesale,USD,GUT930,32,16,7,2680,18760,1206
SO - 0005648,2016-03-20,48,Distributor,USD,AXW291,9,5,6,2626.4,15758.4,1785.95
SO - 0005649,2016-03-20,94,Wholesale,USD,NXH382,51,3,9,2003.3,18029.7,1482.44
SO - 0005650,2016-03-20,60,Distributor,USD,FLR025,63,14,10,2398.6,23986,1631.05
SO - 0005651,2016-03-20,15,Export,USD,AXW291,18,14,10,1051.9,10519,704.77
SO - 0005652,2016-03-21,104,Wholesale,USD,AXW291,12,23,10,3859.2,38592,2431.3
SO - 0005653,2016-03-22,48,Distributor,USD,GUT930,36,14,5,1768.8,8844,884.4
SO - 0005654,2016-03-22,53,Distributor,USD,AXW291,5,29,9,743.7,6693.3,632.15
SO - 0005655,2016-03-22,163,Distributor,USD,NXH382,54,6,6,1869.3,11215.8,1028.12
SO - 0005656,2016-03-22,19,Export,USD,AXW291,6,7,12,2385.2,28622.4,1025.64
SO - 0005657,2016-03-22,146,Wholesale,USD,GUT930,32,3,12,3484,41808,2160.08
SO - 0005658,2016-03-22,101,Wholesale,USD,GUT930,42,13,11,3872.6,42598.6,2517.19
SO - 0005659,2016-03-22,93,Wholesale,USD,AXW291,28,2,5,3142.3,15711.5,2419.57
SO - 0005660,2016-03-22,48,Wholesale,USD,GUT930,46,23,5,3852.5,19262.5,2080.35
SO - 0005661,2016-03-22,116,Wholesale,USD,GUT930,36,6,7,917.9,6425.3,715.96
SO - 0005662,2016-03-22,64,Wholesale,USD,FLR025,62,23,6,234.5,1407,147.74
SO - 0005663,2016-03-22,106,Wholesale,USD,AXW291,14,5,7,1829.1,12803.7,969.42
SO - 0005664,2016-03-22,5,Distributor,USD,GUT930,35,5,8,5125.5,41004,2408.99
SO - 0005665,2016-03-22,133,Wholesale,USD,NXH382,53,11,11,1963.1,21594.1,1531.22
SO - 0005666,2016-03-22,41,Distributor,USD,AXW291,13,2,6,167.5,1005,78.73
SO - 0005667,2016-03-23,130,Export,USD,GUT930,41,18,6,3966.4,23798.4,2776.48
SO - 0005668,2016-03-23,109,Export,USD,FLR025,66,26,6,1031.8,6190.8,577.81
SO - 0005669,2016-03-23,33,Export,USD,GUT930,35,20,9,227.8,2050.2,145.79
SO - 0005670,2016-03-23,100,Wholesale,USD,NXH382,58,3,10,3892.7,38927,2335.62
SO - 0005671,2016-03-23,16,Wholesale,USD,AXW291,20,16,12,1319.9,15838.8,1042.72
SO - 0005672,2016-03-23,122,Export,USD,FLR025,65,3,5,1313.2,6566,958.64
SO - 0005673,2016-03-23,145,Export,USD,GUT930,45,3,5,3001.6,15008,2251.2
SO - 0005674,2016-03-23,53,Distributor,USD,AXW291,24,25,11,234.5,2579.5,187.6
SO - 0005675,2016-03-23,39,Wholesale,USD,AXW291,13,15,9,1125.6,10130.4,596.57
SO - 0005676,2016-03-24,109,Wholesale,USD,GUT930,35,17,8,1018.4,8147.2,682.33
SO - 0005677,2016-03-24,70,Distributor,USD,GUT930,44,4,9,5587.8,50290.2,4637.87
SO - 0005678,2016-03-24,142,Wholesale,USD,NXH382,55,12,7,891.1,6237.7,543.57
SO - 0005679,2016-03-24,45,Wholesale,USD,NXH382,53,3,10,1118.9,11189,783.23
SO - 0005680,2016-03-25,9,Wholesale,USD,FLR025,61,5,6,1768.8,10612.8,1096.66
SO - 0005681,2016-03-25,129,Export,USD,AXW291,12,3,8,984.9,7879.2,699.28
SO - 0005682,2016-03-25,31,Wholesale,USD,AXW291,28,13,12,1045.2,12542.4,491.24
SO - 0005683,2016-03-25,52,Wholesale,USD,NXH382,52,26,7,3939.6,27577.2,3151.68
SO - 0005684,2016-03-25,136,Distributor,USD,FLR025,60,21,10,2934.6,29346,1291.22
SO - 0005685,2016-03-25,50,Wholesale,USD,GUT930,36,18,8,6271.2,50169.6,3261.02
SO - 0005686,2016-03-25,106,Wholesale,USD,GUT930,39,12,8,3819,30552,2253.21
SO - 0005687,2016-03-25,5,Wholesale,USD,NXH382,57,17,7,2398.6,16790.2,1439.16
SO - 0005688,2016-03-25,138,Export,USD,AXW291,18,20,9,3926.2,35335.8,2473.51
SO - 0005689,2016-03-25,156,Distributor,USD,AXW291,1,15,5,1058.6,5293,783.36
SO - 0005690,2016-03-25,25,Wholesale,USD,NXH382,50,13,5,804,4020,683.4
SO - 0005691,2016-03-25,111,Wholesale,USD,NXH382,51,9,5,1125.6,5628,945.5
SO - 0005692,2016-03-26,106,Wholesale,USD,GUT930,33,2,5,3504.1,17520.5,2417.83
SO - 0005693,2016-03-26,138,Export,USD,GUT930,42,25,11,3082,33902,2311.5
SO - 0005694,2016-03-26,108,Export,USD,AXW291,15,4,9,1695.1,15255.9,678.04
SO - 0005695,2016-03-26,161,Wholesale,USD,GUT930,46,14,10,5406.9,54069,4055.18
SO - 0005696,2016-03-26,151,Wholesale,USD,FLR025,61,25,11,1815.7,19972.7,1434.4
SO - 0005697,2016-03-26,158,Distributor,USD,AXW291,3,26,10,1983.2,19832,1189.92
SO - 0005698,2016-03-26,150,Distributor,USD,AXW291,20,30,11,207.7,2284.7,114.24
SO - 0005699,2016-03-27,126,Wholesale,USD,NXH382,53,4,10,6371.7,63717,2803.55
SO - 0005700,2016-03-27,24,Wholesale,USD,NXH382,56,4,7,1058.6,7410.2,455.2
SO - 0005701,2016-03-27,56,Distributor,USD,NXH382,52,1,10,5085.3,50853,2796.92
SO - 0005702,2016-03-27,25,Distributor,USD,GUT930,45,14,6,3912.8,23476.8,1839.02
SO - 0005703,2016-03-28,91,Wholesale,USD,AXW291,3,3,9,1078.7,9708.3,571.71
SO - 0005704,2016-03-28,3,Distributor,USD,AXW291,13,18,12,1165.8,13989.6,920.98
SO - 0005705,2016-03-28,15,Wholesale,USD,NXH382,48,11,10,1963.1,19631,863.76
SO - 0005706,2016-03-28,156,Distributor,USD,AXW291,7,2,7,844.2,5909.4,616.27
SO - 0005707,2016-03-28,64,Wholesale,USD,AXW291,20,3,6,5165.7,30994.2,2737.82
SO - 0005708,2016-03-28,75,Wholesale,USD,AXW291,13,13,8,2485.7,19885.6,2063.13
SO - 0005709,2016-03-29,38,Wholesale,USD,NXH382,50,15,12,1045.2,12542.4,846.61
SO - 0005710,2016-03-29,111,Wholesale,USD,AXW291,15,2,9,2358.4,21225.6,1532.96
SO - 0005711,2016-03-29,175,Wholesale,USD,GUT930,42,18,9,1252.9,11276.1,751.74
SO - 0005712,2016-03-29,41,Export,USD,AXW291,27,17,11,1058.6,11644.6,825.71
SO - 0005713,2016-03-29,167,Wholesale,USD,NXH382,48,10,12,2391.9,28702.8,1387.3
SO - 0005714,2016-03-29,34,Wholesale,USD,NXH382,50,26,10,167.5,1675,117.25
SO - 0005715,2016-03-29,40,Wholesale,USD,FLR025,62,23,9,187.6,1688.4,116.31
SO - 0005716,2016-03-29,7,Wholesale,USD,AXW291,1,20,12,234.5,2814,189.95
SO - 0005717,2016-03-29,51,Wholesale,USD,GUT930,45,27,7,1829.1,12803.7,1518.15
SO - 0005718,2016-03-29,30,Wholesale,USD,NXH382,60,14,7,737,5159,353.76
SO - 0005719,2016-03-30,105,Distributor,USD,GUT930,47,3,6,2231.1,13386.6,1740.26
SO - 0005720,2016-03-30,50,Distributor,USD,AXW291,19,25,11,2680,29480,1608
SO - 0005721,2016-03-30,128,Wholesale,USD,AXW291,19,26,12,4006.6,48079.2,3125.15
SO - 0005722,2016-03-30,106,Wholesale,USD,FLR025,63,25,10,1038.5,10385,498.48
SO - 0005723,2016-03-30,48,Distributor,USD,AXW291,11,25,8,187.6,1500.8,80.67
SO - 0005724,2016-03-30,97,Distributor,USD,AXW291,29,30,8,757.1,6056.8,386.12
SO - 0005725,2016-03-30,53,Wholesale,USD,GUT930,39,27,8,857.6,6860.8,360.19
SO - 0005726,2016-03-30,171,Distributor,USD,AXW291,10,4,10,5768.7,57687,4268.84
SO - 0005727,2016-03-30,27,Export,USD,GUT930,36,8,12,2291.4,27496.8,1695.64
SO - 0005728,2016-03-30,33,Distributor,USD,GUT930,35,22,5,871,4355,444.21
SO - 0005729,2016-03-30,146,Wholesale,USD,NXH382,56,13,10,3825.7,38257,1836.34
SO - 0005730,2016-03-30,64,Wholesale,USD,FLR025,62,6,11,6184.1,68025.1,3339.41
SO - 0005731,2016-03-30,53,Wholesale,USD,GUT930,46,1,7,2874.3,20120.1,1667.09
SO - 0005732,2016-03-31,12,Export,USD,NXH382,55,25,6,1996.6,11979.6,1197.96
SO - 0005733,2016-03-31,80,Wholesale,USD,NXH382,59,17,11,2726.9,29995.9,1636.14
SO - 0005734,2016-03-31,162,Wholesale,USD,AXW291,14,15,9,917.9,8261.1,468.13
SO - 0005735,2016-03-31,98,Export,USD,FLR025,60,26,10,1085.4,10854,803.2
SO - 0005736,2016-03-31,129,Export,USD,AXW291,18,14,5,180.9,904.5,86.83
SO - 0005737,2016-03-31,68,Distributor,USD,AXW291,30,25,11,3564.4,39208.4,1639.62
SO - 0005738,2016-03-31,103,Export,USD,AXW291,4,26,8,2479,19832,1735.3
SO - 0005739,2016-03-31,79,Wholesale,USD,AXW291,1,13,5,1132.3,5661.5,600.12
SO - 0005740,2016-03-31,121,Export,USD,AXW291,18,17,11,2311.5,25426.5,1502.48
SO - 0005741,2016-03-31,162,Wholesale,USD,FLR025,61,27,9,4013.3,36119.7,2207.32
SO - 0005742,2016-04-01,3,Wholesale,USD,GUT930,42,25,6,1996.6,11979.6,1217.93
SO - 0005743,2016-04-01,53,Distributor,USD,GUT930,42,13,8,1232.8,9862.4,493.12
SO - 0005744,2016-04-01,173,Wholesale,USD,GUT930,43,14,8,3155.7,25245.6,1388.51
SO - 0005745,2016-04-01,128,Wholesale,USD,AXW291,19,7,10,710.2,7102,497.14
SO - 0005746,2016-04-01,139,Export,USD,AXW291,17,14,10,5058.5,50585,3844.46
SO - 0005747,2016-04-01,116,Distributor,USD,NXH382,57,25,9,1206,10854,747.72
SO - 0005748,2016-04-01,9,Wholesale,USD,FLR025,66,13,7,194.3,1360.1,149.61
SO - 0005749,2016-04-02,57,Export,USD,AXW291,24,15,11,1005,11055,643.2
SO - 0005750,2016-04-02,157,Distributor,USD,NXH382,55,3,5,1058.6,5293,624.57
SO - 0005751,2016-04-02,163,Wholesale,USD,AXW291,1,2,5,1943,9715,1651.55
SO - 0005752,2016-04-02,134,Wholesale,USD,AXW291,12,26,12,2525.9,30310.8,1288.21
SO - 0005753,2016-04-02,155,Wholesale,USD,AXW291,13,25,5,5735.2,28676,3670.53
SO - 0005754,2016-04-02,67,Wholesale,USD,GUT930,33,26,6,1058.6,6351.6,793.95
SO - 0005755,2016-04-02,42,Wholesale,USD,NXH382,49,9,6,1239.5,7437,607.36
SO - 0005756,2016-04-02,138,Export,USD,AXW291,1,3,5,3631.4,18157,1561.5
SO - 0005757,2016-04-03,39,Distributor,USD,NXH382,54,20,9,971.5,8743.5,816.06
SO - 0005758,2016-04-03,62,Wholesale,USD,GUT930,33,17,11,5266.2,57928.2,4212.96
SO - 0005759,2016-04-03,104,Wholesale,USD,AXW291,25,1,9,3919.5,35275.5,2978.82
SO - 0005760,2016-04-03,27,Wholesale,USD,AXW291,26,6,7,2398.6,16790.2,1750.98
SO - 0005761,2016-04-03,15,Wholesale,USD,AXW291,10,13,7,1078.7,7550.9,862.96
SO - 0005762,2016-04-03,27,Wholesale,USD,AXW291,24,5,12,3865.9,46390.8,2860.77
SO - 0005763,2016-04-03,50,Distributor,USD,AXW291,29,28,6,3879.3,23275.8,2599.13
SO - 0005764,2016-04-03,12,Wholesale,USD,GUT930,31,14,10,1011.7,10117,566.55
SO - 0005765,2016-04-03,113,Distributor,USD,AXW291,17,13,7,5688.3,39818.1,2502.85
SO - 0005766,2016-04-03,144,Wholesale,USD,AXW291,15,2,5,964.8,4824,791.14
SO - 0005767,2016-04-04,88,Wholesale,USD,GUT930,38,12,9,2901.1,26109.9,2146.81
SO - 0005768,2016-04-04,2,Export,USD,AXW291,16,25,11,1145.7,12602.7,492.65
SO - 0005769,2016-04-04,48,Distributor,USD,NXH382,51,29,7,924.6,6472.2,656.47
SO - 0005770,2016-04-04,139,Export,USD,GUT930,34,17,12,6378.4,76540.8,3508.12
SO - 0005771,2016-04-04,43,Wholesale,USD,GUT930,33,2,7,1092.1,7644.7,589.73
SO - 0005772,2016-04-04,10,Wholesale,USD,AXW291,17,25,8,3470.6,27764.8,1874.12
SO - 0005773,2016-04-04,99,Wholesale,USD,GUT930,38,15,12,3939.6,47275.2,2481.95
SO - 0005774,2016-04-04,151,Wholesale,USD,NXH382,57,14,7,214.4,1500.8,122.21
SO - 0005775,2016-04-04,78,Wholesale,USD,AXW291,31,20,5,1956.4,9782,1584.68
SO - 0005776,2016-04-04,80,Wholesale,USD,GUT930,43,27,7,1105.5,7738.5,784.91
SO - 0005777,2016-04-04,104,Wholesale,USD,NXH382,53,15,10,1078.7,10787,539.35
SO - 0005778,2016-04-04,66,Distributor,USD,AXW291,12,14,8,3986.5,31892,1913.52
SO - 0005779,2016-04-05,67,Wholesale,USD,NXH382,48,25,7,1018.4,7128.8,814.72
SO - 0005780,2016-04-05,79,Distributor,USD,AXW291,29,13,11,1078.7,11865.7,787.45
SO - 0005781,2016-04-05,73,Wholesale,USD,AXW291,1,8,8,2291.4,18331.2,1260.27
SO - 0005782,2016-04-05,121,Export,USD,AXW291,8,9,6,1132.3,6793.8,611.44
SO - 0005783,2016-04-05,53,Wholesale,USD,AXW291,28,25,9,1132.3,10190.7,702.03
SO - 0005784,2016-04-05,66,Distributor,USD,FLR025,64,1,8,1025.1,8200.8,563.81
SO - 0005785,2016-04-05,154,Wholesale,USD,GUT930,42,20,9,2351.7,21165.3,1599.16
SO - 0005786,2016-04-05,153,Wholesale,USD,GUT930,44,3,8,3450.5,27604,2070.3
SO - 0005787,2016-04-05,54,Wholesale,USD,GUT930,45,17,6,2003.3,12019.8,1121.85
SO - 0005788,2016-04-05,168,Distributor,USD,NXH382,52,3,11,2606.3,28669.3,1068.58
SO - 0005789,2016-04-05,103,Wholesale,USD,NXH382,48,1,7,1902.8,13319.6,1427.1
SO - 0005790,2016-04-05,115,Wholesale,USD,AXW291,3,13,5,2371.8,11859,1565.39
SO - 0005791,2016-04-06,91,Distributor,USD,NXH382,57,28,5,3162.4,15812,1865.82
SO - 0005792,2016-04-06,161,Wholesale,USD,GUT930,36,15,7,221.1,1547.7,161.4
SO - 0005793,2016-04-06,33,Distributor,USD,NXH382,55,14,8,1118.9,8951.2,593.02
SO - 0005794,2016-04-06,112,Export,USD,NXH382,57,10,9,2626.4,23637.6,1391.99
SO - 0005795,2016-04-06,77,Wholesale,USD,AXW291,14,25,7,750.4,5252.8,547.79
SO - 0005796,2016-04-06,138,Wholesale,USD,AXW291,21,22,10,1051.9,10519,788.93
SO - 0005797,2016-04-06,158,Wholesale,USD,AXW291,19,14,9,3999.9,35999.1,2719.93
SO - 0005798,2016-04-06,130,Wholesale,USD,GUT930,33,2,12,6110.4,73324.8,3299.62
SO - 0005799,2016-04-07,109,Export,USD,GUT930,44,19,11,167.5,1842.5,132.33
SO - 0005800,2016-04-07,175,Wholesale,USD,AXW291,8,25,9,4006.6,36059.4,3325.48
SO - 0005801,2016-04-07,47,Wholesale,USD,GUT930,38,15,12,3966.4,47596.8,2498.83
SO - 0005802,2016-04-07,161,Export,USD,NXH382,49,21,7,971.5,6800.5,573.19
SO - 0005803,2016-04-07,93,Wholesale,USD,FLR025,61,26,12,991.6,11899.2,565.21
SO - 0005804,2016-04-07,34,Wholesale,USD,GUT930,46,24,6,2646.5,15879,1243.86
SO - 0005805,2016-04-07,29,Wholesale,USD,AXW291,7,4,5,3718.5,18592.5,2751.69
SO - 0005806,2016-04-07,16,Distributor,USD,GUT930,45,26,6,2278,13668,1321.24
SO - 0005807,2016-04-07,126,Wholesale,USD,NXH382,51,25,11,1708.5,18793.5,1178.87
SO - 0005808,2016-04-07,141,Export,USD,AXW291,30,8,5,5902.7,29513.5,4958.27
SO - 0005809,2016-04-08,13,Distributor,USD,AXW291,10,15,9,227.8,2050.2,184.52
SO - 0005810,2016-04-08,63,Wholesale,USD,NXH382,55,7,11,1902.8,20930.8,1217.79
SO - 0005811,2016-04-08,30,Distributor,USD,GUT930,45,16,10,3966.4,39664,2895.47
SO - 0005812,2016-04-08,159,Wholesale,USD,NXH382,54,12,7,1085.4,7597.8,716.36
SO - 0005813,2016-04-08,106,Wholesale,USD,AXW291,1,13,7,1159.1,8113.7,788.19
SO - 0005814,2016-04-08,82,Distributor,USD,GUT930,38,26,9,5226,47034,4442.1
SO - 0005815,2016-04-08,174,Wholesale,USD,GUT930,41,14,6,1849.2,11095.2,1423.88
SO - 0005816,2016-04-08,49,Distributor,USD,GUT930,47,13,10,1989.9,19899,895.46
SO - 0005817,2016-04-08,45,Wholesale,USD,GUT930,35,4,12,3959.7,47516.4,3167.76
SO - 0005818,2016-04-08,85,Wholesale,USD,NXH382,50,26,12,221.1,2653.2,172.46
SO - 0005819,2016-04-08,46,Distributor,USD,AXW291,9,14,10,3711.8,37118,2524.02
SO - 0005820,2016-04-08,126,Distributor,USD,AXW291,19,19,10,3939.6,39396,3348.66
SO - 0005821,2016-04-08,74,Wholesale,USD,NXH382,49,2,5,180.9,904.5,133.87
SO - 0005822,2016-04-09,137,Wholesale,USD,GUT930,38,14,9,1045.2,9406.8,888.42
SO - 0005823,2016-04-09,36,Wholesale,USD,GUT930,44,11,12,958.1,11497.2,440.73
SO - 0005824,2016-04-09,112,Wholesale,USD,AXW291,1,22,6,1112.2,6673.2,778.54
SO - 0005825,2016-04-10,119,Distributor,USD,NXH382,55,3,12,1889.4,22672.8,906.91
SO - 0005826,2016-04-10,38,Wholesale,USD,NXH382,48,28,10,1112.2,11122,745.17
SO - 0005827,2016-04-10,97,Distributor,USD,AXW291,11,5,9,268,2412,203.68
SO - 0005828,2016-04-10,157,Distributor,USD,NXH382,59,11,5,3437.1,17185.5,2199.74
SO - 0005829,2016-04-10,48,Export,USD,AXW291,25,25,10,1125.6,11256,574.06
SO - 0005830,2016-04-10,104,Distributor,USD,NXH382,55,15,6,1078.7,6472.2,722.73
SO - 0005831,2016-04-11,35,Export,USD,NXH382,57,2,5,268,1340,176.88
SO - 0005832,2016-04-11,150,Distributor,USD,FLR025,64,16,12,2244.5,26934,1122.25
SO - 0005833,2016-04-11,159,Wholesale,USD,NXH382,51,25,7,2914.5,20401.5,1690.41
SO - 0005834,2016-04-11,65,Wholesale,USD,AXW291,1,16,7,3906.1,27342.7,2538.97
SO - 0005835,2016-04-11,17,Export,USD,AXW291,29,24,12,1092.1,13105.2,709.87
SO - 0005836,2016-04-11,130,Wholesale,USD,AXW291,8,1,12,670,8040,569.5
SO - 0005837,2016-04-11,131,Export,USD,FLR025,61,2,7,1246.2,8723.4,660.49
SO - 0005838,2016-04-11,105,Wholesale,USD,NXH382,57,1,12,3859.2,46310.4,2817.22
SO - 0005839,2016-04-11,69,Export,USD,AXW291,15,30,7,3872.6,27108.2,2865.72
SO - 0005840,2016-04-11,33,Export,USD,AXW291,6,17,12,857.6,10291.2,488.83
SO - 0005841,2016-04-12,123,Distributor,USD,AXW291,16,26,5,268,1340,163.48
SO - 0005842,2016-04-12,25,Wholesale,USD,GUT930,32,10,6,254.6,1527.6,155.31
SO - 0005843,2016-04-12,141,Wholesale,USD,NXH382,59,26,5,2479,12395,1041.18
SO - 0005844,2016-04-12,14,Distributor,USD,GUT930,46,30,10,2211,22110,1127.61
SO - 0005845,2016-04-12,160,Wholesale,USD,NXH382,52,24,11,2412,26532,1688.4
SO - 0005846,2016-04-12,22,Wholesale,USD,FLR025,65,25,8,1855.9,14847.2,1280.57
SO - 0005847,2016-04-12,49,Distributor,USD,AXW291,16,14,10,3819,38190,2482.35
SO - 0005848,2016-04-12,111,Wholesale,USD,AXW291,27,4,5,917.9,4589.5,780.22
SO - 0005849,2016-04-12,94,Wholesale,USD,NXH382,51,23,5,3778.8,18894,1662.67
SO - 0005850,2016-04-13,109,Export,USD,AXW291,3,20,8,3919.5,31356,2665.26
SO - 0005851,2016-04-13,155,Wholesale,USD,AXW291,16,20,9,1092.1,9828.9,917.36
SO - 0005852,2016-04-13,127,Wholesale,USD,AXW291,2,13,9,938,8442,750.4
SO - 0005853,2016-04-13,135,Distributor,USD,AXW291,16,25,6,2244.5,13467,1077.36
SO - 0005854,2016-04-13,113,Export,USD,NXH382,57,21,9,2338.3,21044.7,1215.92
SO - 0005855,2016-04-13,164,Distributor,USD,AXW291,28,14,11,3899.4,42893.4,2456.62
SO - 0005856,2016-04-13,82,Wholesale,USD,NXH382,55,26,8,1051.9,8415.2,852.04
SO - 0005857,2016-04-13,15,Wholesale,USD,AXW291,1,26,9,1072,9648,600.32
SO - 0005858,2016-04-14,53,Export,USD,AXW291,16,15,10,1768.8,17688,955.15
SO - 0005859,2016-04-14,70,Wholesale,USD,AXW291,29,2,7,180.9,1266.3,144.72
SO - 0005860,2016-04-14,7,Wholesale,USD,NXH382,47,26,11,241.2,2653.2,161.6
SO - 0005861,2016-04-14,136,Export,USD,FLR025,62,14,5,1869.3,9346.5,972.04
SO - 0005862,2016-04-14,50,Distributor,USD,FLR025,66,4,5,2921.2,14606,2366.17
SO - 0005863,2016-04-15,91,Distributor,USD,NXH382,54,26,10,1795.6,17956,1059.4
SO - 0005864,2016-04-15,130,Wholesale,USD,NXH382,51,10,5,911.2,4556,492.05
SO - 0005865,2016-04-15,126,Distributor,USD,AXW291,18,15,8,5601.2,44809.6,2632.56
SO - 0005866,2016-04-15,96,Wholesale,USD,GUT930,42,17,9,5313.1,47817.9,3028.47
SO - 0005867,2016-04-15,127,Wholesale,USD,AXW291,13,10,8,991.6,7932.8,773.45
SO - 0005868,2016-04-15,65,Distributor,USD,AXW291,5,12,9,2994.9,26954.1,2126.38
SO - 0005869,2016-04-15,63,Distributor,USD,AXW291,30,3,12,2003.3,24039.6,1201.98
SO - 0005870,2016-04-15,51,Distributor,USD,AXW291,13,25,9,1132.3,10190.7,713.35
SO - 0005871,2016-04-15,132,Wholesale,USD,GUT930,31,16,12,991.6,11899.2,743.7
SO - 0005872,2016-04-15,133,Export,USD,GUT930,40,1,8,1018.4,8147.2,549.94
SO - 0005873,2016-04-15,3,Export,USD,FLR025,66,4,5,690.1,3450.5,496.87
SO - 0005874,2016-04-16,23,Wholesale,USD,AXW291,27,1,8,1849.2,14793.6,1275.95
SO - 0005875,2016-04-16,11,Wholesale,USD,GUT930,35,15,5,2378.5,11892.5,1902.8
SO - 0005876,2016-04-16,107,Distributor,USD,GUT930,40,26,11,3953,43483,2767.1
SO - 0005877,2016-04-16,66,Wholesale,USD,NXH382,49,15,5,1072,5360,793.28
SO - 0005878,2016-04-16,100,Distributor,USD,AXW291,7,29,5,207.7,1038.5,120.47
SO - 0005879,2016-04-16,79,Wholesale,USD,FLR025,63,1,6,227.8,1366.8,109.34
SO - 0005880,2016-04-16,103,Wholesale,USD,AXW291,6,14,12,2365.1,28381.2,1348.11
SO - 0005881,2016-04-17,45,Wholesale,USD,AXW291,18,26,11,5118.8,56306.8,2149.9
SO - 0005882,2016-04-17,122,Wholesale,USD,NXH382,53,25,8,6344.9,50759.2,3743.49
SO - 0005883,2016-04-17,168,Wholesale,USD,AXW291,12,1,11,2566.1,28227.1,1539.66
SO - 0005884,2016-04-17,112,Wholesale,USD,GUT930,37,26,7,1735.3,12147.1,1180
SO - 0005885,2016-04-17,113,Wholesale,USD,GUT930,42,5,11,1132.3,12455.3,634.09
SO - 0005886,2016-04-18,26,Wholesale,USD,GUT930,46,1,5,221.1,1105.5,145.93
SO - 0005887,2016-04-18,175,Export,USD,NXH382,54,16,6,1226.1,7356.6,514.96
SO - 0005888,2016-04-18,100,Distributor,USD,AXW291,2,13,9,3926.2,35335.8,3140.96
SO - 0005889,2016-04-18,164,Wholesale,USD,AXW291,21,5,12,2532.6,30391.2,1696.84
SO - 0005890,2016-04-18,52,Distributor,USD,GUT930,44,14,7,2003.3,14023.1,901.49
SO - 0005891,2016-04-18,135,Wholesale,USD,AXW291,13,4,7,1969.8,13788.6,1654.63
SO - 0005892,2016-04-18,153,Wholesale,USD,AXW291,22,3,12,247.9,2974.8,193.36
SO - 0005893,2016-04-18,79,Export,USD,AXW291,25,15,11,1782.2,19604.2,1514.87
SO - 0005894,2016-04-19,125,Distributor,USD,NXH382,51,1,10,3852.5,38525,2234.45
SO - 0005895,2016-04-19,151,Distributor,USD,AXW291,13,15,8,5721.8,45774.4,4863.53
SO - 0005896,2016-04-19,142,Distributor,USD,GUT930,40,5,8,2452.2,19617.6,1642.97
SO - 0005897,2016-04-19,41,Wholesale,USD,FLR025,66,2,12,857.6,10291.2,548.86
SO - 0005898,2016-04-19,152,Wholesale,USD,NXH382,57,5,11,261.3,2874.3,175.07
SO - 0005899,2016-04-19,33,Wholesale,USD,AXW291,23,13,7,5266.2,36863.4,2791.09
SO - 0005900,2016-04-19,129,Distributor,USD,AXW291,4,11,6,5936.2,35617.2,2849.38
SO - 0005901,2016-04-19,3,Wholesale,USD,AXW291,6,14,7,3021.7,21151.9,1843.24
SO - 0005902,2016-04-19,14,Export,USD,AXW291,30,4,8,1005,8040,804
SO - 0005903,2016-04-20,15,Wholesale,USD,AXW291,11,25,7,2472.3,17306.1,1236.15
SO - 0005904,2016-04-20,118,Wholesale,USD,FLR025,66,23,12,1031.8,12381.6,495.26
SO - 0005905,2016-04-20,94,Distributor,USD,AXW291,21,25,8,1011.7,8093.6,576.67
SO - 0005906,2016-04-20,128,Wholesale,USD,NXH382,59,25,6,2217.7,13306.2,1618.92
SO - 0005907,2016-04-20,129,Export,USD,NXH382,47,5,5,1045.2,5226,533.05
SO - 0005908,2016-04-21,28,Wholesale,USD,AXW291,5,25,10,1313.2,13132,945.5
SO - 0005909,2016-04-21,4,Wholesale,USD,AXW291,18,17,9,3859.2,34732.8,1813.82
SO - 0005910,2016-04-21,124,Wholesale,USD,NXH382,48,7,8,6552.6,52420.8,3866.03
SO - 0005911,2016-04-21,138,Wholesale,USD,AXW291,26,14,9,1855.9,16703.1,965.07
SO - 0005912,2016-04-21,53,Wholesale,USD,NXH382,54,14,12,214.4,2572.8,150.08
SO - 0005913,2016-04-21,166,Distributor,USD,FLR025,62,8,11,1051.9,11570.9,673.22
SO - 0005914,2016-04-21,20,Export,USD,AXW291,22,25,10,1212.7,12127,1006.54
SO - 0005915,2016-04-21,45,Wholesale,USD,AXW291,6,9,10,3886,38860,1748.7
SO - 0005916,2016-04-21,20,Distributor,USD,AXW291,26,30,11,5808.9,63897.9,2555.92
SO - 0005917,2016-04-22,17,Wholesale,USD,AXW291,23,14,6,194.3,1165.8,126.3
SO - 0005918,2016-04-22,35,Wholesale,USD,NXH382,56,11,8,1768.8,14150.4,760.58
SO - 0005919,2016-04-22,117,Wholesale,USD,GUT930,32,28,9,3999.9,35999.1,2159.95
SO - 0005920,2016-04-22,17,Wholesale,USD,GUT930,42,4,11,3242.8,35670.8,2756.38
SO - 0005921,2016-04-22,134,Distributor,USD,GUT930,42,25,5,2566.1,12830.5,1796.27
SO - 0005922,2016-04-23,107,Wholesale,USD,AXW291,19,4,7,1011.7,7081.9,708.19
SO - 0005923,2016-04-23,76,Wholesale,USD,GUT930,39,5,10,971.5,9715,437.18
SO - 0005924,2016-04-23,10,Wholesale,USD,AXW291,18,19,5,5179.1,25895.5,2434.18
SO - 0005925,2016-04-23,58,Wholesale,USD,AXW291,7,26,8,1045.2,8361.6,742.09
SO - 0005926,2016-04-23,139,Distributor,USD,FLR025,62,28,6,5494,32964,2747
SO - 0005927,2016-04-23,89,Wholesale,USD,GUT930,41,2,9,221.1,1989.9,161.4
SO - 0005928,2016-04-23,37,Wholesale,USD,GUT930,32,12,8,3906.1,31248.8,2421.78
SO - 0005929,2016-04-23,172,Wholesale,USD,NXH382,55,3,10,241.2,2412,130.25
SO - 0005930,2016-04-24,128,Wholesale,USD,FLR025,65,25,9,1132.3,10190.7,871.87
SO - 0005931,2016-04-24,47,Wholesale,USD,AXW291,4,25,11,1139,12529,933.98
SO - 0005932,2016-04-24,85,Wholesale,USD,GUT930,42,18,8,6344.9,50759.2,3616.59
SO - 0005933,2016-04-24,133,Wholesale,USD,AXW291,16,1,9,971.5,8743.5,680.05
SO - 0005934,2016-04-24,152,Distributor,USD,AXW291,29,26,10,3865.9,38659,1585.02
SO - 0005935,2016-04-24,116,Distributor,USD,FLR025,65,28,5,268,1340,184.92
SO - 0005936,2016-04-24,17,Wholesale,USD,AXW291,21,26,12,1051.9,12622.8,599.58
SO - 0005937,2016-04-24,141,Wholesale,USD,AXW291,7,13,11,1058.6,11644.6,561.06
SO - 0005938,2016-04-24,62,Wholesale,USD,AXW291,15,30,5,1025.1,5125.5,584.31
SO - 0005939,2016-04-24,104,Distributor,USD,GUT930,41,25,11,241.2,2653.2,115.78
SO - 0005940,2016-04-24,69,Export,USD,GUT930,41,13,6,5212.6,31275.6,2814.8
SO - 0005941,2016-04-24,155,Wholesale,USD,NXH382,53,2,8,1943,15544,952.07
SO - 0005942,2016-04-24,79,Distributor,USD,GUT930,42,17,12,5822.3,69867.6,4599.62
SO - 0005943,2016-04-24,99,Export,USD,AXW291,15,28,7,696.8,4877.6,383.24
SO - 0005944,2016-04-25,164,Wholesale,USD,GUT930,40,9,6,3993.2,23959.2,2076.46
SO - 0005945,2016-04-25,25,Distributor,USD,GUT930,44,11,5,5956.3,29781.5,3216.4
SO - 0005946,2016-04-25,48,Distributor,USD,NXH382,58,26,12,2505.8,30069.6,1904.41
SO - 0005947,2016-04-25,100,Wholesale,USD,AXW291,10,7,12,3463.9,41566.8,2909.68
SO - 0005948,2016-04-25,141,Export,USD,AXW291,6,5,6,5835.7,35014.2,2917.85
SO - 0005949,2016-04-25,25,Wholesale,USD,NXH382,52,13,11,2211,24321,950.73
SO - 0005950,2016-04-25,123,Distributor,USD,AXW291,7,15,9,3691.7,33225.3,2990.28
SO - 0005951,2016-04-26,40,Wholesale,USD,AXW291,6,28,8,3819,30552,2902.44
SO - 0005952,2016-04-26,35,Wholesale,USD,GUT930,45,14,10,1889.4,18894,1322.58
SO - 0005953,2016-04-26,18,Wholesale,USD,NXH382,57,1,9,2211,19899,1238.16
SO - 0005954,2016-04-26,113,Wholesale,USD,AXW291,26,29,6,1259.6,7557.6,831.34
SO - 0005955,2016-04-26,33,Wholesale,USD,NXH382,53,1,8,268,2144,147.4
SO - 0005956,2016-04-26,44,Distributor,USD,AXW291,4,2,7,3892.7,27248.9,2452.4
SO - 0005957,2016-04-26,76,Distributor,USD,GUT930,35,25,6,3986.5,23919,2710.82
SO - 0005958,2016-04-26,75,Wholesale,USD,AXW291,18,26,11,1681.7,18498.7,1109.92
SO - 0005959,2016-04-26,130,Wholesale,USD,NXH382,52,26,11,1112.2,12234.2,567.22
SO - 0005960,2016-04-26,20,Distributor,USD,AXW291,28,26,10,2539.3,25393,1498.19
SO - 0005961,2016-04-26,87,Wholesale,USD,GUT930,46,2,8,1829.1,14632.8,951.13
SO - 0005962,2016-04-27,94,Wholesale,USD,AXW291,20,25,9,5594.5,50350.5,4083.99
SO - 0005963,2016-04-27,132,Distributor,USD,GUT930,32,9,10,174.2,1742,130.65
SO - 0005964,2016-04-27,49,Wholesale,USD,AXW291,21,26,8,5688.3,45506.4,2673.5
SO - 0005965,2016-04-27,108,Export,USD,AXW291,20,26,6,1748.7,10492.2,944.3
SO - 0005966,2016-04-27,99,Export,USD,FLR025,61,1,8,1795.6,14364.8,772.11
SO - 0005967,2016-04-27,136,Export,USD,GUT930,36,13,9,1051.9,9467.1,694.25
SO - 0005968,2016-04-27,30,Wholesale,USD,GUT930,40,18,9,194.3,1748.7,106.87
SO - 0005969,2016-04-27,61,Wholesale,USD,AXW291,18,13,12,1721.9,20662.8,843.73
SO - 0005970,2016-04-28,71,Wholesale,USD,GUT930,46,2,10,944.7,9447,472.35
SO - 0005971,2016-04-28,75,Distributor,USD,AXW291,27,2,9,1112.2,10009.8,800.78
SO - 0005972,2016-04-28,168,Wholesale,USD,NXH382,52,4,6,3035.1,18210.6,1699.66
SO - 0005973,2016-04-28,174,Distributor,USD,NXH382,48,1,12,3229.4,38752.8,1453.23
SO - 0005974,2016-04-28,123,Wholesale,USD,GUT930,40,26,8,3865.9,30927.2,3092.72
SO - 0005975,2016-04-28,13,Wholesale,USD,AXW291,8,26,11,931.3,10244.3,754.35
SO - 0005976,2016-04-28,112,Wholesale,USD,AXW291,31,4,7,1212.7,8488.9,812.51
SO - 0005977,2016-04-28,64,Distributor,USD,AXW291,25,17,5,5695,28475,2676.65
SO - 0005978,2016-04-28,102,Wholesale,USD,NXH382,50,16,10,3926.2,39262,2748.34
SO - 0005979,2016-04-29,118,Wholesale,USD,GUT930,32,23,11,1172.5,12897.5,492.45
SO - 0005980,2016-04-29,65,Wholesale,USD,AXW291,10,5,5,998.3,4991.5,808.62
SO - 0005981,2016-04-29,143,Distributor,USD,AXW291,22,5,10,2311.5,23115,1086.41
SO - 0005982,2016-04-29,100,Export,USD,AXW291,16,15,11,5554.3,61097.3,2777.15
SO - 0005983,2016-04-29,168,Distributor,USD,AXW291,19,25,8,167.5,1340,70.35
SO - 0005984,2016-04-29,7,Wholesale,USD,AXW291,14,14,9,2505.8,22552.2,1303.02
SO - 0005985,2016-04-29,84,Wholesale,USD,FLR025,62,14,7,1139,7973,683.4
SO - 0005986,2016-04-29,142,Wholesale,USD,AXW291,18,13,11,3939.6,43335.6,2560.74
SO - 0005987,2016-04-29,140,Export,USD,FLR025,63,13,9,1969.8,17728.2,1398.56
SO - 0005988,2016-04-29,18,Wholesale,USD,AXW291,16,3,9,1005,9045,743.7
SO - 0005989,2016-04-29,141,Distributor,USD,AXW291,3,2,6,864.3,5185.8,380.29
SO - 0005990,2016-04-29,92,Wholesale,USD,GUT930,38,22,9,227.8,2050.2,150.35
SO - 0005991,2016-04-29,147,Distributor,USD,AXW291,22,9,10,1072,10720,428.8
SO - 0005992,2016-04-30,116,Distributor,USD,GUT930,32,3,7,743.7,5205.9,557.78
SO - 0005993,2016-04-30,55,Distributor,USD,GUT930,32,15,5,1896.1,9480.5,948.05
SO - 0005994,2016-04-30,123,Wholesale,USD,AXW291,4,16,9,1862.6,16763.4,1564.58
SO - 0005995,2016-04-30,74,Distributor,USD,NXH382,52,19,6,3872.6,23235.6,3059.35
SO - 0005996,2016-04-30,136,Distributor,USD,GUT930,42,25,12,2479,29748,1512.19
SO - 0005997,2016-04-30,109,Export,USD,GUT930,45,3,7,1715.2,12006.4,1200.64
SO - 0005998,2016-04-30,13,Wholesale,USD,GUT930,44,13,10,3845.8,38458,1884.44
SO - 0005999,2016-04-30,122,Distributor,USD,GUT930,36,6,8,3202.6,25620.8,2049.66
SO - 0006000,2016-04-30,12,Distributor,USD,NXH382,58,3,9,730.3,6572.7,438.18
SO - 0006001,2016-04-30,122,Distributor,USD,NXH382,47,14,10,1889.4,18894,1549.31
SO - 0006002,2016-05-01,50,Wholesale,USD,GUT930,37,13,11,3979.8,43777.8,3343.03
SO - 0006003,2016-05-01,3,Distributor,USD,AXW291,15,25,6,1949.7,11698.2,1559.76
SO - 0006004,2016-05-01,90,Export,USD,AXW291,7,26,9,2244.5,20200.5,1683.38
SO - 0006005,2016-05-01,67,Export,USD,AXW291,29,14,9,2512.5,22612.5,1231.13
SO - 0006006,2016-05-01,65,Wholesale,USD,AXW291,28,29,7,984.9,6894.3,679.58
SO - 0006007,2016-05-01,102,Wholesale,USD,NXH382,48,17,9,1118.9,10070.1,704.91
SO - 0006008,2016-05-01,100,Wholesale,USD,AXW291,31,4,10,5835.7,58357,2509.35
SO - 0006009,2016-05-01,27,Wholesale,USD,FLR025,64,18,11,2860.9,31469.9,2288.72
SO - 0006010,2016-05-01,80,Export,USD,AXW291,16,6,10,6304.7,63047,3026.26
SO - 0006011,2016-05-02,62,Wholesale,USD,AXW291,18,14,6,3262.9,19577.4,1925.11
SO - 0006012,2016-05-02,81,Wholesale,USD,AXW291,8,22,8,227.8,1822.4,95.68
SO - 0006013,2016-05-02,27,Export,USD,AXW291,27,26,7,3839.1,26873.7,1727.6
SO - 0006014,2016-05-02,122,Distributor,USD,AXW291,4,5,7,180.9,1266.3,86.83
SO - 0006015,2016-05-02,25,Wholesale,USD,NXH382,49,25,5,221.1,1105.5,148.14
SO - 0006016,2016-05-02,135,Wholesale,USD,AXW291,16,6,11,884.4,9728.4,442.2
SO - 0006017,2016-05-02,75,Export,USD,NXH382,48,20,5,1775.5,8877.5,1296.12
SO - 0006018,2016-05-02,89,Distributor,USD,AXW291,13,25,9,1065.3,9587.7,522
SO - 0006019,2016-05-02,9,Wholesale,USD,AXW291,15,3,6,3879.3,23275.8,1823.27
SO - 0006020,2016-05-03,48,Wholesale,USD,AXW291,22,14,10,5118.8,51188,3890.29
SO - 0006021,2016-05-03,82,Distributor,USD,AXW291,5,25,11,904.5,9949.5,515.57
SO - 0006022,2016-05-04,173,Wholesale,USD,GUT930,41,13,11,1742,19162,992.94
SO - 0006023,2016-05-04,15,Wholesale,USD,FLR025,60,15,10,4013.3,40133,2688.91
SO - 0006024,2016-05-04,3,Wholesale,USD,GUT930,45,1,11,1306.5,14371.5,1084.4
SO - 0006025,2016-05-04,168,Wholesale,USD,AXW291,7,29,5,3222.7,16113.5,2610.39
SO - 0006026,2016-05-04,111,Distributor,USD,GUT930,38,15,5,3973.1,19865.5,1907.09
SO - 0006027,2016-05-04,10,Wholesale,USD,AXW291,7,20,7,1078.7,7550.9,539.35
SO - 0006028,2016-05-04,111,Export,USD,AXW291,9,2,12,3926.2,47114.4,1845.31
SO - 0006029,2016-05-04,140,Export,USD,NXH382,53,23,7,201,1407,84.42
SO - 0006030,2016-05-05,53,Wholesale,USD,GUT930,32,26,11,3685,40535,2395.25
SO - 0006031,2016-05-05,125,Wholesale,USD,GUT930,40,26,6,3530.9,21185.4,1482.98
SO - 0006032,2016-05-05,163,Distributor,USD,AXW291,12,15,5,777.2,3886,349.74
SO - 0006033,2016-05-05,67,Wholesale,USD,AXW291,23,28,11,871,9581,426.79
SO - 0006034,2016-05-05,71,Wholesale,USD,AXW291,7,14,12,1139,13668,569.5
SO - 0006035,2016-05-05,24,Wholesale,USD,AXW291,15,21,11,167.5,1842.5,118.93
SO - 0006036,2016-05-06,126,Wholesale,USD,AXW291,7,4,7,201,1407,120.6
SO - 0006037,2016-05-06,14,Distributor,USD,AXW291,24,10,7,5607.9,39255.3,4149.85
SO - 0006038,2016-05-06,63,Distributor,USD,NXH382,58,26,9,3886,34974,2059.58
SO - 0006039,2016-05-06,68,Wholesale,USD,GUT930,46,5,7,3343.3,23403.1,2407.18
SO - 0006040,2016-05-06,156,Distributor,USD,GUT930,41,15,9,2814,25326,1181.88
SO - 0006041,2016-05-06,7,Wholesale,USD,AXW291,24,26,12,991.6,11899.2,505.72
SO - 0006042,2016-05-06,51,Export,USD,GUT930,39,12,9,1159.1,10431.9,475.23
SO - 0006043,2016-05-07,67,Wholesale,USD,GUT930,44,5,7,2499.1,17493.7,1074.61
SO - 0006044,2016-05-07,130,Wholesale,USD,GUT930,35,11,7,2298.1,16086.7,1493.77
SO - 0006045,2016-05-07,33,Wholesale,USD,AXW291,28,13,12,1139,13668,569.5
SO - 0006046,2016-05-07,175,Wholesale,USD,AXW291,21,15,5,1835.8,9179,1542.07
SO - 0006047,2016-05-07,11,Wholesale,USD,AXW291,6,5,11,1098.8,12086.8,922.99
SO - 0006048,2016-05-08,97,Distributor,USD,NXH382,54,1,12,3825.7,45908.4,3175.33
SO - 0006049,2016-05-08,85,Wholesale,USD,AXW291,12,5,9,911.2,8200.8,765.41
SO - 0006050,2016-05-08,26,Wholesale,USD,AXW291,29,15,6,2572.8,15436.8,1312.13
SO - 0006051,2016-05-08,128,Wholesale,USD,NXH382,50,27,7,227.8,1594.6,177.68
SO - 0006052,2016-05-08,74,Wholesale,USD,NXH382,58,19,9,1266.3,11396.7,835.76
SO - 0006053,2016-05-08,80,Distributor,USD,FLR025,66,3,8,2626.4,21011.2,1943.54
SO - 0006054,2016-05-08,126,Export,USD,AXW291,11,21,9,783.9,7055.1,368.43
SO - 0006055,2016-05-08,134,Wholesale,USD,AXW291,12,26,7,2968.1,20776.7,1869.9
SO - 0006056,2016-05-09,59,Wholesale,USD,AXW291,3,25,10,3075.3,30753,1722.17
SO - 0006057,2016-05-09,169,Distributor,USD,GUT930,31,29,9,194.3,1748.7,89.38
SO - 0006058,2016-05-09,128,Export,USD,AXW291,7,2,10,1728.6,17286,726.01
SO - 0006059,2016-05-09,76,Distributor,USD,GUT930,40,3,5,891.1,4455.5,730.7
SO - 0006060,2016-05-09,88,Wholesale,USD,AXW291,23,5,8,1078.7,8629.6,528.56
SO - 0006061,2016-05-09,33,Wholesale,USD,AXW291,4,21,7,3845.8,26920.6,2768.98
SO - 0006062,2016-05-09,27,Export,USD,AXW291,9,14,12,3939.6,47275.2,2087.99
SO - 0006063,2016-05-09,18,Wholesale,USD,AXW291,27,19,7,891.1,6237.7,623.77
SO - 0006064,2016-05-10,161,Wholesale,USD,GUT930,35,1,10,3959.7,39597,2930.18
SO - 0006065,2016-05-10,163,Wholesale,USD,AXW291,5,17,6,6277.9,37667.4,4959.54
SO - 0006066,2016-05-10,30,Wholesale,USD,GUT930,41,15,11,817.4,8991.4,580.35
SO - 0006067,2016-05-10,100,Distributor,USD,GUT930,39,18,8,3946.3,31570.4,1933.69
SO - 0006068,2016-05-10,39,Wholesale,USD,AXW291,21,21,7,2458.9,17212.3,1303.22
SO - 0006069,2016-05-10,21,Distributor,USD,FLR025,60,24,10,2211,22110,906.51
SO - 0006070,2016-05-10,100,Distributor,USD,NXH382,48,13,9,3852.5,34672.5,1541
SO - 0006071,2016-05-10,132,Wholesale,USD,GUT930,46,2,8,2659.9,21279.2,2260.92
SO - 0006072,2016-05-10,131,Distributor,USD,FLR025,63,12,8,877.7,7021.6,351.08
SO - 0006073,2016-05-10,96,Distributor,USD,AXW291,29,1,8,1728.6,13828.8,726.01
SO - 0006074,2016-05-10,87,Wholesale,USD,AXW291,8,6,5,2438.8,12194,1926.65
SO - 0006075,2016-05-10,97,Wholesale,USD,NXH382,54,25,12,207.7,2492.4,85.16
SO - 0006076,2016-05-10,151,Wholesale,USD,NXH382,60,22,8,1829.1,14632.8,1006.01
SO - 0006077,2016-05-11,165,Distributor,USD,NXH382,51,25,11,5038.4,55422.4,3778.8
SO - 0006078,2016-05-11,67,Wholesale,USD,NXH382,53,11,8,3932.9,31463.2,2831.69
SO - 0006079,2016-05-11,174,Distributor,USD,FLR025,66,11,6,6224.3,37345.8,4481.5
SO - 0006080,2016-05-11,95,Distributor,USD,FLR025,63,28,7,2391.9,16743.3,1865.68
SO - 0006081,2016-05-11,30,Wholesale,USD,AXW291,11,15,10,2211,22110,1857.24
SO - 0006082,2016-05-11,24,Distributor,USD,AXW291,20,2,9,1092.1,9828.9,578.81
SO - 0006083,2016-05-11,109,Export,USD,NXH382,48,20,12,6365,76380,4582.8
SO - 0006084,2016-05-12,36,Wholesale,USD,AXW291,26,14,5,1742,8710,1463.28
SO - 0006085,2016-05-12,141,Export,USD,AXW291,17,27,6,261.3,1567.8,164.62
SO - 0006086,2016-05-12,112,Distributor,USD,AXW291,2,20,12,3966.4,47596.8,1705.55
SO - 0006087,2016-05-12,26,Wholesale,USD,NXH382,53,18,5,4020,20100,2170.8
SO - 0006088,2016-05-12,136,Distributor,USD,GUT930,40,22,6,1118.9,6713.4,660.15
SO - 0006089,2016-05-12,151,Wholesale,USD,GUT930,32,2,6,830.8,4984.8,589.87
SO - 0006090,2016-05-13,70,Wholesale,USD,FLR025,62,20,7,174.2,1219.4,87.1
SO - 0006091,2016-05-13,59,Wholesale,USD,AXW291,30,25,8,3142.3,25138.4,2608.11
SO - 0006092,2016-05-13,7,Distributor,USD,NXH382,51,1,5,1125.6,5628,686.62
SO - 0006093,2016-05-13,143,Wholesale,USD,NXH382,57,3,11,6177.4,67951.4,5065.47
SO - 0006094,2016-05-13,94,Wholesale,USD,AXW291,27,30,5,1199.3,5996.5,791.54
SO - 0006095,2016-05-14,26,Wholesale,USD,GUT930,39,21,7,783.9,5487.3,642.8
SO - 0006096,2016-05-14,34,Distributor,USD,FLR025,63,21,10,268,2680,198.32
SO - 0006097,2016-05-14,155,Wholesale,USD,NXH382,53,25,8,2010,16080,1386.9
SO - 0006098,2016-05-14,172,Wholesale,USD,AXW291,26,3,6,3973.1,23838.6,3377.14
SO - 0006099,2016-05-15,18,Distributor,USD,AXW291,29,11,5,1152.4,5762,691.44
SO - 0006100,2016-05-15,121,Wholesale,USD,AXW291,18,4,8,1112.2,8897.6,556.1
SO - 0006101,2016-05-15,93,Wholesale,USD,AXW291,31,23,12,6210.9,74530.8,3353.89
SO - 0006102,2016-05-15,160,Distributor,USD,NXH382,51,15,6,911.2,5467.2,747.18
SO - 0006103,2016-05-15,171,Distributor,USD,AXW291,24,15,9,180.9,1628.1,146.53
SO - 0006104,2016-05-15,54,Distributor,USD,GUT930,33,25,10,3999.9,39999,2119.95
SO - 0006105,2016-05-15,38,Export,USD,AXW291,8,14,11,1896.1,20857.1,777.4
SO - 0006106,2016-05-15,85,Wholesale,USD,AXW291,6,13,9,3886,34974,2059.58
SO - 0006107,2016-05-15,112,Wholesale,USD,NXH382,59,27,7,5326.5,37285.5,3036.11
SO - 0006108,2016-05-15,85,Distributor,USD,NXH382,52,16,12,234.5,2814,126.63
SO - 0006109,2016-05-15,79,Wholesale,USD,NXH382,57,5,6,2445.5,14673,978.2
SO - 0006110,2016-05-15,130,Wholesale,USD,AXW291,20,16,8,234.5,1876,154.77
SO - 0006111,2016-05-16,39,Export,USD,AXW291,9,14,11,2211,24321,1216.05
SO - 0006112,2016-05-16,156,Wholesale,USD,GUT930,45,5,7,5587.8,39114.6,3017.41
SO - 0006113,2016-05-16,4,Wholesale,USD,GUT930,40,5,5,2633.1,13165.5,1606.19
SO - 0006114,2016-05-16,154,Wholesale,USD,AXW291,3,25,5,3953,19765,3360.05
SO - 0006115,2016-05-16,87,Wholesale,USD,AXW291,18,2,6,1072,6432,825.44
SO - 0006116,2016-05-16,47,Distributor,USD,AXW291,27,14,7,2345,16415,1899.45
SO - 0006117,2016-05-16,95,Wholesale,USD,AXW291,15,13,8,2546,20368,2062.26
SO - 0006118,2016-05-16,112,Distributor,USD,FLR025,64,4,6,2485.7,14914.2,1292.56
SO - 0006119,2016-05-16,92,Distributor,USD,AXW291,29,1,9,2244.5,20200.5,1391.59
SO - 0006120,2016-05-16,86,Distributor,USD,AXW291,26,25,11,2391.9,26310.9,1530.82
SO - 0006121,2016-05-17,32,Distributor,USD,AXW291,4,25,10,1038.5,10385,571.18
SO - 0006122,2016-05-17,9,Export,USD,AXW291,24,20,7,1916.2,13413.4,1092.23
SO - 0006123,2016-05-17,97,Distributor,USD,NXH382,52,14,9,2733.6,24602.4,1503.48
SO - 0006124,2016-05-17,158,Wholesale,USD,FLR025,65,2,12,1098.8,13185.6,868.05
SO - 0006125,2016-05-17,125,Wholesale,USD,GUT930,40,29,11,1815.7,19972.7,726.28
SO - 0006126,2016-05-17,63,Distributor,USD,AXW291,5,13,9,1092.1,9828.9,709.87
SO - 0006127,2016-05-17,22,Wholesale,USD,NXH382,55,13,12,1132.3,13587.6,611.44
SO - 0006128,2016-05-17,159,Distributor,USD,GUT930,33,25,8,2639.8,21118.4,1689.47
SO - 0006129,2016-05-17,135,Wholesale,USD,AXW291,29,2,8,3999.9,31999.2,2199.95
SO - 0006130,2016-05-17,45,Distributor,USD,GUT930,45,17,9,3745.3,33707.7,2808.98
SO - 0006131,2016-05-17,90,Wholesale,USD,FLR025,63,18,11,5279.6,58075.6,3167.76
SO - 0006132,2016-05-17,135,Distributor,USD,GUT930,33,4,9,1005,9045,462.3
SO - 0006133,2016-05-18,60,Distributor,USD,AXW291,30,10,6,3879.3,23275.8,3142.23
SO - 0006134,2016-05-18,53,Distributor,USD,NXH382,53,3,11,3557.7,39134.7,1707.7
SO - 0006135,2016-05-18,58,Distributor,USD,AXW291,24,23,5,5681.6,28408,4829.36
SO - 0006136,2016-05-18,126,Wholesale,USD,AXW291,20,2,11,3865.9,42524.9,2087.59
SO - 0006137,2016-05-18,100,Export,USD,AXW291,20,25,5,2666.6,13333,1093.31
SO - 0006138,2016-05-18,114,Distributor,USD,NXH382,51,3,5,5902.7,29513.5,2420.11
SO - 0006139,2016-05-18,74,Distributor,USD,AXW291,2,15,7,3865.9,27061.3,1701
SO - 0006140,2016-05-18,45,Wholesale,USD,GUT930,46,14,8,2237.8,17902.4,1253.17
SO - 0006141,2016-05-18,130,Wholesale,USD,AXW291,8,16,7,1098.8,7691.6,560.39
SO - 0006142,2016-05-18,175,Distributor,USD,GUT930,39,3,7,1688.4,11818.8,1215.65
SO - 0006143,2016-05-18,5,Distributor,USD,AXW291,9,25,6,3390.2,20341.2,1966.32
SO - 0006144,2016-05-19,133,Wholesale,USD,AXW291,3,26,8,2345,18760,1735.3
SO - 0006145,2016-05-19,100,Export,USD,AXW291,27,25,9,757.1,6813.9,401.26
SO - 0006146,2016-05-19,137,Distributor,USD,FLR025,64,4,8,1078.7,8629.6,442.27
SO - 0006147,2016-05-19,24,Wholesale,USD,GUT930,36,26,12,2512.5,30150,1231.13
SO - 0006148,2016-05-19,49,Wholesale,USD,GUT930,32,11,12,1051.9,12622.8,546.99
SO - 0006149,2016-05-19,121,Export,USD,AXW291,22,13,7,2458.9,17212.3,1254.04
SO - 0006150,2016-05-19,111,Wholesale,USD,NXH382,50,2,8,1025.1,8200.8,840.58
SO - 0006151,2016-05-19,31,Wholesale,USD,NXH382,48,13,7,3798.9,26592.3,2583.25
SO - 0006152,2016-05-19,111,Wholesale,USD,AXW291,30,6,5,2371.8,11859,1043.59
SO - 0006153,2016-05-19,80,Wholesale,USD,AXW291,6,18,11,1078.7,11865.7,852.17
SO - 0006154,2016-05-19,16,Wholesale,USD,GUT930,42,15,9,951.4,8562.6,428.13
SO - 0006155,2016-05-19,149,Wholesale,USD,NXH382,51,26,7,1246.2,8723.4,573.25
SO - 0006156,2016-05-20,132,Wholesale,USD,GUT930,32,1,12,1835.8,22029.6,972.97
SO - 0006157,2016-05-20,160,Distributor,USD,GUT930,47,11,12,5695,68340,2847.5
SO - 0006158,2016-05-20,92,Wholesale,USD,FLR025,62,18,7,904.5,6331.5,524.61
SO - 0006159,2016-05-20,57,Wholesale,USD,NXH382,50,1,8,3966.4,31731.2,2300.51
SO - 0006160,2016-05-21,38,Export,USD,AXW291,13,13,9,1092.1,9828.9,688.02
SO - 0006161,2016-05-21,20,Wholesale,USD,NXH382,58,2,12,1112.2,13346.4,811.91
SO - 0006162,2016-05-21,69,Wholesale,USD,NXH382,52,13,10,3966.4,39664,2895.47
SO - 0006163,2016-05-21,103,Wholesale,USD,AXW291,19,5,10,1058.6,10586,529.3
SO - 0006164,2016-05-21,22,Distributor,USD,GUT930,36,12,10,3979.8,39798,3303.23
SO - 0006165,2016-05-21,104,Wholesale,USD,AXW291,18,15,12,241.2,2894.4,103.72
SO - 0006166,2016-05-22,111,Wholesale,USD,GUT930,38,2,9,6458.8,58129.2,5489.98
SO - 0006167,2016-05-22,17,Export,USD,AXW291,24,2,10,3825.7,38257,2869.28
SO - 0006168,2016-05-22,24,Wholesale,USD,AXW291,25,7,6,3946.3,23677.8,2525.63
SO - 0006169,2016-05-22,26,Wholesale,USD,FLR025,60,16,12,837.5,10050,628.13
SO - 0006170,2016-05-22,72,Wholesale,USD,GUT930,32,26,5,938,4690,684.74
SO - 0006171,2016-05-22,120,Distributor,USD,AXW291,27,6,5,3624.7,18123.5,1812.35
SO - 0006172,2016-05-22,148,Wholesale,USD,AXW291,11,4,5,3999.9,19999.5,2319.94
SO - 0006173,2016-05-22,150,Wholesale,USD,FLR025,61,26,9,254.6,2291.4,188.4
SO - 0006174,2016-05-23,9,Distributor,USD,AXW291,30,27,6,1299.8,7798.8,675.9
SO - 0006175,2016-05-23,121,Wholesale,USD,GUT930,44,21,11,261.3,2874.3,151.55
SO - 0006176,2016-05-23,53,Wholesale,USD,AXW291,5,5,12,2452.2,29426.4,1642.97
SO - 0006177,2016-05-23,61,Wholesale,USD,GUT930,31,25,5,1165.8,5829,571.24
SO - 0006178,2016-05-23,45,Distributor,USD,AXW291,22,15,8,1748.7,13989.6,734.45
SO - 0006179,2016-05-23,58,Distributor,USD,NXH382,47,1,8,227.8,1822.4,182.24
SO - 0006180,2016-05-23,155,Wholesale,USD,AXW291,8,25,12,2532.6,30391.2,2152.71
SO - 0006181,2016-05-23,52,Wholesale,USD,FLR025,64,1,7,227.8,1594.6,175.41
SO - 0006182,2016-05-23,93,Wholesale,USD,AXW291,14,11,11,2867.6,31543.6,1319.1
SO - 0006183,2016-05-23,67,Export,USD,AXW291,22,1,11,5983.1,65814.1,2871.89
SO - 0006184,2016-05-23,65,Distributor,USD,NXH382,53,6,6,268,1608,171.52
SO - 0006185,2016-05-24,38,Distributor,USD,GUT930,33,3,8,1078.7,8629.6,442.27
SO - 0006186,2016-05-24,161,Distributor,USD,AXW291,5,16,10,1735.3,17353,815.59
SO - 0006187,2016-05-24,4,Wholesale,USD,GUT930,38,25,11,3939.6,43335.6,2206.18
SO - 0006188,2016-05-24,42,Distributor,USD,NXH382,54,16,12,5400.2,64802.4,3780.14
SO - 0006189,2016-05-24,79,Distributor,USD,GUT930,38,5,6,837.5,5025,661.63
SO - 0006190,2016-05-24,165,Distributor,USD,NXH382,50,15,11,187.6,2063.6,93.8
SO - 0006191,2016-05-24,4,Wholesale,USD,AXW291,3,25,9,1105.5,9949.5,807.02
SO - 0006192,2016-05-24,49,Export,USD,AXW291,4,20,7,2458.9,17212.3,1032.74
SO - 0006193,2016-05-24,80,Distributor,USD,AXW291,3,5,10,3999.9,39999,2679.93
SO - 0006194,2016-05-25,140,Export,USD,FLR025,66,26,5,6009.9,30049.5,3726.14
SO - 0006195,2016-05-25,17,Wholesale,USD,GUT930,39,29,10,1815.7,18157,1398.09
SO - 0006196,2016-05-25,71,Wholesale,USD,FLR025,60,13,10,1996.6,19966,1277.82
SO - 0006197,2016-05-25,54,Export,USD,AXW291,22,13,7,911.2,6378.4,400.93
SO - 0006198,2016-05-25,143,Wholesale,USD,NXH382,58,11,8,1701.8,13614.4,1021.08
SO - 0006199,2016-05-25,98,Distributor,USD,FLR025,66,25,11,187.6,2063.6,142.58
SO - 0006200,2016-05-25,127,Distributor,USD,NXH382,50,16,6,5453.8,32722.8,2890.51
SO - 0006201,2016-05-25,83,Distributor,USD,NXH382,55,5,5,1051.9,5259.5,452.32
SO - 0006202,2016-05-25,29,Distributor,USD,AXW291,31,2,6,174.2,1045.2,69.68
SO - 0006203,2016-05-25,37,Distributor,USD,AXW291,11,27,10,1681.7,16817,1294.91
SO - 0006204,2016-05-26,157,Wholesale,USD,NXH382,49,5,10,1058.6,10586,582.23
SO - 0006205,2016-05-26,144,Export,USD,GUT930,46,11,6,3845.8,23074.8,2961.27
SO - 0006206,2016-05-26,142,Distributor,USD,GUT930,45,26,6,3343.3,20059.8,1972.55
SO - 0006207,2016-05-26,86,Distributor,USD,AXW291,25,14,6,1695.1,10170.6,1373.03
SO - 0006208,2016-05-26,118,Wholesale,USD,NXH382,52,7,6,1152.4,6914.4,576.2
SO - 0006209,2016-05-26,154,Export,USD,NXH382,47,22,6,3457.2,20743.2,2938.62
SO - 0006210,2016-05-26,122,Wholesale,USD,AXW291,29,6,9,1058.6,9527.4,762.19
SO - 0006211,2016-05-27,150,Distributor,USD,FLR025,62,3,8,1105.5,8844,895.46
SO - 0006212,2016-05-27,132,Wholesale,USD,NXH382,57,13,7,1011.7,7081.9,839.71
SO - 0006213,2016-05-27,67,Distributor,USD,GUT930,36,12,10,5266.2,52662,4160.3
SO - 0006214,2016-05-27,40,Wholesale,USD,AXW291,5,25,9,1065.3,9587.7,490.04
SO - 0006215,2016-05-27,73,Distributor,USD,FLR025,61,4,10,3329.9,33299,2497.43
SO - 0006216,2016-05-27,149,Wholesale,USD,GUT930,32,26,9,1835.8,16522.2,917.9
SO - 0006217,2016-05-27,174,Export,USD,AXW291,11,26,8,3430.4,27443.2,2401.28
SO - 0006218,2016-05-28,167,Distributor,USD,FLR025,62,6,7,1078.7,7550.9,474.63
SO - 0006219,2016-05-28,148,Wholesale,USD,AXW291,22,4,5,3544.3,17721.5,1524.05
SO - 0006220,2016-05-28,4,Wholesale,USD,GUT930,34,11,11,944.7,10391.7,765.21
SO - 0006221,2016-05-28,61,Wholesale,USD,GUT930,40,19,12,2398.6,28783.2,1127.34
SO - 0006222,2016-05-28,90,Export,USD,AXW291,21,29,12,3912.8,46953.6,1995.53
SO - 0006223,2016-05-28,88,Wholesale,USD,AXW291,24,2,10,2391.9,23919,1793.93
SO - 0006224,2016-05-28,44,Wholesale,USD,AXW291,9,25,6,891.1,5346.6,605.95
SO - 0006225,2016-05-28,56,Distributor,USD,NXH382,55,1,9,2432.1,21888.9,1775.43
SO - 0006226,2016-05-28,154,Wholesale,USD,GUT930,38,15,9,1125.6,10130.4,810.43
SO - 0006227,2016-05-28,146,Wholesale,USD,AXW291,1,18,11,1159.1,12750.1,602.73
SO - 0006228,2016-05-28,47,Wholesale,USD,AXW291,10,30,8,5406.9,43255.2,4217.38
SO - 0006229,2016-05-29,91,Wholesale,USD,AXW291,2,26,9,2278,20502,1161.78
SO - 0006230,2016-05-29,132,Wholesale,USD,GUT930,33,25,11,2425.4,26679.4,1770.54
SO - 0006231,2016-05-29,174,Distributor,USD,FLR025,62,5,12,864.3,10371.6,561.8
SO - 0006232,2016-05-29,111,Distributor,USD,GUT930,32,3,6,3912.8,23476.8,1604.25
SO - 0006233,2016-05-29,15,Distributor,USD,FLR025,65,13,8,1011.7,8093.6,728.42
SO - 0006234,2016-05-29,57,Wholesale,USD,AXW291,2,3,6,1983.2,11899.2,1269.25
SO - 0006235,2016-05-29,136,Wholesale,USD,AXW291,30,13,12,3879.3,46551.6,3103.44
SO - 0006236,2016-05-29,13,Wholesale,USD,FLR025,62,12,6,6385.1,38310.6,2745.59
SO - 0006237,2016-05-29,116,Wholesale,USD,NXH382,56,25,8,2646.5,21172,1905.48
SO - 0006238,2016-05-30,31,Wholesale,USD,AXW291,2,26,9,2338.3,21044.7,1286.07
SO - 0006239,2016-05-30,126,Wholesale,USD,FLR025,62,8,12,2391.9,28702.8,1411.22
SO - 0006240,2016-05-30,5,Export,USD,AXW291,15,7,11,2278,25058,956.76
SO - 0006241,2016-05-30,124,Wholesale,USD,AXW291,2,3,10,1065.3,10653,628.53
SO - 0006242,2016-05-30,91,Wholesale,USD,GUT930,37,25,9,3912.8,35215.2,2738.96
SO - 0006243,2016-05-30,87,Wholesale,USD,AXW291,24,1,6,2010,12060,1065.3
SO - 0006244,2016-05-30,93,Wholesale,USD,AXW291,15,26,12,3832.4,45988.8,1647.93
SO - 0006245,2016-05-30,172,Wholesale,USD,AXW291,31,13,9,998.3,8984.7,718.78
SO - 0006246,2016-05-30,112,Wholesale,USD,AXW291,10,14,11,1246.2,13708.2,510.94
SO - 0006247,2016-05-30,101,Distributor,USD,AXW291,9,3,7,1675,11725,1323.25
SO - 0006248,2016-05-31,40,Wholesale,USD,GUT930,34,13,11,1728.6,19014.6,1175.45
SO - 0006249,2016-05-31,56,Distributor,USD,AXW291,2,10,7,1728.6,12100.2,1071.73
SO - 0006250,2016-05-31,103,Wholesale,USD,GUT930,34,30,5,1882.7,9413.5,1299.06
SO - 0006251,2016-05-31,18,Wholesale,USD,AXW291,13,18,6,984.9,5909.4,512.15
SO - 0006252,2016-05-31,132,Wholesale,USD,AXW291,6,30,9,1326.6,11939.4,1061.28
SO - 0006253,2016-05-31,112,Wholesale,USD,AXW291,14,19,9,3999.9,35999.1,2439.94
SO - 0006254,2016-05-31,27,Wholesale,USD,AXW291,27,28,12,1802.3,21627.6,1189.52
SO - 0006255,2016-05-31,8,Distributor,USD,AXW291,22,2,8,1172.5,9380,527.63
SO - 0006256,2016-05-31,50,Distributor,USD,AXW291,30,27,8,3973.1,31784.8,2622.25
SO - 0006257,2016-05-31,42,Distributor,USD,AXW291,11,4,7,1112.2,7785.4,900.88
SO - 0006258,2016-05-31,8,Distributor,USD,NXH382,53,18,11,3946.3,43409.3,1657.45
SO - 0006259,2016-06-01,99,Distributor,USD,NXH382,48,29,5,1058.6,5293,709.26
SO - 0006260,2016-06-01,65,Wholesale,USD,NXH382,52,25,12,261.3,3135.6,193.36
SO - 0006261,2016-06-01,46,Wholesale,USD,NXH382,52,4,6,1051.9,6311.4,820.48
SO - 0006262,2016-06-01,63,Distributor,USD,AXW291,15,12,10,850.9,8509,340.36
SO - 0006263,2016-06-01,121,Wholesale,USD,NXH382,56,15,10,2405.3,24053,1635.6
SO - 0006264,2016-06-01,4,Export,USD,GUT930,39,3,9,2425.4,21828.6,1115.68
SO - 0006265,2016-06-01,89,Wholesale,USD,AXW291,18,15,10,1105.5,11055,674.36
SO - 0006266,2016-06-01,51,Wholesale,USD,AXW291,29,14,9,857.6,7718.4,728.96
SO - 0006267,2016-06-01,30,Wholesale,USD,AXW291,30,8,6,3705.1,22230.6,2260.11
SO - 0006268,2016-06-01,5,Export,USD,AXW291,19,5,8,1025.1,8200.8,656.06
SO - 0006269,2016-06-01,73,Distributor,USD,NXH382,51,13,9,971.5,8743.5,709.2
SO - 0006270,2016-06-01,10,Wholesale,USD,AXW291,20,25,7,1031.8,7222.6,474.63
SO - 0006271,2016-06-01,113,Distributor,USD,FLR025,66,15,9,1018.4,9165.6,621.22
SO - 0006272,2016-06-01,93,Wholesale,USD,AXW291,28,12,6,2659.9,15959.4,1649.14
SO - 0006273,2016-06-01,62,Distributor,USD,AXW291,22,16,9,3356.7,30210.3,1779.05
SO - 0006274,2016-06-02,22,Wholesale,USD,FLR025,64,17,5,241.2,1206,159.19
SO - 0006275,2016-06-02,4,Wholesale,USD,AXW291,10,15,9,3805.6,34250.4,1598.35
SO - 0006276,2016-06-02,153,Wholesale,USD,NXH382,51,25,10,2525.9,25259,1288.21
SO - 0006277,2016-06-02,22,Distributor,USD,AXW291,10,3,7,1118.9,7832.3,749.66
SO - 0006278,2016-06-02,117,Wholesale,USD,AXW291,14,4,10,1715.2,17152,1457.92
SO - 0006279,2016-06-02,22,Distributor,USD,GUT930,42,4,7,3845.8,26920.6,1538.32
SO - 0006280,2016-06-02,116,Distributor,USD,FLR025,62,26,5,1755.4,8777,754.82
SO - 0006281,2016-06-02,126,Wholesale,USD,FLR025,64,1,5,1788.9,8944.5,983.9
SO - 0006282,2016-06-02,41,Wholesale,USD,AXW291,5,5,9,3959.7,35637.3,2336.22
SO - 0006283,2016-06-02,101,Wholesale,USD,AXW291,23,28,6,1688.4,10130.4,1435.14
SO - 0006284,2016-06-02,17,Wholesale,USD,AXW291,7,5,5,984.9,4924.5,630.34
SO - 0006285,2016-06-02,64,Export,USD,NXH382,53,8,6,3953,23718,1620.73
SO - 0006286,2016-06-02,132,Wholesale,USD,NXH382,54,12,5,5286.3,26431.5,3013.19
SO - 0006287,2016-06-02,163,Wholesale,USD,GUT930,42,2,7,884.4,6190.8,459.89
SO - 0006288,2016-06-03,95,Distributor,USD,AXW291,2,6,9,1038.5,9346.5,571.18
SO - 0006289,2016-06-03,131,Wholesale,USD,FLR025,61,1,10,5138.9,51389,4162.51
SO - 0006290,2016-06-03,122,Distributor,USD,FLR025,64,20,7,804,5628,385.92
SO - 0006291,2016-06-03,16,Distributor,USD,NXH382,58,25,10,167.5,1675,130.65
SO - 0006292,2016-06-03,66,Wholesale,USD,AXW291,24,13,12,2311.5,27738,1109.52
SO - 0006293,2016-06-03,99,Wholesale,USD,FLR025,66,4,6,3845.8,23074.8,1769.07
SO - 0006294,2016-06-04,94,Wholesale,USD,NXH382,54,26,6,1943,11658,1165.8
SO - 0006295,2016-06-04,161,Export,USD,AXW291,24,2,10,1125.6,11256,709.13
SO - 0006296,2016-06-04,8,Wholesale,USD,AXW291,6,19,12,3912.8,46953.6,1643.38
SO - 0006297,2016-06-04,48,Wholesale,USD,GUT930,39,5,10,3859.2,38592,1698.05
SO - 0006298,2016-06-04,83,Wholesale,USD,FLR025,64,13,5,3993.2,19966,1597.28
SO - 0006299,2016-06-04,29,Distributor,USD,AXW291,20,15,6,3705.1,22230.6,2482.42
SO - 0006300,2016-06-04,73,Wholesale,USD,AXW291,22,14,7,1085.4,7597.8,738.07
SO - 0006301,2016-06-04,20,Distributor,USD,NXH382,58,2,12,1949.7,23396.4,896.86
SO - 0006302,2016-06-04,63,Export,USD,AXW291,18,18,10,3953,39530,3360.05
SO - 0006303,2016-06-05,97,Distributor,USD,AXW291,14,14,9,1072,9648,728.96
SO - 0006304,2016-06-05,58,Wholesale,USD,AXW291,27,20,8,2492.4,19939.2,2043.77
SO - 0006305,2016-06-05,62,Wholesale,USD,GUT930,35,15,8,2934.6,23476.8,1643.38
SO - 0006306,2016-06-05,162,Wholesale,USD,FLR025,64,1,11,207.7,2284.7,89.31
SO - 0006307,2016-06-05,41,Distributor,USD,AXW291,30,12,11,5902.7,64929.7,3069.4
SO - 0006308,2016-06-05,78,Wholesale,USD,AXW291,1,28,8,214.4,1715.2,124.35
SO - 0006309,2016-06-05,147,Distributor,USD,FLR025,65,18,7,958.1,6706.7,747.32
SO - 0006310,2016-06-05,38,Wholesale,USD,AXW291,3,25,7,2546,17822,1196.62
SO - 0006311,2016-06-05,63,Distributor,USD,AXW291,6,16,7,2780.5,19463.5,2057.57
SO - 0006312,2016-06-05,55,Distributor,USD,NXH382,51,16,12,2010,24120,824.1
SO - 0006313,2016-06-06,129,Export,USD,NXH382,59,16,8,1822.4,14579.2,1530.82
SO - 0006314,2016-06-06,53,Distributor,USD,FLR025,60,6,9,2010,18090,884.4
SO - 0006315,2016-06-06,7,Export,USD,FLR025,62,30,5,3973.1,19865.5,2066.01
SO - 0006316,2016-06-06,123,Wholesale,USD,AXW291,4,17,6,1319.9,7919.4,989.93
SO - 0006317,2016-06-06,95,Export,USD,NXH382,51,16,6,2378.5,14271,1070.33
SO - 0006318,2016-06-06,41,Wholesale,USD,AXW291,20,1,7,737,5159,574.86
SO - 0006319,2016-06-06,77,Distributor,USD,FLR025,61,14,11,2586.2,28448.2,1965.51
SO - 0006320,2016-06-06,31,Distributor,USD,FLR025,61,26,12,3999.9,47998.8,2159.95
SO - 0006321,2016-06-06,65,Distributor,USD,AXW291,1,5,9,3939.6,35456.4,2481.95
SO - 0006322,2016-06-06,43,Export,USD,AXW291,24,2,11,3725.2,40977.2,2756.65
SO - 0006323,2016-06-06,31,Wholesale,USD,GUT930,42,26,8,2525.9,20207.2,1010.36
SO - 0006324,2016-06-07,163,Export,USD,AXW291,26,14,8,1809,14472,741.69
SO - 0006325,2016-06-07,80,Export,USD,AXW291,4,28,5,1963.1,9815.5,1138.6
SO - 0006326,2016-06-07,33,Wholesale,USD,AXW291,5,13,10,2800.6,28006,1316.28
SO - 0006327,2016-06-07,171,Wholesale,USD,AXW291,10,3,6,4013.3,24079.8,2929.71
SO - 0006328,2016-06-07,151,Wholesale,USD,AXW291,2,27,8,247.9,1983.2,114.03
SO - 0006329,2016-06-07,161,Wholesale,USD,NXH382,57,27,5,2713.5,13567.5,1600.97
SO - 0006330,2016-06-07,48,Wholesale,USD,FLR025,61,13,8,3162.4,25299.2,1612.82
SO - 0006331,2016-06-08,96,Wholesale,USD,AXW291,11,25,5,1078.7,5393.5,571.71
SO - 0006332,2016-06-08,158,Distributor,USD,GUT930,40,20,11,2391.9,26310.9,1172.03
SO - 0006333,2016-06-08,137,Distributor,USD,GUT930,38,26,11,207.7,2284.7,103.85
SO - 0006334,2016-06-08,174,Wholesale,USD,NXH382,48,5,12,1125.6,13507.2,472.75
SO - 0006335,2016-06-08,128,Wholesale,USD,AXW291,15,8,8,1929.6,15436.8,1080.58
SO - 0006336,2016-06-08,103,Wholesale,USD,AXW291,14,13,7,2934.6,20542.2,2230.3
SO - 0006337,2016-06-08,42,Wholesale,USD,GUT930,34,15,5,268,1340,160.8
SO - 0006338,2016-06-08,57,Wholesale,USD,NXH382,54,14,7,3979.8,27858.6,3144.04
SO - 0006339,2016-06-08,156,Distributor,USD,AXW291,29,12,10,2881,28810,2362.42
SO - 0006340,2016-06-08,158,Distributor,USD,AXW291,31,26,6,254.6,1527.6,150.21
SO - 0006341,2016-06-09,29,Export,USD,AXW291,26,26,10,3926.2,39262,2826.86
SO - 0006342,2016-06-09,35,Wholesale,USD,AXW291,28,13,11,2626.4,28890.4,1891.01
SO - 0006343,2016-06-09,97,Distributor,USD,AXW291,9,18,10,1869.3,18693,1271.12
SO - 0006344,2016-06-09,58,Distributor,USD,AXW291,5,15,11,2519.2,27711.2,1990.17
SO - 0006345,2016-06-09,156,Export,USD,NXH382,48,13,6,1072,6432,503.84
SO - 0006346,2016-06-09,34,Export,USD,AXW291,20,15,10,1185.9,11859,640.39
SO - 0006347,2016-06-10,49,Export,USD,AXW291,7,15,11,1125.6,12381.6,529.03
SO - 0006348,2016-06-10,40,Wholesale,USD,GUT930,34,26,11,3979.8,43777.8,2427.68
SO - 0006349,2016-06-10,37,Wholesale,USD,GUT930,36,15,10,804,8040,329.64
SO - 0006350,2016-06-10,87,Wholesale,USD,GUT930,44,28,12,958.1,11497.2,411.98
SO - 0006351,2016-06-10,149,Distributor,USD,NXH382,56,13,9,2680,24120,1259.6
SO - 0006352,2016-06-11,60,Wholesale,USD,AXW291,10,27,5,1976.5,9882.5,1600.97
SO - 0006353,2016-06-11,113,Wholesale,USD,AXW291,25,5,8,1038.5,8308,654.26
SO - 0006354,2016-06-11,16,Wholesale,USD,AXW291,16,4,5,2559.4,12797,1484.45
SO - 0006355,2016-06-11,107,Wholesale,USD,AXW291,9,29,9,1118.9,10070.1,525.88
SO - 0006356,2016-06-11,121,Distributor,USD,AXW291,28,21,7,2539.3,17775.1,1244.26
SO - 0006357,2016-06-11,170,Wholesale,USD,AXW291,27,16,5,1125.6,5628,934.25
SO - 0006358,2016-06-11,40,Wholesale,USD,NXH382,52,21,6,1996.6,11979.6,1098.13
SO - 0006359,2016-06-11,22,Wholesale,USD,NXH382,57,30,5,1956.4,9782,1545.56
SO - 0006360,2016-06-12,109,Export,USD,AXW291,28,3,10,3323.2,33232,2592.1
SO - 0006361,2016-06-12,170,Wholesale,USD,FLR025,65,8,11,1005,11055,482.4
SO - 0006362,2016-06-12,19,Distributor,USD,GUT930,38,25,6,5386.8,32320.8,3070.48
SO - 0006363,2016-06-12,17,Wholesale,USD,AXW291,12,26,12,5480.6,65767.2,3672
SO - 0006364,2016-06-12,23,Wholesale,USD,GUT930,41,18,11,5185.8,57043.8,2644.76
SO - 0006365,2016-06-12,80,Distributor,USD,AXW291,17,28,9,1005,9045,532.65
SO - 0006366,2016-06-12,151,Wholesale,USD,AXW291,29,14,5,1715.2,8576,1080.58
SO - 0006367,2016-06-12,80,Wholesale,USD,NXH382,48,13,11,783.9,8622.9,399.79
SO - 0006368,2016-06-12,80,Distributor,USD,NXH382,57,18,5,214.4,1072,132.93
SO - 0006369,2016-06-12,94,Distributor,USD,AXW291,14,4,7,1058.6,7410.2,561.06
SO - 0006370,2016-06-12,127,Distributor,USD,NXH382,53,13,7,1695.1,11865.7,1101.82
SO - 0006371,2016-06-13,139,Wholesale,USD,AXW291,16,7,8,2385.2,19081.6,1025.64
SO - 0006372,2016-06-13,156,Wholesale,USD,GUT930,46,12,10,1279.7,12797,652.65
SO - 0006373,2016-06-13,23,Wholesale,USD,NXH382,51,2,10,3028.4,30284,1877.61
SO - 0006374,2016-06-13,90,Wholesale,USD,AXW291,9,20,8,1125.6,9004.8,855.46
SO - 0006375,2016-06-13,173,Export,USD,AXW291,29,17,12,904.5,10854,407.03
SO - 0006376,2016-06-13,154,Wholesale,USD,NXH382,56,26,12,2425.4,29104.8,970.16
SO - 0006377,2016-06-14,126,Wholesale,USD,AXW291,24,3,5,5601.2,28006,4032.86
SO - 0006378,2016-06-14,55,Wholesale,USD,GUT930,35,15,9,1768.8,15919.2,1308.91
SO - 0006379,2016-06-14,15,Wholesale,USD,AXW291,2,5,8,1038.5,8308,726.95
SO - 0006380,2016-06-14,57,Wholesale,USD,FLR025,64,19,11,904.5,9949.5,587.93
SO - 0006381,2016-06-14,70,Wholesale,USD,GUT930,34,4,7,3102.1,21714.7,1271.86
SO - 0006382,2016-06-14,78,Wholesale,USD,GUT930,44,1,5,2398.6,11993,1223.29
SO - 0006383,2016-06-14,79,Wholesale,USD,AXW291,4,5,12,2659.9,31918.8,2207.72
SO - 0006384,2016-06-15,35,Distributor,USD,NXH382,48,20,7,1266.3,8864.1,810.43
SO - 0006385,2016-06-15,18,Distributor,USD,NXH382,58,18,8,3879.3,31034.4,2715.51
SO - 0006386,2016-06-15,113,Wholesale,USD,FLR025,60,14,9,1742,15678,1323.92
SO - 0006387,2016-06-15,30,Wholesale,USD,GUT930,35,26,12,3242.8,38913.6,1751.11
SO - 0006388,2016-06-15,56,Distributor,USD,FLR025,64,23,8,1051.9,8415.2,715.29
SO - 0006389,2016-06-15,25,Wholesale,USD,AXW291,28,30,7,1139,7973,455.6
SO - 0006390,2016-06-16,96,Distributor,USD,GUT930,46,23,11,5159,56749,2321.55
SO - 0006391,2016-06-16,116,Distributor,USD,AXW291,11,26,9,3691.7,33225.3,2104.27
SO - 0006392,2016-06-16,86,Export,USD,AXW291,22,10,12,797.3,9567.6,518.25
SO - 0006393,2016-06-16,168,Wholesale,USD,NXH382,57,24,9,1969.8,17728.2,965.2
SO - 0006394,2016-06-16,65,Export,USD,AXW291,13,4,6,201,1206,82.41
SO - 0006395,2016-06-16,104,Wholesale,USD,GUT930,35,22,10,5453.8,54538,3544.97
SO - 0006396,2016-06-16,134,Wholesale,USD,FLR025,60,26,6,5038.4,30230.4,3375.73
SO - 0006397,2016-06-16,30,Wholesale,USD,AXW291,24,6,6,2324.9,13949.4,1534.43
SO - 0006398,2016-06-16,152,Wholesale,USD,AXW291,13,7,6,3417,20502,2084.37
SO - 0006399,2016-06-17,1,Wholesale,USD,AXW291,22,30,6,1333.3,7999.8,1026.64
SO - 0006400,2016-06-17,16,Wholesale,USD,AXW291,26,17,5,5219.3,26096.5,3027.19
SO - 0006401,2016-06-17,137,Export,USD,GUT930,34,27,12,1078.7,12944.4,776.66
SO - 0006402,2016-06-17,94,Export,USD,AXW291,15,3,8,1849.2,14793.6,1442.38
SO - 0006403,2016-06-17,125,Distributor,USD,AXW291,2,26,5,1333.3,6666.5,986.64
SO - 0006404,2016-06-17,13,Export,USD,AXW291,14,26,12,2010,24120,1467.3
SO - 0006405,2016-06-18,133,Export,USD,GUT930,35,2,11,857.6,9433.6,514.56
SO - 0006406,2016-06-18,13,Wholesale,USD,FLR025,63,19,7,3973.1,27811.7,2622.25
SO - 0006407,2016-06-18,165,Distributor,USD,GUT930,43,25,11,1118.9,12307.9,861.55
SO - 0006408,2016-06-18,18,Export,USD,AXW291,9,27,12,2532.6,30391.2,2000.75
SO - 0006409,2016-06-18,132,Distributor,USD,NXH382,47,5,12,3544.3,42531.6,2020.25
SO - 0006410,2016-06-18,13,Wholesale,USD,NXH382,58,16,11,2586.2,28448.2,1086.2
SO - 0006411,2016-06-18,39,Wholesale,USD,NXH382,56,30,5,3839.1,19195.5,2956.11
SO - 0006412,2016-06-18,116,Wholesale,USD,FLR025,65,17,7,1058.6,7410.2,868.05
SO - 0006413,2016-06-18,25,Wholesale,USD,AXW291,6,16,12,167.5,2010,98.83
SO - 0006414,2016-06-18,173,Wholesale,USD,AXW291,8,2,11,924.6,10170.6,591.74
SO - 0006415,2016-06-19,91,Export,USD,AXW291,16,4,9,4013.3,36119.7,2809.31
SO - 0006416,2016-06-19,158,Export,USD,NXH382,47,4,12,864.3,10371.6,579.08
SO - 0006417,2016-06-19,48,Wholesale,USD,AXW291,30,26,6,2371.8,14230.8,1778.85
SO - 0006418,2016-06-19,55,Wholesale,USD,GUT930,42,6,12,214.4,2572.8,143.65
SO - 0006419,2016-06-19,112,Distributor,USD,AXW291,1,14,10,1058.6,10586,666.92
SO - 0006420,2016-06-19,83,Distributor,USD,GUT930,39,6,11,1065.3,11718.3,511.34
SO - 0006421,2016-06-19,174,Wholesale,USD,GUT930,35,8,7,1105.5,7738.5,906.51
SO - 0006422,2016-06-19,13,Distributor,USD,GUT930,41,13,10,2646.5,26465,1879.02
SO - 0006423,2016-06-19,151,Wholesale,USD,NXH382,47,4,7,2264.6,15852.2,1789.03
SO - 0006424,2016-06-20,108,Distributor,USD,NXH382,50,22,10,1232.8,12328,862.96
SO - 0006425,2016-06-20,74,Wholesale,USD,AXW291,27,26,6,3819,22914,1909.5
SO - 0006426,2016-06-20,84,Wholesale,USD,AXW291,6,25,11,1011.7,11128.7,819.48
SO - 0006427,2016-06-20,143,Export,USD,AXW291,24,26,8,2566.1,20528.8,1206.07
SO - 0006428,2016-06-20,81,Export,USD,AXW291,2,4,12,2934.6,35215.2,1437.95
SO - 0006429,2016-06-20,166,Wholesale,USD,AXW291,17,25,7,1159.1,8113.7,672.28
SO - 0006430,2016-06-20,161,Distributor,USD,NXH382,51,17,10,1112.2,11122,500.49
SO - 0006431,2016-06-21,116,Wholesale,USD,NXH382,48,13,5,1829.1,9145.5,1207.21
SO - 0006432,2016-06-21,114,Distributor,USD,NXH382,55,13,11,1896.1,20857.1,1573.76
SO - 0006433,2016-06-21,89,Wholesale,USD,AXW291,22,13,10,2974.8,29748,1784.88
SO - 0006434,2016-06-21,29,Wholesale,USD,AXW291,22,3,7,5654.8,39583.6,3110.14
SO - 0006435,2016-06-21,75,Distributor,USD,FLR025,64,1,8,944.7,7557.6,803
SO - 0006436,2016-06-21,19,Wholesale,USD,GUT930,36,7,12,1782.2,21386.4,1372.29
SO - 0006437,2016-06-21,16,Wholesale,USD,AXW291,5,26,6,3048.5,18291,2438.8
SO - 0006438,2016-06-21,137,Wholesale,USD,GUT930,45,5,10,924.6,9246,453.05
SO - 0006439,2016-06-22,123,Distributor,USD,AXW291,29,14,10,864.3,8643,432.15
SO - 0006440,2016-06-22,29,Distributor,USD,FLR025,63,25,5,2472.3,12361.5,1928.39
SO - 0006441,2016-06-22,92,Export,USD,GUT930,45,6,8,2666.6,21332.8,2239.94
SO - 0006442,2016-06-22,154,Distributor,USD,GUT930,41,3,6,1078.7,6472.2,862.96
SO - 0006443,2016-06-22,84,Export,USD,NXH382,47,17,10,254.6,2546,175.67
SO - 0006444,2016-06-22,155,Wholesale,USD,AXW291,5,13,12,241.2,2894.4,149.54
SO - 0006445,2016-06-22,82,Wholesale,USD,GUT930,45,23,6,1025.1,6150.6,635.56
SO - 0006446,2016-06-22,6,Distributor,USD,NXH382,51,3,8,2331.6,18652.8,1025.9
SO - 0006447,2016-06-22,59,Distributor,USD,AXW291,1,17,5,2680,13400,2117.2
SO - 0006448,2016-06-22,106,Wholesale,USD,AXW291,8,17,9,6190.8,55717.2,3900.2
SO - 0006449,2016-06-23,120,Wholesale,USD,FLR025,66,18,8,1159.1,9272.8,776.6
SO - 0006450,2016-06-23,88,Wholesale,USD,NXH382,47,1,5,2572.8,12864,1569.41
SO - 0006451,2016-06-23,141,Wholesale,USD,GUT930,46,11,11,6076.9,66845.9,4618.44
SO - 0006452,2016-06-23,141,Wholesale,USD,NXH382,51,26,7,6338.2,44367.4,4817.03
SO - 0006453,2016-06-23,99,Distributor,USD,AXW291,8,15,6,5755.3,34531.8,4776.9
SO - 0006454,2016-06-23,121,Wholesale,USD,AXW291,22,17,6,1105.5,6633,519.59
SO - 0006455,2016-06-23,1,Wholesale,USD,AXW291,10,2,11,837.5,9212.5,644.88
SO - 0006456,2016-06-24,28,Wholesale,USD,NXH382,49,15,7,3611.3,25279.1,2383.46
SO - 0006457,2016-06-24,155,Wholesale,USD,GUT930,34,5,8,3959.7,31677.6,1663.07
SO - 0006458,2016-06-24,145,Wholesale,USD,GUT930,33,2,11,1889.4,20783.4,1265.9
SO - 0006459,2016-06-24,98,Wholesale,USD,NXH382,54,10,6,2003.3,12019.8,1242.05
SO - 0006460,2016-06-24,154,Distributor,USD,GUT930,32,3,11,1058.6,11644.6,889.22
SO - 0006461,2016-06-24,145,Wholesale,USD,AXW291,25,17,12,1118.9,13426.8,447.56
SO - 0006462,2016-06-24,163,Wholesale,USD,FLR025,63,7,9,1829.1,16461.9,1225.5
SO - 0006463,2016-06-24,124,Wholesale,USD,GUT930,37,26,5,1118.9,5594.5,492.32
SO - 0006464,2016-06-24,50,Wholesale,USD,AXW291,14,6,9,1768.8,15919.2,1149.72
SO - 0006465,2016-06-25,42,Export,USD,GUT930,38,1,8,3999.9,31999.2,2159.95
SO - 0006466,2016-06-25,3,Wholesale,USD,AXW291,29,24,10,3953,39530,2885.69
SO - 0006467,2016-06-25,128,Export,USD,AXW291,14,13,11,261.3,2874.3,198.59
SO - 0006468,2016-06-25,113,Wholesale,USD,AXW291,15,2,8,3845.8,30766.4,2269.02
SO - 0006469,2016-06-25,28,Distributor,USD,NXH382,54,23,5,2237.8,11189,939.88
SO - 0006470,2016-06-26,95,Export,USD,AXW291,5,8,9,1051.9,9467.1,820.48
SO - 0006471,2016-06-26,96,Wholesale,USD,AXW291,29,26,5,1159.1,5795.5,915.69
SO - 0006472,2016-06-26,40,Wholesale,USD,AXW291,24,15,11,2907.8,31985.8,1570.21
SO - 0006473,2016-06-26,99,Wholesale,USD,AXW291,11,24,9,964.8,8683.2,482.4
SO - 0006474,2016-06-26,23,Distributor,USD,AXW291,2,15,7,6217.6,43523.2,4974.08
SO - 0006475,2016-06-26,113,Distributor,USD,NXH382,53,23,7,1259.6,8817.2,617.2
SO - 0006476,2016-06-26,114,Export,USD,NXH382,52,18,11,2834.1,31175.1,1303.69
SO - 0006477,2016-06-26,71,Distributor,USD,GUT930,45,21,6,2572.8,15436.8,1595.14
SO - 0006478,2016-06-27,84,Wholesale,USD,AXW291,28,27,5,1092.1,5460.5,458.68
SO - 0006479,2016-06-27,33,Distributor,USD,AXW291,4,21,11,268,2948,112.56
SO - 0006480,2016-06-27,82,Wholesale,USD,FLR025,65,3,8,2278,18224,1571.82
SO - 0006481,2016-06-27,152,Wholesale,USD,AXW291,28,8,5,904.5,4522.5,750.74
SO - 0006482,2016-06-27,109,Wholesale,USD,AXW291,27,4,8,3892.7,31141.6,1634.93
SO - 0006483,2016-06-27,77,Wholesale,USD,NXH382,51,13,8,2519.2,20153.6,1158.83
SO - 0006484,2016-06-27,169,Wholesale,USD,AXW291,6,6,11,1721.9,18940.9,947.05
SO - 0006485,2016-06-27,154,Export,USD,GUT930,40,19,6,3886,23316,2176.16
SO - 0006486,2016-06-27,57,Wholesale,USD,GUT930,40,6,7,6137.2,42960.4,4480.16
SO - 0006487,2016-06-28,65,Export,USD,AXW291,10,26,10,247.9,2479,188.4
SO - 0006488,2016-06-28,48,Export,USD,AXW291,21,24,7,2304.8,16133.6,1682.5
SO - 0006489,2016-06-28,154,Wholesale,USD,AXW291,7,5,12,5293,63516,3228.73
SO - 0006490,2016-06-28,146,Wholesale,USD,NXH382,49,14,12,2365.1,28381.2,1821.13
SO - 0006491,2016-06-28,103,Wholesale,USD,AXW291,5,20,12,897.8,10773.6,574.59
SO - 0006492,2016-06-28,116,Distributor,USD,NXH382,54,13,11,201,2211,150.75
SO - 0006493,2016-06-28,146,Export,USD,AXW291,8,22,9,1031.8,9286.2,753.21
SO - 0006494,2016-06-28,140,Wholesale,USD,GUT930,35,7,12,1762.1,21145.2,757.7
SO - 0006495,2016-06-28,75,Wholesale,USD,GUT930,32,22,9,1051.9,9467.1,831
SO - 0006496,2016-06-28,29,Export,USD,GUT930,38,6,12,194.3,2331.6,130.18
SO - 0006497,2016-06-29,90,Wholesale,USD,AXW291,10,13,11,1842.5,20267.5,810.7
SO - 0006498,2016-06-29,87,Wholesale,USD,NXH382,53,14,6,1065.3,6391.8,745.71
SO - 0006499,2016-06-29,69,Wholesale,USD,NXH382,60,25,5,3450.5,17252.5,1725.25
SO - 0006500,2016-06-29,61,Distributor,USD,NXH382,53,28,8,3591.2,28729.6,2082.9
SO - 0006501,2016-06-29,172,Export,USD,AXW291,10,15,12,3912.8,46953.6,1995.53
SO - 0006502,2016-06-29,47,Distributor,USD,FLR025,61,24,6,1025.1,6150.6,697.07
SO - 0006503,2016-06-29,133,Wholesale,USD,AXW291,22,13,9,716.9,6452.1,379.96
SO - 0006504,2016-06-29,76,Wholesale,USD,AXW291,25,12,9,2807.3,25265.7,2049.33
SO - 0006505,2016-06-30,70,Wholesale,USD,AXW291,5,5,12,3859.2,46310.4,3241.73
SO - 0006506,2016-06-30,41,Wholesale,USD,AXW291,27,5,12,6157.3,73887.6,4433.26
SO - 0006507,2016-06-30,85,Distributor,USD,AXW291,17,7,5,1038.5,5192.5,643.87
SO - 0006508,2016-06-30,109,Distributor,USD,GUT930,41,1,10,984.9,9849,768.22
SO - 0006509,2016-06-30,174,Export,USD,GUT930,34,15,6,783.9,4703.4,572.25
SO - 0006510,2016-07-01,43,Wholesale,USD,NXH382,57,16,11,234.5,2579.5,157.12
SO - 0006511,2016-07-01,61,Distributor,USD,AXW291,1,25,8,2465.6,19724.8,1873.86
SO - 0006512,2016-07-01,113,Distributor,USD,AXW291,23,26,5,1005,5025,603
SO - 0006513,2016-07-01,63,Distributor,USD,GUT930,41,14,10,1072,10720,718.24
SO - 0006514,2016-07-01,12,Wholesale,USD,AXW291,1,2,10,1078.7,10787,431.48
SO - 0006515,2016-07-01,57,Wholesale,USD,AXW291,25,13,8,1078.7,8629.6,744.3
SO - 0006516,2016-07-01,109,Distributor,USD,AXW291,4,2,6,1956.4,11738.4,1447.74
SO - 0006517,2016-07-01,171,Wholesale,USD,AXW291,26,25,11,227.8,2505.8,134.4
SO - 0006518,2016-07-01,152,Wholesale,USD,AXW291,15,6,6,891.1,5346.6,570.3
SO - 0006519,2016-07-02,43,Wholesale,USD,AXW291,23,26,8,1031.8,8254.4,546.85
SO - 0006520,2016-07-02,20,Wholesale,USD,GUT930,35,20,11,3088.7,33975.7,1945.88
SO - 0006521,2016-07-02,164,Wholesale,USD,AXW291,5,15,11,1072,11792,536
SO - 0006522,2016-07-02,157,Wholesale,USD,AXW291,6,12,11,3892.7,42819.7,1868.5
SO - 0006523,2016-07-02,121,Export,USD,AXW291,18,25,11,2512.5,27637.5,1381.88
SO - 0006524,2016-07-02,84,Wholesale,USD,GUT930,36,17,11,1072,11792,696.8
SO - 0006525,2016-07-03,1,Wholesale,USD,NXH382,59,5,7,187.6,1313.2,142.58
SO - 0006526,2016-07-03,76,Wholesale,USD,AXW291,17,14,5,1782.2,8911,1283.18
SO - 0006527,2016-07-03,18,Export,USD,AXW291,10,5,6,924.6,5547.6,545.51
SO - 0006528,2016-07-03,76,Export,USD,FLR025,62,18,6,3986.5,23919,2511.5
SO - 0006529,2016-07-03,150,Distributor,USD,FLR025,63,29,11,991.6,10907.6,644.54
SO - 0006530,2016-07-03,2,Export,USD,NXH382,47,20,8,2244.5,17956,1728.27
SO - 0006531,2016-07-03,35,Wholesale,USD,AXW291,14,2,7,1172.5,8207.5,621.43
SO - 0006532,2016-07-03,152,Export,USD,NXH382,52,18,10,1782.2,17822,1301.01
SO - 0006533,2016-07-03,106,Distributor,USD,GUT930,33,5,11,6378.4,70162.4,4783.8
SO - 0006534,2016-07-03,151,Distributor,USD,AXW291,1,15,9,5152.3,46370.7,3709.66
SO - 0006535,2016-07-03,109,Wholesale,USD,NXH382,50,6,10,1286.4,12864,514.56
SO - 0006536,2016-07-04,167,Wholesale,USD,AXW291,2,14,10,1085.4,10854,662.09
SO - 0006537,2016-07-04,98,Distributor,USD,AXW291,22,5,7,1105.5,7738.5,928.62
SO - 0006538,2016-07-04,106,Wholesale,USD,AXW291,2,18,8,1098.8,8790.4,450.51
SO - 0006539,2016-07-04,139,Wholesale,USD,AXW291,16,28,12,730.3,8763.6,482
SO - 0006540,2016-07-04,79,Wholesale,USD,AXW291,10,5,10,1058.6,10586,624.57
SO - 0006541,2016-07-04,44,Wholesale,USD,GUT930,38,4,8,1078.7,8629.6,658.01
SO - 0006542,2016-07-04,39,Wholesale,USD,NXH382,56,25,11,1882.7,20709.7,1487.33
SO - 0006543,2016-07-05,18,Distributor,USD,GUT930,37,5,8,757.1,6056.8,499.69
SO - 0006544,2016-07-05,52,Distributor,USD,AXW291,15,3,11,5159,56749,2785.86
SO - 0006545,2016-07-05,121,Export,USD,GUT930,33,19,7,3939.6,27577.2,2087.99
SO - 0006546,2016-07-05,44,Wholesale,USD,NXH382,53,4,9,2438.8,21949.2,975.52
SO - 0006547,2016-07-05,43,Distributor,USD,GUT930,44,3,11,1051.9,11570.9,557.51
SO - 0006548,2016-07-05,74,Distributor,USD,AXW291,13,27,8,180.9,1447.2,148.34
SO - 0006549,2016-07-05,154,Wholesale,USD,NXH382,58,26,5,5762,28810,3514.82
SO - 0006550,2016-07-05,41,Wholesale,USD,FLR025,65,15,5,2365.1,11825.5,1702.87
SO - 0006551,2016-07-05,160,Export,USD,AXW291,27,13,9,1105.5,9949.5,884.4
SO - 0006552,2016-07-05,148,Wholesale,USD,AXW291,25,14,9,6123.8,55114.2,3306.85
SO - 0006553,2016-07-05,103,Distributor,USD,AXW291,23,17,9,998.3,8984.7,469.2
SO - 0006554,2016-07-05,74,Wholesale,USD,NXH382,53,3,5,2224.4,11122,1267.91
SO - 0006555,2016-07-05,114,Distributor,USD,GUT930,38,15,11,3939.6,43335.6,3269.87
SO - 0006556,2016-07-06,172,Export,USD,AXW291,15,13,11,871,9581,418.08
SO - 0006557,2016-07-06,64,Distributor,USD,AXW291,6,2,8,817.4,6539.2,514.96
SO - 0006558,2016-07-06,129,Distributor,USD,FLR025,63,25,5,1132.3,5661.5,781.29
SO - 0006559,2016-07-06,1,Wholesale,USD,AXW291,15,17,8,1118.9,8951.2,615.4
SO - 0006560,2016-07-06,44,Wholesale,USD,AXW291,22,14,10,911.2,9112,637.84
SO - 0006561,2016-07-06,141,Distributor,USD,NXH382,59,13,12,1005,12060,613.05
SO - 0006562,2016-07-06,170,Wholesale,USD,AXW291,29,24,6,3845.8,23074.8,2961.27
SO - 0006563,2016-07-07,163,Wholesale,USD,AXW291,19,28,8,2572.8,20582.4,1054.85
SO - 0006564,2016-07-07,151,Wholesale,USD,NXH382,48,20,7,2626.4,18384.8,1339.46
SO - 0006565,2016-07-07,9,Distributor,USD,AXW291,16,28,5,3926.2,19631,3140.96
SO - 0006566,2016-07-07,40,Wholesale,USD,AXW291,8,15,5,194.3,971.5,102.98
SO - 0006567,2016-07-07,72,Distributor,USD,AXW291,25,21,12,1145.7,13748.4,756.16
SO - 0006568,2016-07-07,163,Wholesale,USD,AXW291,23,26,9,234.5,2110.5,194.64
SO - 0006569,2016-07-07,103,Export,USD,NXH382,55,5,9,884.4,7959.6,353.76
SO - 0006570,2016-07-07,113,Wholesale,USD,AXW291,12,4,11,1132.3,12455.3,713.35
SO - 0006571,2016-07-07,61,Distributor,USD,NXH382,60,17,11,3973.1,43704.1,2423.59
SO - 0006572,2016-07-07,139,Export,USD,NXH382,57,26,8,971.5,7772,757.77
SO - 0006573,2016-07-07,39,Wholesale,USD,AXW291,18,23,7,2432.1,17024.7,2067.29
SO - 0006574,2016-07-08,58,Wholesale,USD,AXW291,11,19,7,3477.3,24341.1,1390.92
SO - 0006575,2016-07-08,127,Wholesale,USD,AXW291,22,5,8,2680,21440,2251.2
SO - 0006576,2016-07-08,100,Wholesale,USD,GUT930,43,26,5,5239.4,26197,3615.19
SO - 0006577,2016-07-08,68,Wholesale,USD,FLR025,65,13,9,6478.9,58310.1,5183.12
SO - 0006578,2016-07-08,102,Wholesale,USD,AXW291,4,25,10,1072,10720,761.12
SO - 0006579,2016-07-08,172,Export,USD,NXH382,54,11,11,2278,25058,1047.88
SO - 0006580,2016-07-08,4,Distributor,USD,AXW291,4,17,8,2881,23048,2189.56
SO - 0006581,2016-07-08,110,Wholesale,USD,GUT930,32,30,8,917.9,7343.2,670.07
SO - 0006582,2016-07-08,57,Export,USD,GUT930,42,26,12,1822.4,21868.8,1093.44
SO - 0006583,2016-07-09,113,Wholesale,USD,FLR025,66,19,9,1835.8,16522.2,771.04
SO - 0006584,2016-07-09,107,Distributor,USD,FLR025,61,4,11,2787.2,30659.2,1839.55
SO - 0006585,2016-07-09,65,Wholesale,USD,NXH382,53,27,12,2606.3,31275.6,2215.36
SO - 0006586,2016-07-09,144,Distributor,USD,AXW291,13,5,7,1025.1,7175.7,420.29
SO - 0006587,2016-07-09,43,Distributor,USD,AXW291,9,15,12,194.3,2331.6,110.75
SO - 0006588,2016-07-09,145,Distributor,USD,AXW291,25,15,10,5614.6,56146,3761.78
SO - 0006589,2016-07-09,167,Wholesale,USD,AXW291,9,11,8,3028.4,24227.2,1423.35
SO - 0006590,2016-07-09,109,Wholesale,USD,AXW291,24,2,5,194.3,971.5,81.61
SO - 0006591,2016-07-09,75,Distributor,USD,AXW291,23,5,12,2345,28140,1031.8
SO - 0006592,2016-07-09,135,Wholesale,USD,NXH382,53,26,5,1922.9,9614.5,1211.43
SO - 0006593,2016-07-10,155,Wholesale,USD,NXH382,58,3,6,214.4,1286.4,145.79
SO - 0006594,2016-07-10,136,Distributor,USD,AXW291,19,3,12,3845.8,46149.6,2076.73
SO - 0006595,2016-07-10,65,Wholesale,USD,AXW291,18,5,10,1045.2,10452,648.02
SO - 0006596,2016-07-10,173,Wholesale,USD,AXW291,9,25,6,2445.5,14673,1980.86
SO - 0006597,2016-07-10,62,Export,USD,NXH382,53,24,5,1922.9,9614.5,1538.32
SO - 0006598,2016-07-10,48,Wholesale,USD,AXW291,1,17,11,871,9581,540.02
SO - 0006599,2016-07-10,71,Distributor,USD,NXH382,56,2,11,1916.2,21078.2,1207.21
SO - 0006600,2016-07-10,93,Wholesale,USD,AXW291,24,26,10,3926.2,39262,2591.29
SO - 0006601,2016-07-10,1,Wholesale,USD,GUT930,32,25,8,3966.4,31731.2,3133.46
SO - 0006602,2016-07-10,132,Wholesale,USD,AXW291,9,4,8,1855.9,14847.2,1410.48
SO - 0006603,2016-07-11,163,Distributor,USD,AXW291,27,26,12,3664.9,43978.8,1795.8
SO - 0006604,2016-07-11,53,Wholesale,USD,AXW291,21,18,12,1943,23316,1632.12
SO - 0006605,2016-07-11,163,Distributor,USD,FLR025,66,5,6,2706.8,16240.8,1786.49
SO - 0006606,2016-07-11,82,Wholesale,USD,GUT930,41,27,8,1715.2,13721.6,823.3
SO - 0006607,2016-07-11,89,Wholesale,USD,FLR025,66,1,10,1795.6,17956,1113.27
SO - 0006608,2016-07-11,110,Distributor,USD,GUT930,44,12,7,1286.4,9004.8,1003.39
SO - 0006609,2016-07-11,173,Distributor,USD,FLR025,64,6,7,2566.1,17962.7,1103.42
SO - 0006610,2016-07-12,81,Wholesale,USD,AXW291,4,15,10,1105.5,11055,795.96
SO - 0006611,2016-07-12,55,Export,USD,FLR025,63,25,7,201,1407,98.49
SO - 0006612,2016-07-12,15,Wholesale,USD,AXW291,10,18,5,3946.3,19731.5,1933.69
SO - 0006613,2016-07-12,43,Distributor,USD,GUT930,41,5,5,1025.1,5125.5,645.81
SO - 0006614,2016-07-12,9,Wholesale,USD,FLR025,65,14,6,1929.6,11577.6,1562.98
SO - 0006615,2016-07-12,128,Wholesale,USD,NXH382,51,26,5,5132.2,25661,2925.35
SO - 0006616,2016-07-12,102,Export,USD,AXW291,12,1,12,3886,46632,2720.2
SO - 0006617,2016-07-12,141,Distributor,USD,AXW291,24,4,12,4013.3,48159.6,2568.51
SO - 0006618,2016-07-12,87,Wholesale,USD,GUT930,35,1,7,2666.6,18666.2,2079.95
SO - 0006619,2016-07-12,45,Distributor,USD,AXW291,8,18,7,1996.6,13976.2,1397.62
SO - 0006620,2016-07-12,117,Distributor,USD,GUT930,35,17,6,1085.4,6512.4,770.63
SO - 0006621,2016-07-12,139,Wholesale,USD,AXW291,28,1,8,1688.4,13507.2,675.36
SO - 0006622,2016-07-13,173,Wholesale,USD,AXW291,19,11,6,1105.5,6633,475.37
SO - 0006623,2016-07-13,112,Wholesale,USD,AXW291,14,8,5,3859.2,19296,1929.6
SO - 0006624,2016-07-13,28,Wholesale,USD,AXW291,24,4,8,1031.8,8254.4,608.76
SO - 0006625,2016-07-13,111,Distributor,USD,NXH382,55,21,7,1139,7973,877.03
SO - 0006626,2016-07-13,146,Wholesale,USD,GUT930,35,4,8,2472.3,19778.4,988.92
SO - 0006627,2016-07-13,52,Wholesale,USD,AXW291,24,20,5,1232.8,6164,875.29
SO - 0006628,2016-07-13,158,Wholesale,USD,GUT930,37,19,5,1085.4,5427,727.22
SO - 0006629,2016-07-13,96,Distributor,USD,GUT930,39,18,5,3953,19765,1581.2
SO - 0006630,2016-07-13,158,Wholesale,USD,GUT930,34,20,11,3604.6,39650.6,2198.81
SO - 0006631,2016-07-14,157,Distributor,USD,NXH382,55,17,12,2666.6,31999.2,1466.63
SO - 0006632,2016-07-14,158,Export,USD,AXW291,8,20,8,3939.6,31516.8,2954.7
SO - 0006633,2016-07-14,60,Export,USD,AXW291,12,16,10,3966.4,39664,2102.19
SO - 0006634,2016-07-14,61,Wholesale,USD,AXW291,11,3,5,2653.2,13266,1698.05
SO - 0006635,2016-07-14,55,Distributor,USD,NXH382,60,24,6,984.9,5909.4,748.52
SO - 0006636,2016-07-14,112,Distributor,USD,AXW291,3,3,7,241.2,1688.4,178.49
SO - 0006637,2016-07-14,73,Distributor,USD,AXW291,13,20,6,2224.4,13346.4,1401.37
SO - 0006638,2016-07-14,96,Export,USD,FLR025,64,18,7,1031.8,7222.6,680.99
SO - 0006639,2016-07-14,128,Wholesale,USD,AXW291,13,26,5,1025.1,5125.5,717.57
SO - 0006640,2016-07-15,110,Wholesale,USD,AXW291,19,21,11,3953,43483,2134.62
SO - 0006641,2016-07-15,3,Wholesale,USD,AXW291,23,21,6,2847.5,17085,2021.73
SO - 0006642,2016-07-15,53,Distributor,USD,AXW291,6,16,7,2505.8,17540.6,1804.18
SO - 0006643,2016-07-15,5,Wholesale,USD,AXW291,17,14,8,1065.3,8522.4,681.79
SO - 0006644,2016-07-15,46,Distributor,USD,AXW291,2,22,7,5507.4,38551.8,2533.4
SO - 0006645,2016-07-15,134,Export,USD,GUT930,44,15,8,958.1,7664.8,411.98
SO - 0006646,2016-07-16,55,Wholesale,USD,NXH382,53,26,11,1849.2,20341.2,906.11
SO - 0006647,2016-07-16,78,Wholesale,USD,AXW291,24,15,9,6170.7,55536.3,3455.59
SO - 0006648,2016-07-16,158,Wholesale,USD,AXW291,12,5,7,2700.1,18900.7,1107.04
SO - 0006649,2016-07-16,75,Distributor,USD,FLR025,61,25,7,1018.4,7128.8,672.14
SO - 0006650,2016-07-16,150,Distributor,USD,AXW291,5,28,9,5306.4,47757.6,3130.78
SO - 0006651,2016-07-16,81,Wholesale,USD,GUT930,44,18,11,2626.4,28890.4,2048.59
SO - 0006652,2016-07-16,29,Distributor,USD,AXW291,14,5,8,837.5,6700,469
SO - 0006653,2016-07-16,161,Export,USD,AXW291,24,6,10,917.9,9179,514.02
SO - 0006654,2016-07-16,131,Distributor,USD,GUT930,33,13,10,2827.4,28274,2261.92
SO - 0006655,2016-07-17,164,Wholesale,USD,AXW291,28,3,8,1145.7,9165.6,618.68
SO - 0006656,2016-07-17,98,Wholesale,USD,AXW291,4,13,8,844.2,6753.6,641.59
SO - 0006657,2016-07-17,101,Wholesale,USD,GUT930,42,20,5,3792.2,18961,2919.99
SO - 0006658,2016-07-17,97,Wholesale,USD,AXW291,29,10,7,1809,12663,1139.67
SO - 0006659,2016-07-17,86,Distributor,USD,GUT930,44,2,8,3839.1,30712.8,2648.98
SO - 0006660,2016-07-17,45,Wholesale,USD,GUT930,34,26,5,6083.6,30418,2980.96
SO - 0006661,2016-07-17,115,Wholesale,USD,AXW291,1,17,6,3370.1,20220.6,2257.97
SO - 0006662,2016-07-18,5,Distributor,USD,AXW291,24,24,8,5741.9,45935.2,3272.88
SO - 0006663,2016-07-18,28,Distributor,USD,FLR025,64,17,11,964.8,10612.8,646.42
SO - 0006664,2016-07-18,37,Wholesale,USD,GUT930,42,8,6,723.6,4341.6,586.12
SO - 0006665,2016-07-18,24,Wholesale,USD,NXH382,56,26,6,2974.8,17848.8,1338.66
SO - 0006666,2016-07-18,145,Wholesale,USD,GUT930,37,13,8,3886,31088,2215.02
SO - 0006667,2016-07-18,51,Distributor,USD,GUT930,36,25,10,1996.6,19966,1078.16
SO - 0006668,2016-07-18,81,Distributor,USD,GUT930,38,2,6,207.7,1246.2,87.23
SO - 0006669,2016-07-18,122,Distributor,USD,AXW291,16,3,9,790.6,7115.4,347.86
SO - 0006670,2016-07-18,81,Distributor,USD,FLR025,66,17,5,5366.7,26833.5,2951.69
SO - 0006671,2016-07-18,117,Wholesale,USD,GUT930,40,7,11,1145.7,12602.7,458.28
SO - 0006672,2016-07-18,127,Wholesale,USD,GUT930,37,2,5,3939.6,19698,2403.16
SO - 0006673,2016-07-18,1,Wholesale,USD,AXW291,3,9,5,2599.6,12998,1637.75
SO - 0006674,2016-07-18,89,Distributor,USD,AXW291,29,13,6,194.3,1165.8,110.75
SO - 0006675,2016-07-19,157,Distributor,USD,NXH382,57,25,5,1098.8,5494,505.45
SO - 0006676,2016-07-19,38,Export,USD,AXW291,14,15,12,1092.1,13105.2,655.26
SO - 0006677,2016-07-19,39,Wholesale,USD,AXW291,4,26,9,958.1,8622.9,699.41
SO - 0006678,2016-07-19,4,Distributor,USD,NXH382,58,6,5,2010,10050,1286.4
SO - 0006679,2016-07-19,14,Wholesale,USD,AXW291,31,23,8,1929.6,15436.8,1234.94
SO - 0006680,2016-07-19,128,Wholesale,USD,FLR025,64,25,8,743.7,5949.6,312.35
SO - 0006681,2016-07-19,136,Wholesale,USD,AXW291,27,8,10,5942.9,59429,4754.32
SO - 0006682,2016-07-19,54,Wholesale,USD,AXW291,9,14,12,3664.9,43978.8,2198.94
SO - 0006683,2016-07-19,114,Wholesale,USD,FLR025,63,8,9,3879.3,34913.7,3219.82
SO - 0006684,2016-07-19,171,Distributor,USD,FLR025,63,3,6,1125.6,6753.6,720.38
SO - 0006685,2016-07-19,64,Wholesale,USD,AXW291,24,26,9,1889.4,17004.6,1171.43
SO - 0006686,2016-07-19,141,Distributor,USD,NXH382,53,5,11,1822.4,20046.4,1221.01
SO - 0006687,2016-07-20,103,Wholesale,USD,GUT930,45,1,9,1031.8,9286.2,804.8
SO - 0006688,2016-07-20,24,Wholesale,USD,FLR025,61,24,8,201,1608,86.43
SO - 0006689,2016-07-20,43,Export,USD,AXW291,14,16,5,3886,19430,2253.88
SO - 0006690,2016-07-20,59,Wholesale,USD,AXW291,19,28,6,1112.2,6673.2,700.69
SO - 0006691,2016-07-20,128,Wholesale,USD,AXW291,25,5,11,247.9,2726.9,146.26
SO - 0006692,2016-07-20,125,Wholesale,USD,GUT930,36,4,11,3819,42009,2711.49
SO - 0006693,2016-07-20,126,Wholesale,USD,AXW291,31,20,12,3986.5,47838,3229.07
SO - 0006694,2016-07-20,96,Distributor,USD,AXW291,23,18,9,3919.5,35275.5,2273.31
SO - 0006695,2016-07-20,84,Wholesale,USD,FLR025,61,10,5,3926.2,19631,3062.44
SO - 0006696,2016-07-20,106,Wholesale,USD,FLR025,62,26,7,187.6,1313.2,108.81
SO - 0006697,2016-07-20,160,Export,USD,AXW291,24,14,10,1313.2,13132,577.81
SO - 0006698,2016-07-20,105,Wholesale,USD,GUT930,40,13,6,268,1608,227.8
SO - 0006699,2016-07-20,112,Distributor,USD,GUT930,33,1,8,1869.3,14954.4,1383.28
SO - 0006700,2016-07-20,74,Distributor,USD,AXW291,28,2,9,1031.8,9286.2,794.49
SO - 0006701,2016-07-21,142,Export,USD,GUT930,36,17,10,1273,12730,840.18
SO - 0006702,2016-07-21,24,Wholesale,USD,GUT930,33,22,11,911.2,10023.2,601.39
SO - 0006703,2016-07-21,106,Wholesale,USD,NXH382,57,9,10,5286.3,52863,2325.97
SO - 0006704,2016-07-21,12,Wholesale,USD,GUT930,34,20,9,5085.3,45767.7,3661.42
SO - 0006705,2016-07-21,86,Distributor,USD,FLR025,64,17,11,1051.9,11570.9,568.03
SO - 0006706,2016-07-21,84,Export,USD,AXW291,25,14,11,2003.3,22036.3,1121.85
SO - 0006707,2016-07-21,125,Wholesale,USD,FLR025,63,26,7,1005,7035,432.15
SO - 0006708,2016-07-21,104,Wholesale,USD,AXW291,15,20,12,1212.7,14552.4,497.21
SO - 0006709,2016-07-22,113,Distributor,USD,AXW291,12,14,12,2284.7,27416.4,1690.68
SO - 0006710,2016-07-22,15,Wholesale,USD,FLR025,65,13,5,2405.3,12026.5,986.17
SO - 0006711,2016-07-22,158,Export,USD,GUT930,46,25,8,3886,31088,2331.6
SO - 0006712,2016-07-22,40,Distributor,USD,GUT930,37,1,11,864.3,9507.3,388.94
SO - 0006713,2016-07-22,65,Distributor,USD,NXH382,47,6,11,2492.4,27416.4,1246.2
SO - 0006714,2016-07-22,45,Distributor,USD,FLR025,66,25,11,830.8,9138.8,548.33
SO - 0006715,2016-07-22,106,Wholesale,USD,AXW291,8,13,9,3912.8,35215.2,3325.88
SO - 0006716,2016-07-22,131,Distributor,USD,AXW291,19,26,8,207.7,1661.6,93.47
SO - 0006717,2016-07-22,28,Export,USD,NXH382,55,4,6,5192.5,31155,3634.75
SO - 0006718,2016-07-23,12,Export,USD,FLR025,62,20,8,917.9,7343.2,541.56
SO - 0006719,2016-07-23,154,Wholesale,USD,GUT930,41,6,12,1721.9,20662.8,964.26
SO - 0006720,2016-07-23,8,Distributor,USD,FLR025,64,13,10,3959.7,39597,2732.19
SO - 0006721,2016-07-23,31,Wholesale,USD,AXW291,30,26,8,3477.3,27818.4,1947.29
SO - 0006722,2016-07-23,105,Wholesale,USD,AXW291,25,15,11,3939.6,43335.6,2718.32
SO - 0006723,2016-07-23,142,Distributor,USD,GUT930,42,26,8,1065.3,8522.4,426.12
SO - 0006724,2016-07-24,163,Export,USD,AXW291,12,4,8,1132.3,9058.4,917.16
SO - 0006725,2016-07-24,133,Distributor,USD,AXW291,24,28,9,2458.9,22130.1,1180.27
SO - 0006726,2016-07-25,66,Wholesale,USD,AXW291,18,6,9,1018.4,9165.6,712.88
SO - 0006727,2016-07-25,23,Distributor,USD,AXW291,24,2,5,3825.7,19128.5,2486.71
SO - 0006728,2016-07-25,43,Wholesale,USD,AXW291,5,25,7,3865.9,27061.3,2706.13
SO - 0006729,2016-07-25,37,Distributor,USD,GUT930,44,21,12,3504.1,42049.2,1401.64
SO - 0006730,2016-07-25,13,Wholesale,USD,GUT930,39,15,11,2452.2,26974.2,1029.92
SO - 0006731,2016-07-25,25,Wholesale,USD,FLR025,61,1,8,2485.7,19885.6,1168.28
SO - 0006732,2016-07-25,31,Distributor,USD,AXW291,9,25,7,201,1407,164.82
SO - 0006733,2016-07-25,139,Distributor,USD,GUT930,34,2,11,3075.3,33828.3,1599.16
SO - 0006734,2016-07-25,81,Export,USD,AXW291,16,27,12,261.3,3135.6,162.01
SO - 0006735,2016-07-25,144,Export,USD,GUT930,43,9,6,180.9,1085.4,106.73
SO - 0006736,2016-07-25,145,Distributor,USD,AXW291,11,17,9,3852.5,34672.5,2311.5
SO - 0006737,2016-07-25,175,Wholesale,USD,AXW291,1,2,6,1206,7236,964.8
SO - 0006738,2016-07-25,110,Distributor,USD,AXW291,13,3,5,1996.6,9983,1078.16
SO - 0006739,2016-07-25,43,Wholesale,USD,GUT930,44,12,7,2646.5,18525.5,1482.04
SO - 0006740,2016-07-25,10,Wholesale,USD,GUT930,40,26,6,1018.4,6110.4,804.54
SO - 0006741,2016-07-26,12,Wholesale,USD,AXW291,29,5,11,5165.7,56822.7,2996.11
SO - 0006742,2016-07-26,71,Distributor,USD,FLR025,60,5,12,2231.1,26773.2,1762.57
SO - 0006743,2016-07-26,35,Wholesale,USD,NXH382,49,2,5,6231,31155,4174.77
SO - 0006744,2016-07-26,96,Distributor,USD,FLR025,66,1,9,5025,45225,3567.75
SO - 0006745,2016-07-26,132,Wholesale,USD,NXH382,49,4,11,1802.3,19825.3,1063.36
SO - 0006746,2016-07-26,18,Export,USD,FLR025,60,16,6,6291.3,37747.8,3837.69
SO - 0006747,2016-07-26,17,Export,USD,AXW291,21,23,11,2505.8,27563.8,1002.32
SO - 0006748,2016-07-26,26,Distributor,USD,NXH382,50,6,12,1125.6,13507.2,956.76
SO - 0006749,2016-07-26,59,Export,USD,AXW291,11,28,5,683.4,3417,328.03
SO - 0006750,2016-07-26,76,Wholesale,USD,NXH382,48,20,12,1775.5,21306,1083.06
SO - 0006751,2016-07-27,16,Distributor,USD,NXH382,60,2,6,1246.2,7477.2,710.33
SO - 0006752,2016-07-27,77,Wholesale,USD,AXW291,16,13,11,3906.1,42967.1,3203
SO - 0006753,2016-07-27,157,Wholesale,USD,AXW291,18,4,10,737,7370,449.57
SO - 0006754,2016-07-27,129,Wholesale,USD,FLR025,66,14,11,3102.1,34123.1,2047.39
SO - 0006755,2016-07-27,87,Wholesale,USD,GUT930,39,25,7,1139,7973,706.18
SO - 0006756,2016-07-27,97,Wholesale,USD,FLR025,63,14,11,3912.8,43040.8,2934.6
SO - 0006757,2016-07-27,143,Distributor,USD,AXW291,7,14,6,3819,22914,2864.25
SO - 0006758,2016-07-27,73,Wholesale,USD,NXH382,59,15,9,1869.3,16823.7,1046.81
SO - 0006759,2016-07-27,70,Wholesale,USD,FLR025,61,3,7,1098.8,7691.6,582.36
SO - 0006760,2016-07-28,50,Wholesale,USD,AXW291,4,26,9,3095.4,27858.6,1392.93
SO - 0006761,2016-07-28,97,Distributor,USD,GUT930,43,4,10,2613,26130,1829.1
SO - 0006762,2016-07-28,114,Wholesale,USD,NXH382,51,5,6,1286.4,7718.4,617.47
SO - 0006763,2016-07-28,100,Wholesale,USD,FLR025,63,19,10,2700.1,27001,1755.07
SO - 0006764,2016-07-28,67,Export,USD,AXW291,16,27,8,6545.9,52367.2,3469.33
SO - 0006765,2016-07-28,117,Wholesale,USD,GUT930,38,20,6,5085.3,30511.8,3000.33
SO - 0006766,2016-07-28,62,Distributor,USD,FLR025,66,4,7,850.9,5956.3,433.96
SO - 0006767,2016-07-28,105,Distributor,USD,GUT930,39,16,10,1983.2,19832,1269.25
SO - 0006768,2016-07-28,26,Wholesale,USD,GUT930,37,1,8,5500.7,44005.6,2420.31
SO - 0006769,2016-07-29,11,Wholesale,USD,AXW291,6,11,11,3973.1,43704.1,3337.4
SO - 0006770,2016-07-29,63,Distributor,USD,AXW291,11,25,8,3175.8,25406.4,2540.64
SO - 0006771,2016-07-29,50,Wholesale,USD,AXW291,11,30,12,3872.6,46471.2,1549.04
SO - 0006772,2016-07-29,45,Wholesale,USD,NXH382,59,23,9,3698.4,33285.6,2773.8
SO - 0006773,2016-07-29,90,Wholesale,USD,AXW291,17,4,7,3041.8,21292.6,2555.11
SO - 0006774,2016-07-30,156,Wholesale,USD,AXW291,29,19,11,5232.7,57559.7,2459.37
SO - 0006775,2016-07-30,45,Wholesale,USD,AXW291,16,25,10,1045.2,10452,679.38
SO - 0006776,2016-07-30,148,Wholesale,USD,AXW291,20,26,7,214.4,1500.8,96.48
SO - 0006777,2016-07-30,78,Distributor,USD,AXW291,27,17,5,911.2,4556,446.49
SO - 0006778,2016-07-30,46,Wholesale,USD,AXW291,12,1,8,1172.5,9380,879.38
SO - 0006779,2016-07-30,160,Wholesale,USD,NXH382,48,2,8,1681.7,13453.6,706.31
SO - 0006780,2016-07-30,145,Distributor,USD,NXH382,58,25,11,3926.2,43188.2,1688.27
SO - 0006781,2016-07-30,161,Wholesale,USD,NXH382,52,13,8,1098.8,8790.4,582.36
SO - 0006782,2016-07-30,144,Export,USD,FLR025,61,3,7,5815.6,40709.2,4826.95
SO - 0006783,2016-07-31,89,Wholesale,USD,AXW291,12,25,12,2666.6,31999.2,1626.63
SO - 0006784,2016-07-31,83,Distributor,USD,NXH382,51,1,12,1172.5,14070,621.43
SO - 0006785,2016-07-31,164,Wholesale,USD,GUT930,38,30,10,1273,12730,801.99
SO - 0006786,2016-07-31,28,Export,USD,AXW291,26,1,11,214.4,2358.4,177.95
SO - 0006787,2016-07-31,101,Distributor,USD,AXW291,27,26,7,3484,24388,2717.52
SO - 0006788,2016-07-31,43,Wholesale,USD,AXW291,25,25,11,2438.8,26826.8,1195.01
SO - 0006789,2016-07-31,160,Distributor,USD,AXW291,7,4,6,5775.4,34652.4,4678.07
SO - 0006790,2016-07-31,100,Wholesale,USD,AXW291,1,12,10,2532.6,25326,1696.84
SO - 0006791,2016-07-31,99,Distributor,USD,AXW291,18,25,9,5380.1,48420.9,3604.67
SO - 0006792,2016-07-31,154,Wholesale,USD,FLR025,62,17,8,167.5,1340,77.05
SO - 0006793,2016-07-31,84,Export,USD,AXW291,15,14,10,3953,39530,3043.81
SO - 0006794,2016-07-31,130,Wholesale,USD,AXW291,30,25,11,1172.5,12897.5,492.45
SO - 0006795,2016-08-01,126,Export,USD,NXH382,51,19,8,1098.8,8790.4,933.98
SO - 0006796,2016-08-01,122,Wholesale,USD,AXW291,17,3,10,5735.2,57352,4416.1
SO - 0006797,2016-08-01,83,Wholesale,USD,AXW291,7,13,6,6525.8,39154.8,3589.19
SO - 0006798,2016-08-01,124,Wholesale,USD,GUT930,38,10,7,1018.4,7128.8,855.46
SO - 0006799,2016-08-01,39,Wholesale,USD,AXW291,25,10,11,3497.4,38471.4,2937.82
SO - 0006800,2016-08-02,33,Export,USD,NXH382,49,3,11,2519.2,27711.2,1058.06
SO - 0006801,2016-08-02,37,Distributor,USD,AXW291,7,26,9,1072,9648,621.76
SO - 0006802,2016-08-02,13,Wholesale,USD,GUT930,38,27,10,1226.1,12261,895.05
SO - 0006803,2016-08-02,106,Wholesale,USD,GUT930,40,18,7,1943,13601,835.49
SO - 0006804,2016-08-03,150,Wholesale,USD,GUT930,40,26,5,1715.2,8576,1234.94
SO - 0006805,2016-08-03,4,Export,USD,AXW291,3,13,11,2385.2,26237.2,1765.05
SO - 0006806,2016-08-03,78,Wholesale,USD,AXW291,22,18,12,6452.1,77425.2,2903.45
SO - 0006807,2016-08-03,62,Wholesale,USD,NXH382,57,5,5,1721.9,8609.5,1343.08
SO - 0006808,2016-08-03,49,Wholesale,USD,GUT930,34,26,8,3819,30552,2978.82
SO - 0006809,2016-08-03,172,Export,USD,GUT930,40,1,9,201,1809,116.58
SO - 0006810,2016-08-03,24,Distributor,USD,AXW291,6,20,7,5473.9,38317.3,2463.26
SO - 0006811,2016-08-04,146,Distributor,USD,GUT930,32,5,8,3879.3,31034.4,1784.48
SO - 0006812,2016-08-04,77,Wholesale,USD,AXW291,13,8,12,6023.3,72279.6,3132.12
SO - 0006813,2016-08-04,166,Wholesale,USD,AXW291,5,13,8,5326.5,42612,2929.58
SO - 0006814,2016-08-04,23,Wholesale,USD,AXW291,21,26,12,187.6,2251.2,155.71
SO - 0006815,2016-08-04,72,Distributor,USD,AXW291,8,21,8,3557.7,28461.6,1600.97
SO - 0006816,2016-08-04,54,Wholesale,USD,GUT930,39,12,11,261.3,2874.3,125.42
SO - 0006817,2016-08-04,146,Wholesale,USD,AXW291,18,26,6,5460.5,32763,2839.46
SO - 0006818,2016-08-04,49,Distributor,USD,NXH382,58,25,8,261.3,2090.4,154.17
SO - 0006819,2016-08-04,146,Wholesale,USD,AXW291,17,25,9,1762.1,15858.9,792.95
SO - 0006820,2016-08-05,117,Wholesale,USD,AXW291,1,25,7,1145.7,8019.9,515.57
SO - 0006821,2016-08-05,16,Wholesale,USD,NXH382,50,3,11,2720.2,29922.2,2176.16
SO - 0006822,2016-08-05,132,Distributor,USD,AXW291,26,19,6,4020,24120,2613
SO - 0006823,2016-08-05,160,Wholesale,USD,AXW291,5,8,5,1085.4,5427,911.74
SO - 0006824,2016-08-05,33,Wholesale,USD,NXH382,49,26,8,2358.4,18867.2,1108.45
SO - 0006825,2016-08-05,90,Distributor,USD,AXW291,19,28,11,2398.6,26384.6,1199.3
SO - 0006826,2016-08-05,131,Export,USD,NXH382,59,25,8,3986.5,31892,2152.71
SO - 0006827,2016-08-05,63,Wholesale,USD,GUT930,34,26,8,2860.9,22887.2,1773.76
SO - 0006828,2016-08-05,135,Wholesale,USD,NXH382,49,1,6,3819,22914,2253.21
SO - 0006829,2016-08-05,41,Distributor,USD,GUT930,34,6,5,1835.8,9179,972.97
SO - 0006830,2016-08-05,78,Distributor,USD,NXH382,49,7,5,1045.2,5226,804.8
SO - 0006831,2016-08-06,170,Wholesale,USD,GUT930,42,26,5,1105.5,5527.5,563.81
SO - 0006832,2016-08-06,19,Wholesale,USD,GUT930,47,1,12,3912.8,46953.6,2856.34
SO - 0006833,2016-08-06,172,Export,USD,FLR025,63,4,7,2613,18291,2142.66
SO - 0006834,2016-08-06,33,Wholesale,USD,GUT930,46,26,8,3859.2,30873.6,2431.3
SO - 0006835,2016-08-06,174,Export,USD,AXW291,9,30,9,3973.1,35757.9,2661.98
SO - 0006836,2016-08-07,89,Wholesale,USD,AXW291,19,3,9,3879.3,34913.7,2521.55
SO - 0006837,2016-08-07,109,Distributor,USD,AXW291,12,26,10,187.6,1876,75.04
SO - 0006838,2016-08-07,171,Wholesale,USD,AXW291,26,28,8,2525.9,20207.2,2020.72
SO - 0006839,2016-08-07,135,Distributor,USD,AXW291,16,18,9,1876,16884,1575.84
SO - 0006840,2016-08-07,1,Distributor,USD,GUT930,43,2,7,2606.3,18244.1,1329.21
SO - 0006841,2016-08-07,157,Export,USD,AXW291,17,1,5,3819,19095,2864.25
SO - 0006842,2016-08-07,23,Distributor,USD,FLR025,60,26,9,6103.7,54933.3,3051.85
SO - 0006843,2016-08-07,112,Wholesale,USD,NXH382,50,27,10,3932.9,39329,2084.44
SO - 0006844,2016-08-08,113,Distributor,USD,AXW291,15,6,5,984.9,4924.5,610.64
SO - 0006845,2016-08-08,79,Wholesale,USD,AXW291,31,2,8,1313.2,10505.6,840.45
SO - 0006846,2016-08-08,46,Wholesale,USD,GUT930,46,30,11,1085.4,11939.4,770.63
SO - 0006847,2016-08-08,13,Export,USD,AXW291,24,2,7,2988.2,20917.4,2390.56
SO - 0006848,2016-08-08,17,Wholesale,USD,NXH382,48,17,9,790.6,7115.4,672.01
SO - 0006849,2016-08-08,19,Distributor,USD,AXW291,18,7,5,2458.9,12294.5,1549.11
SO - 0006850,2016-08-08,86,Wholesale,USD,NXH382,47,1,8,1695.1,13560.8,1203.52
SO - 0006851,2016-08-08,9,Wholesale,USD,AXW291,18,9,5,6425.3,32126.5,3662.42
SO - 0006852,2016-08-08,82,Wholesale,USD,AXW291,25,2,7,837.5,5862.5,477.38
SO - 0006853,2016-08-09,65,Wholesale,USD,GUT930,32,13,8,3912.8,31302.4,3325.88
SO - 0006854,2016-08-09,151,Wholesale,USD,NXH382,54,9,12,2405.3,28863.6,1395.07
SO - 0006855,2016-08-09,126,Wholesale,USD,FLR025,64,27,9,958.1,8622.9,814.39
SO - 0006856,2016-08-09,65,Wholesale,USD,GUT930,32,30,11,991.6,10907.6,644.54
SO - 0006857,2016-08-09,33,Wholesale,USD,NXH382,49,11,12,5494,65928,4010.62
SO - 0006858,2016-08-09,14,Wholesale,USD,AXW291,27,17,9,911.2,8200.8,628.73
SO - 0006859,2016-08-09,49,Wholesale,USD,AXW291,23,1,11,3872.6,42598.6,1665.22
SO - 0006860,2016-08-10,47,Wholesale,USD,AXW291,14,6,10,2613,26130,2221.05
SO - 0006861,2016-08-10,172,Wholesale,USD,AXW291,15,7,5,3678.3,18391.5,2427.68
SO - 0006862,2016-08-10,80,Wholesale,USD,AXW291,18,27,9,1273,11457,1069.32
SO - 0006863,2016-08-10,22,Wholesale,USD,AXW291,2,17,5,944.7,4723.5,755.76
SO - 0006864,2016-08-10,10,Wholesale,USD,GUT930,34,26,6,3999.9,23999.4,2519.94
SO - 0006865,2016-08-10,158,Wholesale,USD,GUT930,37,25,10,2438.8,24388,1365.73
SO - 0006866,2016-08-10,18,Distributor,USD,NXH382,55,2,7,261.3,1829.1,209.04
SO - 0006867,2016-08-11,40,Wholesale,USD,FLR025,61,26,8,3899.4,31195.2,2573.6
SO - 0006868,2016-08-11,152,Wholesale,USD,AXW291,30,28,12,1092.1,13105.2,546.05
SO - 0006869,2016-08-11,60,Distributor,USD,AXW291,6,20,6,5299.7,31798.2,2172.88
SO - 0006870,2016-08-12,69,Wholesale,USD,AXW291,26,19,8,1045.2,8361.6,700.28
SO - 0006871,2016-08-12,138,Wholesale,USD,AXW291,4,11,10,1132.3,11323,690.7
SO - 0006872,2016-08-12,31,Distributor,USD,NXH382,50,18,8,2291.4,18331.2,1718.55
SO - 0006873,2016-08-12,126,Distributor,USD,AXW291,17,4,7,978.2,6847.4,430.41
SO - 0006874,2016-08-12,114,Distributor,USD,FLR025,61,1,10,2693.4,26934,1912.31
SO - 0006875,2016-08-12,20,Export,USD,GUT930,45,1,9,783.9,7055.1,509.54
SO - 0006876,2016-08-12,18,Wholesale,USD,GUT930,34,14,5,891.1,4455.5,623.77
SO - 0006877,2016-08-12,80,Distributor,USD,AXW291,23,14,10,2278,22780,1116.22
SO - 0006878,2016-08-12,24,Wholesale,USD,NXH382,55,6,5,2733.6,13668,1448.81
SO - 0006879,2016-08-12,137,Wholesale,USD,GUT930,38,3,6,797.3,4783.8,422.57
SO - 0006880,2016-08-12,175,Wholesale,USD,AXW291,13,26,10,1105.5,11055,497.48
SO - 0006881,2016-08-13,53,Distributor,USD,AXW291,31,25,12,1259.6,15115.2,516.44
SO - 0006882,2016-08-13,36,Export,USD,AXW291,13,6,8,1018.4,8147.2,570.3
SO - 0006883,2016-08-13,175,Distributor,USD,GUT930,40,7,12,1246.2,14954.4,834.95
SO - 0006884,2016-08-13,53,Distributor,USD,FLR025,65,12,9,1788.9,16100.1,1484.79
SO - 0006885,2016-08-13,139,Wholesale,USD,GUT930,45,29,7,3155.7,22089.9,1988.09
SO - 0006886,2016-08-13,141,Distributor,USD,AXW291,6,6,8,1125.6,9004.8,585.31
SO - 0006887,2016-08-13,46,Distributor,USD,GUT930,41,1,9,1072,9648,493.12
SO - 0006888,2016-08-13,100,Wholesale,USD,AXW291,15,2,5,247.9,1239.5,185.93
SO - 0006889,2016-08-13,7,Wholesale,USD,GUT930,34,2,9,2505.8,22552.2,1077.49
SO - 0006890,2016-08-13,25,Distributor,USD,AXW291,16,15,5,1092.1,5460.5,775.39
SO - 0006891,2016-08-13,45,Wholesale,USD,AXW291,28,28,10,3999.9,39999,2999.93
SO - 0006892,2016-08-13,148,Distributor,USD,AXW291,13,15,6,1038.5,6231,633.49
SO - 0006893,2016-08-14,132,Distributor,USD,GUT930,42,15,8,3852.5,30820,2311.5
SO - 0006894,2016-08-14,116,Wholesale,USD,FLR025,64,6,5,1018.4,5092,661.96
SO - 0006895,2016-08-14,168,Wholesale,USD,AXW291,15,19,6,234.5,1407,140.7
SO - 0006896,2016-08-14,35,Distributor,USD,AXW291,12,26,5,998.3,4991.5,778.67
SO - 0006897,2016-08-14,88,Distributor,USD,NXH382,55,13,9,2613,23517,1541.67
SO - 0006898,2016-08-14,40,Wholesale,USD,AXW291,15,26,5,5212.6,26063,3283.94
SO - 0006899,2016-08-14,16,Wholesale,USD,AXW291,8,3,6,1159.1,6954.6,498.41
SO - 0006900,2016-08-14,105,Wholesale,USD,GUT930,43,3,6,884.4,5306.4,619.08
SO - 0006901,2016-08-15,38,Distributor,USD,AXW291,12,25,8,3242.8,25942.4,1426.83
SO - 0006902,2016-08-15,104,Wholesale,USD,AXW291,8,16,5,1005,5025,592.95
SO - 0006903,2016-08-15,120,Wholesale,USD,FLR025,63,18,5,917.9,4589.5,743.5
SO - 0006904,2016-08-15,167,Wholesale,USD,NXH382,57,24,12,5480.6,65767.2,4110.45
SO - 0006905,2016-08-15,171,Distributor,USD,GUT930,34,26,6,1996.6,11979.6,938.4
SO - 0006906,2016-08-15,19,Wholesale,USD,AXW291,27,16,8,5152.3,41218.4,2524.63
SO - 0006907,2016-08-15,7,Distributor,USD,AXW291,29,5,11,850.9,9359.9,714.76
SO - 0006908,2016-08-15,80,Distributor,USD,GUT930,38,14,6,2485.7,14914.2,1715.13
SO - 0006909,2016-08-15,1,Wholesale,USD,AXW291,9,16,9,167.5,1507.5,112.23
SO - 0006910,2016-08-15,113,Wholesale,USD,GUT930,34,16,12,1005,12060,824.1
SO - 0006911,2016-08-16,144,Distributor,USD,AXW291,27,6,10,3899.4,38994,3119.52
SO - 0006912,2016-08-16,30,Distributor,USD,AXW291,4,13,10,3999.9,39999,3359.92
SO - 0006913,2016-08-16,165,Distributor,USD,NXH382,51,28,11,1869.3,20562.3,1271.12
SO - 0006914,2016-08-16,146,Distributor,USD,GUT930,39,25,5,5540.9,27704.5,2438
SO - 0006915,2016-08-16,82,Distributor,USD,AXW291,29,14,5,201,1005,158.79
SO - 0006916,2016-08-16,146,Export,USD,AXW291,26,7,5,3088.7,15443.5,2223.86
SO - 0006917,2016-08-16,67,Wholesale,USD,NXH382,50,26,9,1005,9045,723.6
SO - 0006918,2016-08-16,87,Wholesale,USD,FLR025,63,12,9,1681.7,15135.3,924.94
SO - 0006919,2016-08-16,146,Wholesale,USD,GUT930,45,25,9,998.3,8984.7,838.57
SO - 0006920,2016-08-17,168,Wholesale,USD,FLR025,64,7,9,1018.4,9165.6,488.83
SO - 0006921,2016-08-17,104,Wholesale,USD,GUT930,32,20,10,227.8,2278,95.68
SO - 0006922,2016-08-17,60,Wholesale,USD,GUT930,46,29,8,261.3,2090.4,112.36
SO - 0006923,2016-08-17,12,Wholesale,USD,NXH382,59,13,5,3886,19430,2681.34
SO - 0006924,2016-08-18,26,Distributor,USD,AXW291,15,14,8,5802.2,46417.6,4177.58
SO - 0006925,2016-08-18,101,Distributor,USD,AXW291,10,30,9,1279.7,11517.3,627.05
SO - 0006926,2016-08-18,168,Wholesale,USD,GUT930,39,2,11,2331.6,25647.6,1725.38
SO - 0006927,2016-08-18,135,Wholesale,USD,NXH382,57,12,6,5098.7,30592.2,3059.22
SO - 0006928,2016-08-18,120,Wholesale,USD,NXH382,49,4,12,2680,32160,1179.2
SO - 0006929,2016-08-18,55,Wholesale,USD,GUT930,43,9,11,2666.6,29332.6,2239.94
SO - 0006930,2016-08-18,168,Distributor,USD,AXW291,13,25,7,2592.9,18150.3,1089.02
SO - 0006931,2016-08-18,63,Wholesale,USD,NXH382,58,14,10,1078.7,10787,474.63
SO - 0006932,2016-08-19,61,Wholesale,USD,AXW291,27,5,5,6003.2,30016,4322.3
SO - 0006933,2016-08-19,49,Export,USD,NXH382,56,10,11,2458.9,27047.9,1524.52
SO - 0006934,2016-08-19,87,Distributor,USD,AXW291,23,17,9,3839.1,34551.9,2418.63
SO - 0006935,2016-08-19,131,Wholesale,USD,GUT930,40,24,7,6492.3,45446.1,4869.23
SO - 0006936,2016-08-19,86,Wholesale,USD,FLR025,66,16,9,3912.8,35215.2,2817.22
SO - 0006937,2016-08-19,36,Export,USD,FLR025,62,25,7,1085.4,7597.8,792.34
SO - 0006938,2016-08-19,158,Wholesale,USD,GUT930,43,26,8,3296.4,26371.2,1911.91
SO - 0006939,2016-08-19,34,Wholesale,USD,AXW291,12,12,8,5661.5,45292,3623.36
SO - 0006940,2016-08-19,66,Wholesale,USD,FLR025,63,26,12,964.8,11577.6,549.94
SO - 0006941,2016-08-20,20,Wholesale,USD,AXW291,15,14,6,2633.1,15798.6,1079.57
SO - 0006942,2016-08-20,124,Wholesale,USD,GUT930,34,26,8,864.3,6914.4,630.94
SO - 0006943,2016-08-20,82,Wholesale,USD,GUT930,35,18,5,2331.6,11658,1095.85
SO - 0006944,2016-08-20,134,Distributor,USD,AXW291,22,6,11,844.2,9286.2,709.13
SO - 0006945,2016-08-20,98,Distributor,USD,AXW291,6,9,6,3993.2,23959.2,1677.14
SO - 0006946,2016-08-21,137,Wholesale,USD,AXW291,13,3,12,268,3216,176.88
SO - 0006947,2016-08-21,42,Wholesale,USD,FLR025,61,18,9,6056.8,54511.2,2846.7
SO - 0006948,2016-08-21,125,Wholesale,USD,AXW291,8,14,11,1943,21373,1262.95
SO - 0006949,2016-08-21,30,Distributor,USD,AXW291,8,6,10,1192.6,11926,954.08
SO - 0006950,2016-08-21,146,Distributor,USD,AXW291,15,16,10,2539.3,25393,1879.08
SO - 0006951,2016-08-21,124,Distributor,USD,NXH382,53,18,5,1782.2,8911,712.88
SO - 0006952,2016-08-21,120,Export,USD,NXH382,50,24,11,1132.3,12455.3,566.15
SO - 0006953,2016-08-21,67,Distributor,USD,GUT930,38,23,5,1005,5025,592.95
SO - 0006954,2016-08-21,16,Distributor,USD,AXW291,4,14,8,978.2,7825.6,616.27
SO - 0006955,2016-08-21,88,Wholesale,USD,FLR025,62,4,12,6452.1,77425.2,4580.99
SO - 0006956,2016-08-22,148,Distributor,USD,NXH382,55,20,9,1943,17487,1360.1
SO - 0006957,2016-08-22,85,Wholesale,USD,AXW291,12,24,9,1025.1,9225.9,461.3
SO - 0006958,2016-08-22,45,Wholesale,USD,FLR025,61,12,11,5829,64119,4196.88
SO - 0006959,2016-08-22,144,Distributor,USD,GUT930,41,30,8,1072,8576,621.76
SO - 0006960,2016-08-22,118,Wholesale,USD,AXW291,15,26,7,2391.9,16743.3,1698.25
SO - 0006961,2016-08-22,153,Wholesale,USD,FLR025,63,4,12,3624.7,43496.4,2646.03
SO - 0006962,2016-08-22,126,Distributor,USD,AXW291,1,4,9,2720.2,24481.8,1251.29
SO - 0006963,2016-08-22,144,Wholesale,USD,AXW291,23,19,6,6398.5,38391,4606.92
SO - 0006964,2016-08-22,135,Distributor,USD,AXW291,16,26,9,1118.9,10070.1,604.21
SO - 0006965,2016-08-22,97,Distributor,USD,GUT930,33,6,10,207.7,2077,128.77
SO - 0006966,2016-08-22,174,Wholesale,USD,NXH382,56,20,5,1025.1,5125.5,420.29
SO - 0006967,2016-08-23,44,Wholesale,USD,GUT930,42,1,10,5393.5,53935,3667.58
SO - 0006968,2016-08-23,165,Distributor,USD,AXW291,13,5,8,3999.9,31999.2,3319.92
SO - 0006969,2016-08-23,164,Distributor,USD,AXW291,28,13,9,2432.1,21888.9,1653.83
SO - 0006970,2016-08-23,78,Distributor,USD,FLR025,62,12,7,3879.3,27155.1,3219.82
SO - 0006971,2016-08-23,62,Wholesale,USD,AXW291,3,4,10,221.1,2211,119.39
SO - 0006972,2016-08-23,90,Wholesale,USD,AXW291,12,17,9,998.3,8984.7,748.73
SO - 0006973,2016-08-24,144,Wholesale,USD,AXW291,3,2,12,1132.3,13587.6,849.23
SO - 0006974,2016-08-24,38,Wholesale,USD,GUT930,41,2,5,201,1005,158.79
SO - 0006975,2016-08-24,1,Wholesale,USD,GUT930,38,17,12,683.4,8200.8,492.05
SO - 0006976,2016-08-24,165,Wholesale,USD,AXW291,3,18,9,5293,47637,3334.59
SO - 0006977,2016-08-24,121,Distributor,USD,AXW291,23,10,5,167.5,837.5,73.7
SO - 0006978,2016-08-24,78,Distributor,USD,AXW291,19,17,11,5480.6,60286.6,3288.36
SO - 0006979,2016-08-24,16,Wholesale,USD,AXW291,13,16,9,3819,34371,2482.35
SO - 0006980,2016-08-24,106,Wholesale,USD,GUT930,47,18,9,6016.6,54149.4,3429.46
SO - 0006981,2016-08-25,34,Distributor,USD,AXW291,11,1,11,1025.1,11276.1,543.3
SO - 0006982,2016-08-25,127,Export,USD,GUT930,45,23,11,2659.9,29258.9,1861.93
SO - 0006983,2016-08-25,29,Wholesale,USD,GUT930,44,20,9,3892.7,35034.3,2997.38
SO - 0006984,2016-08-25,158,Export,USD,GUT930,41,19,5,911.2,4556,473.82
SO - 0006985,2016-08-25,164,Distributor,USD,GUT930,46,23,8,1862.6,14900.8,745.04
SO - 0006986,2016-08-25,137,Wholesale,USD,GUT930,39,10,10,207.7,2077,139.16
SO - 0006987,2016-08-25,60,Wholesale,USD,GUT930,45,30,7,1969.8,13788.6,1634.93
SO - 0006988,2016-08-25,103,Wholesale,USD,GUT930,37,26,7,944.7,6612.9,462.9
SO - 0006989,2016-08-25,89,Distributor,USD,AXW291,8,25,12,864.3,10371.6,535.87
SO - 0006990,2016-08-26,80,Export,USD,NXH382,49,27,7,2291.4,16039.8,1512.32
SO - 0006991,2016-08-26,72,Wholesale,USD,AXW291,9,26,8,1132.3,9058.4,894.52
SO - 0006992,2016-08-26,57,Wholesale,USD,GUT930,45,5,7,194.3,1360.1,77.72
SO - 0006993,2016-08-26,123,Wholesale,USD,GUT930,41,15,12,247.9,2974.8,153.7
SO - 0006994,2016-08-26,157,Export,USD,FLR025,62,12,10,1038.5,10385,623.1
SO - 0006995,2016-08-26,45,Wholesale,USD,GUT930,47,15,9,1105.5,9949.5,895.46
SO - 0006996,2016-08-26,94,Wholesale,USD,GUT930,46,26,9,180.9,1628.1,103.11
SO - 0006997,2016-08-26,14,Wholesale,USD,GUT930,36,17,7,5654.8,39583.6,3279.78
SO - 0006998,2016-08-26,1,Wholesale,USD,AXW291,28,21,10,3906.1,39061,1757.75
SO - 0006999,2016-08-26,85,Distributor,USD,NXH382,48,21,12,917.9,11014.8,780.22
SO - 0007000,2016-08-26,82,Wholesale,USD,GUT930,32,26,6,2619.7,15718.2,2121.96
SO - 0007001,2016-08-27,123,Wholesale,USD,NXH382,59,4,10,777.2,7772,512.95
SO - 0007002,2016-08-27,25,Wholesale,USD,GUT930,36,14,11,958.1,10539.1,603.6
SO - 0007003,2016-08-27,54,Export,USD,AXW291,14,14,8,227.8,1822.4,123.01
SO - 0007004,2016-08-27,92,Wholesale,USD,NXH382,52,2,10,1835.8,18358,1321.78
SO - 0007005,2016-08-28,29,Wholesale,USD,FLR025,64,15,6,1058.6,6351.6,455.2
SO - 0007006,2016-08-28,16,Wholesale,USD,GUT930,41,2,9,5674.9,51074.1,3575.19
SO - 0007007,2016-08-28,124,Wholesale,USD,AXW291,15,14,5,1989.9,9949.5,1691.42
SO - 0007008,2016-08-28,149,Distributor,USD,AXW291,16,19,7,234.5,1641.5,93.8
SO - 0007009,2016-08-28,150,Wholesale,USD,AXW291,27,17,6,1038.5,6231,664.64
SO - 0007010,2016-08-28,43,Wholesale,USD,AXW291,9,18,7,1031.8,7222.6,577.81
SO - 0007011,2016-08-28,140,Distributor,USD,AXW291,28,1,11,3524.2,38766.2,1515.41
SO - 0007012,2016-08-28,27,Distributor,USD,GUT930,44,12,7,2324.9,16274.3,1069.45
SO - 0007013,2016-08-28,83,Wholesale,USD,AXW291,21,5,7,737,5159,368.5
SO - 0007014,2016-08-28,14,Export,USD,AXW291,5,25,6,1005,6030,502.5
SO - 0007015,2016-08-28,86,Wholesale,USD,NXH382,60,10,10,1139,11390,911.2
SO - 0007016,2016-08-28,135,Export,USD,GUT930,39,3,11,1098.8,12086.8,813.11
SO - 0007017,2016-08-28,139,Distributor,USD,NXH382,49,5,9,3825.7,34431.3,2486.71
SO - 0007018,2016-08-29,145,Wholesale,USD,GUT930,38,28,11,180.9,1989.9,74.17
SO - 0007019,2016-08-29,63,Wholesale,USD,AXW291,20,21,6,964.8,5788.8,578.88
SO - 0007020,2016-08-29,5,Distributor,USD,FLR025,61,25,9,2485.7,22371.3,1267.71
SO - 0007021,2016-08-30,118,Export,USD,AXW291,26,4,11,214.4,2358.4,141.5
SO - 0007022,2016-08-30,83,Distributor,USD,NXH382,56,25,9,2432.1,21888.9,1556.54
SO - 0007023,2016-08-30,142,Distributor,USD,AXW291,4,5,12,1118.9,13426.8,626.58
SO - 0007024,2016-08-30,138,Export,USD,AXW291,8,7,10,891.1,8911,561.39
SO - 0007025,2016-08-30,60,Export,USD,GUT930,38,25,9,2485.7,22371.3,1043.99
SO - 0007026,2016-08-30,160,Distributor,USD,AXW291,19,25,6,1018.4,6110.4,692.51
SO - 0007027,2016-08-30,78,Wholesale,USD,AXW291,6,25,12,2465.6,29587.2,1799.89
SO - 0007028,2016-08-30,50,Distributor,USD,AXW291,20,25,12,3993.2,47918.4,3034.83
SO - 0007029,2016-08-30,154,Distributor,USD,AXW291,27,13,11,3685,40535,2247.85
SO - 0007030,2016-08-30,75,Wholesale,USD,NXH382,56,17,9,2284.7,20562.3,1919.15
SO - 0007031,2016-08-30,127,Distributor,USD,GUT930,35,2,9,3323.2,29908.8,1927.46
SO - 0007032,2016-08-31,38,Wholesale,USD,NXH382,59,24,6,1078.7,6472.2,431.48
SO - 0007033,2016-08-31,5,Wholesale,USD,AXW291,16,22,9,1045.2,9406.8,606.22
SO - 0007034,2016-08-31,69,Wholesale,USD,NXH382,49,15,8,2646.5,21172,1931.95
SO - 0007035,2016-08-31,147,Wholesale,USD,NXH382,54,1,11,2666.6,29332.6,1786.62
SO - 0007036,2016-08-31,11,Export,USD,AXW291,20,30,7,1889.4,13225.8,831.34
SO - 0007037,2016-08-31,29,Distributor,USD,AXW291,29,26,5,2492.4,12462,1296.05
SO - 0007038,2016-08-31,40,Distributor,USD,AXW291,19,25,7,1179.2,8254.4,896.19
SO - 0007039,2016-09-01,152,Wholesale,USD,AXW291,8,13,10,2318.2,23182,1530.01
SO - 0007040,2016-09-01,115,Distributor,USD,FLR025,62,16,9,3584.5,32260.5,2831.76
SO - 0007041,2016-09-01,104,Distributor,USD,AXW291,15,17,7,3999.9,27999.3,1879.95
SO - 0007042,2016-09-01,101,Distributor,USD,AXW291,2,19,12,1996.6,23959.2,1677.14
SO - 0007043,2016-09-01,28,Distributor,USD,NXH382,50,25,10,1132.3,11323,826.58
SO - 0007044,2016-09-01,4,Distributor,USD,GUT930,37,12,12,1963.1,23557.2,1413.43
SO - 0007045,2016-09-01,9,Export,USD,FLR025,64,26,8,1896.1,15168.8,1611.69
SO - 0007046,2016-09-01,140,Distributor,USD,AXW291,14,22,12,804,9648,538.68
SO - 0007047,2016-09-01,169,Distributor,USD,AXW291,12,25,12,174.2,2090.4,128.91
SO - 0007048,2016-09-01,79,Wholesale,USD,GUT930,46,13,9,3926.2,35335.8,1688.27
SO - 0007049,2016-09-01,84,Export,USD,GUT930,42,22,7,180.9,1266.3,141.1
SO - 0007050,2016-09-01,112,Wholesale,USD,AXW291,21,25,9,254.6,2291.4,152.76
SO - 0007051,2016-09-02,60,Wholesale,USD,FLR025,62,2,10,1132.3,11323,566.15
SO - 0007052,2016-09-02,145,Wholesale,USD,AXW291,31,26,7,227.8,1594.6,166.29
SO - 0007053,2016-09-02,3,Wholesale,USD,AXW291,26,26,8,2003.3,16026.4,1422.34
SO - 0007054,2016-09-02,37,Distributor,USD,AXW291,1,25,8,2525.9,20207.2,1818.65
SO - 0007055,2016-09-02,53,Wholesale,USD,AXW291,5,13,6,3691.7,22150.2,2178.1
SO - 0007056,2016-09-02,39,Wholesale,USD,GUT930,38,6,9,1762.1,15858.9,1145.37
SO - 0007057,2016-09-03,55,Distributor,USD,NXH382,47,19,9,891.1,8019.9,436.64
SO - 0007058,2016-09-03,29,Wholesale,USD,AXW291,20,29,11,1031.8,11349.8,567.49
SO - 0007059,2016-09-03,29,Distributor,USD,GUT930,45,11,6,1011.7,6070.2,495.73
SO - 0007060,2016-09-03,120,Wholesale,USD,GUT930,39,9,10,777.2,7772,481.86
SO - 0007061,2016-09-03,174,Wholesale,USD,AXW291,31,22,9,2599.6,23396.4,2209.66
SO - 0007062,2016-09-03,30,Export,USD,NXH382,59,5,12,5922.8,71073.6,4205.19
SO - 0007063,2016-09-04,44,Wholesale,USD,GUT930,46,14,5,757.1,3785.5,423.98
SO - 0007064,2016-09-04,63,Wholesale,USD,AXW291,31,26,10,3008.3,30083,2075.73
SO - 0007065,2016-09-04,79,Wholesale,USD,AXW291,26,16,11,247.9,2726.9,195.84
SO - 0007066,2016-09-04,108,Distributor,USD,NXH382,55,29,5,2499.1,12495.5,1299.53
SO - 0007067,2016-09-04,127,Wholesale,USD,AXW291,2,19,11,2592.9,28521.9,1192.73
SO - 0007068,2016-09-04,138,Distributor,USD,AXW291,16,1,8,2331.6,18652.8,1865.28
SO - 0007069,2016-09-04,151,Distributor,USD,NXH382,55,1,11,241.2,2653.2,161.6
SO - 0007070,2016-09-04,94,Distributor,USD,AXW291,26,2,8,1045.2,8361.6,846.61
SO - 0007071,2016-09-04,134,Export,USD,FLR025,60,25,8,897.8,7182.4,763.13
SO - 0007072,2016-09-05,89,Wholesale,USD,AXW291,11,13,9,1896.1,17064.9,1156.62
SO - 0007073,2016-09-05,77,Wholesale,USD,GUT930,44,26,6,1011.7,6070.2,758.78
SO - 0007074,2016-09-05,149,Wholesale,USD,AXW291,17,1,10,247.9,2479,205.76
SO - 0007075,2016-09-05,165,Distributor,USD,AXW291,24,25,12,1139,13668,740.35
SO - 0007076,2016-09-05,151,Wholesale,USD,NXH382,58,6,7,1098.8,7691.6,933.98
SO - 0007077,2016-09-05,168,Wholesale,USD,GUT930,36,3,9,214.4,1929.6,167.23
SO - 0007078,2016-09-05,139,Distributor,USD,NXH382,58,10,7,241.2,1688.4,202.61
SO - 0007079,2016-09-05,152,Wholesale,USD,AXW291,10,11,11,2847.5,31322.5,2363.43
SO - 0007080,2016-09-05,16,Wholesale,USD,FLR025,64,15,9,710.2,6391.8,482.94
SO - 0007081,2016-09-05,91,Wholesale,USD,AXW291,17,25,7,911.2,6378.4,646.95
SO - 0007082,2016-09-05,109,Wholesale,USD,AXW291,5,7,8,3711.8,29694.4,2375.55
SO - 0007083,2016-09-06,13,Wholesale,USD,NXH382,50,26,11,978.2,10760.2,538.01
SO - 0007084,2016-09-06,113,Distributor,USD,GUT930,46,1,9,2499.1,22491.9,1599.42
SO - 0007085,2016-09-06,100,Export,USD,GUT930,35,2,6,5085.3,30511.8,2186.68
SO - 0007086,2016-09-06,100,Wholesale,USD,AXW291,1,26,7,2345,16415,1219.4
SO - 0007087,2016-09-06,29,Distributor,USD,NXH382,54,16,11,2432.1,26753.1,1605.19
SO - 0007088,2016-09-06,137,Distributor,USD,AXW291,6,8,9,3986.5,35878.5,2631.09
SO - 0007089,2016-09-06,27,Export,USD,FLR025,63,15,11,2358.4,25942.4,1698.05
SO - 0007090,2016-09-06,11,Export,USD,AXW291,20,5,5,2345,11725,1172.5
SO - 0007091,2016-09-06,36,Distributor,USD,GUT930,40,26,9,6438.7,57948.3,3670.06
SO - 0007092,2016-09-06,68,Export,USD,AXW291,7,1,10,5581.1,55811,3069.61
SO - 0007093,2016-09-07,78,Wholesale,USD,AXW291,9,16,12,241.2,2894.4,120.6
SO - 0007094,2016-09-07,25,Distributor,USD,AXW291,24,15,12,1159.1,13909.2,707.05
SO - 0007095,2016-09-07,61,Distributor,USD,NXH382,58,1,5,2800.6,14003,1680.36
SO - 0007096,2016-09-07,7,Distributor,USD,AXW291,14,16,6,991.6,5949.6,485.88
SO - 0007097,2016-09-07,88,Wholesale,USD,AXW291,15,5,7,1105.5,7738.5,818.07
SO - 0007098,2016-09-07,36,Wholesale,USD,AXW291,5,6,6,1139,6834,865.64
SO - 0007099,2016-09-07,130,Distributor,USD,AXW291,1,2,7,3899.4,27295.8,1598.75
SO - 0007100,2016-09-07,62,Distributor,USD,AXW291,11,26,12,1038.5,12462,851.57
SO - 0007101,2016-09-08,49,Export,USD,GUT930,37,4,12,167.5,2010,93.8
SO - 0007102,2016-09-08,162,Wholesale,USD,NXH382,49,26,6,2318.2,13909.2,1947.29
SO - 0007103,2016-09-08,118,Wholesale,USD,AXW291,18,26,12,3825.7,45908.4,2869.28
SO - 0007104,2016-09-08,99,Wholesale,USD,FLR025,64,13,11,234.5,2579.5,117.25
SO - 0007105,2016-09-08,160,Wholesale,USD,GUT930,44,1,9,1025.1,9225.9,451.04
SO - 0007106,2016-09-08,83,Wholesale,USD,AXW291,6,5,11,194.3,2137.3,159.33
SO - 0007107,2016-09-08,163,Wholesale,USD,AXW291,26,17,11,5092,56012,3360.72
SO - 0007108,2016-09-08,59,Export,USD,AXW291,12,23,7,1011.7,7081.9,819.48
SO - 0007109,2016-09-08,38,Wholesale,USD,AXW291,28,26,11,1199.3,13192.3,515.7
SO - 0007110,2016-09-08,169,Distributor,USD,NXH382,55,16,7,3973.1,27811.7,2383.86
SO - 0007111,2016-09-08,84,Export,USD,AXW291,31,9,12,1072,12864,439.52
SO - 0007112,2016-09-08,148,Distributor,USD,AXW291,29,21,6,3169.1,19014.6,2440.21
SO - 0007113,2016-09-09,80,Wholesale,USD,GUT930,35,26,9,991.6,8924.4,763.53
SO - 0007114,2016-09-09,30,Wholesale,USD,AXW291,9,24,6,194.3,1165.8,157.38
SO - 0007115,2016-09-09,58,Distributor,USD,FLR025,61,26,10,3886,38860,2914.5
SO - 0007116,2016-09-09,22,Wholesale,USD,AXW291,12,25,12,1139,13668,728.96
SO - 0007117,2016-09-09,64,Wholesale,USD,AXW291,14,19,8,261.3,2090.4,107.13
SO - 0007118,2016-09-09,81,Wholesale,USD,GUT930,42,28,7,1159.1,8113.7,660.69
SO - 0007119,2016-09-09,121,Wholesale,USD,FLR025,63,3,8,254.6,2036.8,142.58
SO - 0007120,2016-09-10,110,Distributor,USD,GUT930,45,16,12,5212.6,62551.2,4378.58
SO - 0007121,2016-09-10,70,Wholesale,USD,AXW291,12,1,12,1112.2,13346.4,611.71
SO - 0007122,2016-09-10,2,Wholesale,USD,GUT930,36,26,11,1011.7,11128.7,849.83
SO - 0007123,2016-09-10,60,Distributor,USD,AXW291,2,4,11,1005,11055,532.65
SO - 0007124,2016-09-11,8,Export,USD,AXW291,23,20,11,3490.7,38397.7,1815.16
SO - 0007125,2016-09-11,48,Export,USD,NXH382,55,28,6,6224.3,37345.8,3921.31
SO - 0007126,2016-09-11,43,Distributor,USD,FLR025,66,13,10,1855.9,18559,1113.54
SO - 0007127,2016-09-12,52,Wholesale,USD,NXH382,49,4,12,5406.9,64882.8,2487.17
SO - 0007128,2016-09-12,73,Wholesale,USD,AXW291,11,25,6,5118.8,30712.8,2303.46
SO - 0007129,2016-09-12,124,Wholesale,USD,GUT930,44,5,12,1072,12864,846.88
SO - 0007130,2016-09-12,100,Distributor,USD,NXH382,51,25,8,1768.8,14150.4,1468.1
SO - 0007131,2016-09-12,119,Wholesale,USD,NXH382,59,3,9,1139,10251,592.28
SO - 0007132,2016-09-12,74,Distributor,USD,GUT930,38,4,9,3979.8,35818.2,1830.71
SO - 0007133,2016-09-12,79,Wholesale,USD,AXW291,3,5,8,1226.1,9808.8,956.36
SO - 0007134,2016-09-13,52,Wholesale,USD,AXW291,6,4,9,1125.6,10130.4,517.78
SO - 0007135,2016-09-13,153,Wholesale,USD,NXH382,56,27,9,2231.1,20079.9,1338.66
SO - 0007136,2016-09-13,173,Wholesale,USD,AXW291,24,22,10,703.5,7035,464.31
SO - 0007137,2016-09-13,97,Wholesale,USD,AXW291,8,15,7,1782.2,12475.4,1497.05
SO - 0007138,2016-09-13,148,Distributor,USD,NXH382,54,17,7,6143.9,43007.3,4054.97
SO - 0007139,2016-09-14,159,Wholesale,USD,AXW291,1,2,6,2418.7,14512.2,1910.77
SO - 0007140,2016-09-14,17,Wholesale,USD,FLR025,66,14,5,1025.1,5125.5,563.81
SO - 0007141,2016-09-14,152,Wholesale,USD,AXW291,2,4,8,2619.7,20957.6,2174.35
SO - 0007142,2016-09-14,40,Wholesale,USD,NXH382,57,8,5,1902.8,9514,932.37
SO - 0007143,2016-09-14,15,Wholesale,USD,NXH382,52,27,10,1025.1,10251,645.81
SO - 0007144,2016-09-14,154,Wholesale,USD,AXW291,10,3,12,174.2,2090.4,73.16
SO - 0007145,2016-09-14,143,Wholesale,USD,AXW291,24,19,10,2492.4,24924,1071.73
SO - 0007146,2016-09-14,124,Export,USD,NXH382,52,18,8,1058.6,8468.8,529.3
SO - 0007147,2016-09-14,157,Wholesale,USD,GUT930,38,26,6,6391.8,38350.8,4218.59
SO - 0007148,2016-09-14,164,Wholesale,USD,AXW291,28,25,9,1983.2,17848.8,1408.07
SO - 0007149,2016-09-14,75,Wholesale,USD,NXH382,56,20,6,6411.9,38471.4,5001.28
SO - 0007150,2016-09-14,139,Distributor,USD,GUT930,44,26,9,864.3,7778.7,406.22
SO - 0007151,2016-09-15,26,Export,USD,AXW291,9,8,9,964.8,8683.2,520.99
SO - 0007152,2016-09-15,160,Wholesale,USD,AXW291,26,5,6,1051.9,6311.4,483.87
SO - 0007153,2016-09-15,100,Wholesale,USD,AXW291,22,18,10,4013.3,40133,3210.64
SO - 0007154,2016-09-15,73,Wholesale,USD,AXW291,21,16,10,6070.2,60702,2974.4
SO - 0007155,2016-09-15,62,Wholesale,USD,AXW291,7,2,7,837.5,5862.5,695.13
SO - 0007156,2016-09-15,56,Wholesale,USD,NXH382,57,26,5,2391.9,11959.5,1148.11
SO - 0007157,2016-09-15,88,Wholesale,USD,FLR025,63,28,8,2686.7,21493.6,1155.28
SO - 0007158,2016-09-15,68,Wholesale,USD,GUT930,42,23,8,2479,19832,1884.04
SO - 0007159,2016-09-15,66,Wholesale,USD,FLR025,62,4,7,938,6566,384.58
SO - 0007160,2016-09-16,113,Wholesale,USD,AXW291,25,26,12,3906.1,46873.2,2968.64
SO - 0007161,2016-09-16,105,Wholesale,USD,GUT930,40,2,7,2894.4,20260.8,2402.35
SO - 0007162,2016-09-16,22,Wholesale,USD,AXW291,13,26,9,2231.1,20079.9,1249.42
SO - 0007163,2016-09-16,56,Export,USD,NXH382,57,15,9,1112.2,10009.8,912
SO - 0007164,2016-09-16,112,Wholesale,USD,AXW291,2,15,8,2311.5,18492,1386.9
SO - 0007165,2016-09-16,72,Export,USD,GUT930,45,5,11,938,10318,497.14
SO - 0007166,2016-09-16,98,Wholesale,USD,AXW291,15,24,10,3651.5,36515,2446.51
SO - 0007167,2016-09-16,115,Wholesale,USD,AXW291,19,8,12,1065.3,12783.6,681.79
SO - 0007168,2016-09-16,162,Wholesale,USD,AXW291,26,15,10,167.5,1675,137.35
SO - 0007169,2016-09-16,156,Wholesale,USD,FLR025,61,26,6,1118.9,6713.4,514.69
SO - 0007170,2016-09-17,67,Wholesale,USD,NXH382,47,16,10,2894.4,28944,1910.3
SO - 0007171,2016-09-17,114,Wholesale,USD,AXW291,24,1,5,5621.3,28106.5,3260.35
SO - 0007172,2016-09-17,140,Wholesale,USD,NXH382,57,1,6,194.3,1165.8,95.21
SO - 0007173,2016-09-17,163,Wholesale,USD,NXH382,50,3,12,1159.1,13909.2,869.33
SO - 0007174,2016-09-17,84,Wholesale,USD,NXH382,51,14,12,1896.1,22753.2,1118.7
SO - 0007175,2016-09-17,168,Wholesale,USD,NXH382,51,16,11,1018.4,11202.4,824.9
SO - 0007176,2016-09-17,61,Export,USD,AXW291,8,26,7,5125.5,35878.5,3792.87
SO - 0007177,2016-09-17,23,Wholesale,USD,GUT930,43,15,8,1058.6,8468.8,508.13
SO - 0007178,2016-09-17,110,Wholesale,USD,AXW291,19,11,12,1058.6,12703.2,508.13
SO - 0007179,2016-09-17,96,Distributor,USD,NXH382,59,19,7,194.3,1360.1,147.67
SO - 0007180,2016-09-17,128,Wholesale,USD,FLR025,64,20,7,1051.9,7363.3,841.52
SO - 0007181,2016-09-18,138,Wholesale,USD,NXH382,55,5,12,897.8,10773.6,673.35
SO - 0007182,2016-09-18,82,Wholesale,USD,NXH382,58,17,6,1051.9,6311.4,809.96
SO - 0007183,2016-09-18,144,Distributor,USD,AXW291,1,13,9,268,2412,222.44
SO - 0007184,2016-09-18,139,Wholesale,USD,AXW291,16,13,10,1963.1,19631,1217.12
SO - 0007185,2016-09-18,36,Wholesale,USD,AXW291,19,26,5,1715.2,8576,771.84
SO - 0007186,2016-09-18,120,Distributor,USD,FLR025,60,14,6,2251.2,13507.2,1508.3
SO - 0007187,2016-09-18,4,Wholesale,USD,AXW291,1,7,11,1031.8,11349.8,588.13
SO - 0007188,2016-09-18,152,Wholesale,USD,AXW291,12,6,6,241.2,1447.2,205.02
SO - 0007189,2016-09-18,29,Export,USD,NXH382,59,17,5,2331.6,11658,1142.48
SO - 0007190,2016-09-18,84,Wholesale,USD,FLR025,66,14,6,1045.2,6271.2,721.19
SO - 0007191,2016-09-19,152,Distributor,USD,AXW291,8,5,9,1078.7,9708.3,722.73
SO - 0007192,2016-09-19,155,Wholesale,USD,NXH382,58,26,11,254.6,2800.6,173.13
SO - 0007193,2016-09-19,125,Wholesale,USD,FLR025,64,12,6,5688.3,34129.8,4323.11
SO - 0007194,2016-09-19,47,Wholesale,USD,GUT930,41,1,7,1058.6,7410.2,783.36
SO - 0007195,2016-09-19,76,Export,USD,AXW291,4,3,6,864.3,5185.8,726.01
SO - 0007196,2016-09-19,117,Export,USD,AXW291,3,19,7,174.2,1219.4,128.91
SO - 0007197,2016-09-19,33,Export,USD,NXH382,57,6,7,1145.7,8019.9,469.74
SO - 0007198,2016-09-19,109,Wholesale,USD,FLR025,62,16,12,804,9648,498.48
SO - 0007199,2016-09-19,52,Export,USD,AXW291,17,4,9,1005,9045,663.3
SO - 0007200,2016-09-19,94,Distributor,USD,AXW291,5,26,5,254.6,1273,175.67
SO - 0007201,2016-09-19,80,Distributor,USD,FLR025,66,18,5,3959.7,19798.5,2296.63
SO - 0007202,2016-09-20,85,Wholesale,USD,AXW291,4,15,9,911.2,8200.8,583.17
SO - 0007203,2016-09-20,166,Wholesale,USD,GUT930,40,5,10,2579.5,25795,1315.55
SO - 0007204,2016-09-20,19,Wholesale,USD,AXW291,19,4,10,227.8,2278,134.4
SO - 0007205,2016-09-20,79,Export,USD,AXW291,2,19,7,938,6566,712.88
SO - 0007206,2016-09-20,110,Wholesale,USD,AXW291,21,29,12,1159.1,13909.2,579.55
SO - 0007207,2016-09-20,68,Export,USD,AXW291,5,13,9,3953,35577,2964.75
SO - 0007208,2016-09-20,71,Wholesale,USD,AXW291,26,5,9,1916.2,17245.8,1034.75
SO - 0007209,2016-09-20,163,Wholesale,USD,AXW291,20,2,10,2499.1,24991,2099.24
SO - 0007210,2016-09-21,60,Wholesale,USD,FLR025,63,8,6,2666.6,15999.6,1546.63
SO - 0007211,2016-09-21,12,Wholesale,USD,FLR025,66,30,7,6291.3,44039.1,3774.78
SO - 0007212,2016-09-21,29,Export,USD,AXW291,22,4,5,5708.4,28542,2283.36
SO - 0007213,2016-09-21,86,Wholesale,USD,GUT930,38,6,12,844.2,10130.4,379.89
SO - 0007214,2016-09-21,68,Distributor,USD,AXW291,3,30,8,1929.6,15436.8,1196.35
SO - 0007215,2016-09-21,175,Export,USD,AXW291,17,18,6,1105.5,6633,840.18
SO - 0007216,2016-09-21,74,Distributor,USD,AXW291,18,6,11,1112.2,12234.2,656.2
SO - 0007217,2016-09-21,146,Distributor,USD,FLR025,63,9,11,1011.7,11128.7,789.13
SO - 0007218,2016-09-21,39,Wholesale,USD,GUT930,39,3,6,1855.9,11135.4,1429.04
SO - 0007219,2016-09-21,24,Distributor,USD,NXH382,58,18,8,3986.5,31892,2750.69
SO - 0007220,2016-09-21,60,Distributor,USD,NXH382,56,15,6,2639.8,15838.8,1768.67
SO - 0007221,2016-09-22,52,Distributor,USD,AXW291,6,26,8,2304.8,18438.4,1129.35
SO - 0007222,2016-09-22,74,Distributor,USD,FLR025,60,15,6,1139,6834,546.72
SO - 0007223,2016-09-22,10,Distributor,USD,FLR025,64,19,9,2539.3,22853.7,1472.79
SO - 0007224,2016-09-22,51,Wholesale,USD,GUT930,44,2,8,2472.3,19778.4,1013.64
SO - 0007225,2016-09-22,102,Distributor,USD,GUT930,43,16,8,1695.1,13560.8,830.6
SO - 0007226,2016-09-22,71,Wholesale,USD,AXW291,22,18,5,1092.1,5460.5,797.23
SO - 0007227,2016-09-22,142,Wholesale,USD,GUT930,42,19,10,1721.9,17219,1050.36
SO - 0007228,2016-09-22,30,Wholesale,USD,AXW291,10,4,6,1051.9,6311.4,873.08
SO - 0007229,2016-09-22,143,Wholesale,USD,AXW291,2,9,6,3879.3,23275.8,2094.82
SO - 0007230,2016-09-22,67,Distributor,USD,AXW291,1,15,6,3899.4,23396.4,3275.5
SO - 0007231,2016-09-22,14,Export,USD,AXW291,28,26,5,5735.2,28676,2580.84
SO - 0007232,2016-09-22,171,Wholesale,USD,AXW291,31,1,6,3537.6,21225.6,1627.3
SO - 0007233,2016-09-22,137,Distributor,USD,AXW291,17,12,8,1132.3,9058.4,724.67
SO - 0007234,2016-09-22,99,Export,USD,AXW291,9,26,10,3825.7,38257,1759.82
SO - 0007235,2016-09-22,100,Wholesale,USD,NXH382,59,14,11,6492.3,71415.3,3895.38
SO - 0007236,2016-09-22,117,Distributor,USD,NXH382,54,14,10,998.3,9983,808.62
SO - 0007237,2016-09-23,79,Wholesale,USD,AXW291,16,26,6,1721.9,10331.4,947.05
SO - 0007238,2016-09-23,103,Wholesale,USD,AXW291,19,23,6,1963.1,11778.6,1472.33
SO - 0007239,2016-09-23,115,Wholesale,USD,AXW291,24,25,10,3906.1,39061,2695.21
SO - 0007240,2016-09-23,35,Wholesale,USD,FLR025,65,4,5,1038.5,5192.5,488.1
SO - 0007241,2016-09-23,130,Distributor,USD,AXW291,16,25,6,2010,12060,964.8
SO - 0007242,2016-09-23,45,Wholesale,USD,AXW291,3,26,12,1239.5,14874,805.68
SO - 0007243,2016-09-23,43,Distributor,USD,AXW291,5,20,12,2546,30552,1654.9
SO - 0007244,2016-09-23,156,Wholesale,USD,AXW291,5,26,11,1862.6,20488.6,745.04
SO - 0007245,2016-09-23,96,Export,USD,GUT930,33,25,8,2546,20368,1196.62
SO - 0007246,2016-09-23,82,Wholesale,USD,FLR025,63,29,8,221.1,1768.8,119.39
SO - 0007247,2016-09-23,167,Wholesale,USD,GUT930,33,13,12,3852.5,46230,2195.93
SO - 0007248,2016-09-24,169,Distributor,USD,GUT930,34,27,12,214.4,2572.8,120.06
SO - 0007249,2016-09-24,173,Export,USD,AXW291,17,14,8,5607.9,44863.2,4374.16
SO - 0007250,2016-09-24,76,Wholesale,USD,GUT930,42,25,5,1775.5,8877.5,1083.06
SO - 0007251,2016-09-24,83,Wholesale,USD,NXH382,58,26,6,763.8,4582.8,565.21
SO - 0007252,2016-09-24,71,Export,USD,AXW291,25,9,12,5386.8,64641.6,4417.18
SO - 0007253,2016-09-25,161,Export,USD,FLR025,61,25,10,1038.5,10385,571.18
SO - 0007254,2016-09-25,21,Export,USD,AXW291,9,21,9,1273,11457,814.72
SO - 0007255,2016-09-25,39,Export,USD,AXW291,7,25,8,1849.2,14793.6,1553.33
SO - 0007256,2016-09-25,4,Distributor,USD,NXH382,54,14,5,3979.8,19899,2308.28
SO - 0007257,2016-09-25,128,Distributor,USD,GUT930,37,6,12,1842.5,22110,1510.85
SO - 0007258,2016-09-25,166,Export,USD,GUT930,41,2,11,1326.6,14592.6,1101.08
SO - 0007259,2016-09-25,40,Export,USD,NXH382,49,26,12,897.8,10773.6,538.68
SO - 0007260,2016-09-25,138,Export,USD,NXH382,59,23,11,5219.3,57412.3,4332.02
SO - 0007261,2016-09-25,56,Distributor,USD,GUT930,36,14,10,964.8,9648,578.88
SO - 0007262,2016-09-25,133,Export,USD,AXW291,15,15,11,3343.3,36776.3,1604.78
SO - 0007263,2016-09-26,49,Distributor,USD,AXW291,29,21,11,1078.7,11865.7,755.09
SO - 0007264,2016-09-26,71,Wholesale,USD,GUT930,38,2,10,268,2680,211.72
SO - 0007265,2016-09-26,69,Export,USD,GUT930,38,16,8,837.5,6700,452.25
SO - 0007266,2016-09-26,3,Distributor,USD,AXW291,16,3,9,3959.7,35637.3,1623.48
SO - 0007267,2016-09-26,55,Distributor,USD,AXW291,25,14,10,1695.1,16951,1440.84
SO - 0007268,2016-09-26,25,Wholesale,USD,FLR025,64,18,10,5159,51590,3301.76
SO - 0007269,2016-09-26,169,Wholesale,USD,NXH382,53,25,9,6204.2,55837.8,4280.9
SO - 0007270,2016-09-26,45,Wholesale,USD,AXW291,30,19,12,2472.3,29667.6,1236.15
SO - 0007271,2016-09-26,7,Wholesale,USD,AXW291,18,27,10,2512.5,25125,1030.13
SO - 0007272,2016-09-26,158,Wholesale,USD,FLR025,61,30,8,3993.2,31945.6,2795.24
SO - 0007273,2016-09-27,19,Distributor,USD,AXW291,23,12,11,6237.7,68614.7,4304.01
SO - 0007274,2016-09-27,136,Distributor,USD,NXH382,56,15,11,971.5,10686.5,505.18
SO - 0007275,2016-09-27,149,Wholesale,USD,AXW291,18,14,9,2318.2,20863.8,1089.55
SO - 0007276,2016-09-27,100,Export,USD,GUT930,46,14,7,1755.4,12287.8,1299
SO - 0007277,2016-09-27,2,Wholesale,USD,FLR025,65,1,11,3122.2,34344.2,1498.66
SO - 0007278,2016-09-28,107,Distributor,USD,AXW291,27,14,7,4020,28140,2452.2
SO - 0007279,2016-09-28,170,Wholesale,USD,AXW291,28,25,6,201,1206,104.52
SO - 0007280,2016-09-28,100,Distributor,USD,FLR025,66,19,9,2505.8,22552.2,1779.12
SO - 0007281,2016-09-28,35,Export,USD,AXW291,5,25,5,3979.8,19899,3144.04
SO - 0007282,2016-09-28,128,Wholesale,USD,AXW291,23,3,10,3939.6,39396,2048.59
SO - 0007283,2016-09-28,142,Wholesale,USD,AXW291,11,25,6,3892.7,23356.2,2880.6
SO - 0007284,2016-09-28,123,Export,USD,AXW291,20,7,7,1152.4,8066.8,898.87
SO - 0007285,2016-09-28,14,Distributor,USD,NXH382,53,14,7,1172.5,8207.5,949.73
SO - 0007286,2016-09-28,84,Wholesale,USD,AXW291,30,1,8,1038.5,8308,830.8
SO - 0007287,2016-09-28,112,Distributor,USD,AXW291,13,25,5,1065.3,5326.5,820.28
SO - 0007288,2016-09-29,41,Wholesale,USD,AXW291,22,6,6,1943,11658,893.78
SO - 0007289,2016-09-29,121,Wholesale,USD,GUT930,40,27,7,3986.5,27905.5,2989.88
SO - 0007290,2016-09-29,52,Wholesale,USD,NXH382,50,22,11,6070.2,66772.2,2670.89
SO - 0007291,2016-09-29,82,Wholesale,USD,GUT930,37,20,5,214.4,1072,177.95
SO - 0007292,2016-09-29,33,Wholesale,USD,NXH382,52,1,7,1112.2,7785.4,778.54
SO - 0007293,2016-09-29,130,Distributor,USD,NXH382,57,20,5,1018.4,5092,723.06
SO - 0007294,2016-09-29,114,Distributor,USD,AXW291,23,14,12,174.2,2090.4,94.07
SO - 0007295,2016-09-30,32,Wholesale,USD,FLR025,62,26,8,1011.7,8093.6,758.78
SO - 0007296,2016-09-30,171,Export,USD,AXW291,28,5,12,6251.1,75013.2,2938.02
SO - 0007297,2016-09-30,146,Distributor,USD,NXH382,58,25,9,3906.1,35154.9,2499.9
SO - 0007298,2016-09-30,45,Export,USD,GUT930,42,15,5,3142.3,15711.5,2513.84
SO - 0007299,2016-09-30,165,Distributor,USD,AXW291,16,1,7,1105.5,7738.5,906.51
SO - 0007300,2016-10-01,32,Wholesale,USD,AXW291,20,9,12,2539.3,30471.6,1244.26
SO - 0007301,2016-10-01,3,Wholesale,USD,AXW291,8,15,11,207.7,2284.7,85.16
SO - 0007302,2016-10-01,95,Distributor,USD,GUT930,41,17,8,3892.7,31141.6,2919.53
SO - 0007303,2016-10-01,143,Distributor,USD,AXW291,31,5,12,3276.3,39315.6,1998.54
SO - 0007304,2016-10-01,115,Distributor,USD,AXW291,17,25,11,2257.9,24836.9,1174.11
SO - 0007305,2016-10-02,97,Distributor,USD,GUT930,36,3,5,1038.5,5192.5,446.56
SO - 0007306,2016-10-02,54,Wholesale,USD,GUT930,42,16,9,2432.1,21888.9,1240.37
SO - 0007307,2016-10-02,118,Wholesale,USD,NXH382,49,4,12,2499.1,29989.2,1349.51
SO - 0007308,2016-10-02,150,Wholesale,USD,NXH382,49,18,9,1085.4,9768.6,510.14
SO - 0007309,2016-10-02,157,Wholesale,USD,AXW291,30,25,5,1031.8,5159,629.4
SO - 0007310,2016-10-02,127,Wholesale,USD,AXW291,10,13,6,5473.9,32843.4,2408.52
SO - 0007311,2016-10-02,58,Wholesale,USD,GUT930,44,12,9,214.4,1929.6,180.1
SO - 0007312,2016-10-02,69,Wholesale,USD,NXH382,49,15,6,4013.3,24079.8,3130.37
SO - 0007313,2016-10-02,174,Wholesale,USD,AXW291,23,30,7,3262.9,22840.3,2349.29
SO - 0007314,2016-10-02,91,Wholesale,USD,FLR025,66,8,10,3959.7,39597,3088.57
SO - 0007315,2016-10-03,163,Export,USD,NXH382,59,6,8,1206,9648,844.2
SO - 0007316,2016-10-03,158,Distributor,USD,AXW291,11,2,7,2793.9,19557.3,1452.83
SO - 0007317,2016-10-03,139,Export,USD,AXW291,10,26,7,1118.9,7832.3,525.88
SO - 0007318,2016-10-03,73,Wholesale,USD,GUT930,44,12,6,194.3,1165.8,110.75
SO - 0007319,2016-10-03,105,Distributor,USD,FLR025,60,3,11,6070.2,66772.2,3702.82
SO - 0007320,2016-10-03,13,Wholesale,USD,AXW291,16,18,5,1118.9,5594.5,794.42
SO - 0007321,2016-10-03,175,Wholesale,USD,GUT930,45,4,7,2559.4,17915.8,1638.02
SO - 0007322,2016-10-03,151,Wholesale,USD,AXW291,1,1,5,4020,20100,3095.4
SO - 0007323,2016-10-03,56,Wholesale,USD,AXW291,15,25,12,1762.1,21145.2,1497.79
SO - 0007324,2016-10-03,5,Distributor,USD,AXW291,24,21,9,1989.9,17909.1,1691.42
SO - 0007325,2016-10-04,18,Wholesale,USD,AXW291,23,1,10,1226.1,12261,674.36
SO - 0007326,2016-10-04,168,Distributor,USD,AXW291,11,7,10,2231.1,22311,1383.28
SO - 0007327,2016-10-04,13,Wholesale,USD,GUT930,39,25,9,817.4,7356.6,678.44
SO - 0007328,2016-10-04,148,Wholesale,USD,AXW291,5,17,6,3912.8,23476.8,2425.94
SO - 0007329,2016-10-04,109,Wholesale,USD,AXW291,6,15,11,3128.9,34417.9,2628.28
SO - 0007330,2016-10-04,121,Export,USD,GUT930,40,16,10,3510.8,35108,1930.94
SO - 0007331,2016-10-04,44,Export,USD,GUT930,41,29,10,1031.8,10318,546.85
SO - 0007332,2016-10-04,79,Wholesale,USD,AXW291,22,3,6,5889.3,35335.8,4711.44
SO - 0007333,2016-10-04,114,Distributor,USD,GUT930,39,26,6,1038.5,6231,768.49
SO - 0007334,2016-10-04,61,Wholesale,USD,GUT930,37,15,9,214.4,1929.6,135.07
SO - 0007335,2016-10-04,48,Distributor,USD,GUT930,40,25,6,1065.3,6391.8,671.14
SO - 0007336,2016-10-05,110,Distributor,USD,AXW291,1,25,11,1125.6,12381.6,619.08
SO - 0007337,2016-10-05,106,Export,USD,NXH382,49,20,5,1882.7,9413.5,1016.66
SO - 0007338,2016-10-05,45,Distributor,USD,GUT930,46,15,11,1125.6,12381.6,506.52
SO - 0007339,2016-10-05,86,Wholesale,USD,GUT930,43,16,6,2519.2,15115.2,1007.68
SO - 0007340,2016-10-05,71,Distributor,USD,NXH382,49,29,7,931.3,6519.1,428.4
SO - 0007341,2016-10-05,42,Distributor,USD,AXW291,21,6,11,2291.4,25205.4,1214.44
SO - 0007342,2016-10-05,125,Wholesale,USD,FLR025,66,16,7,3618,25326,2026.08
SO - 0007343,2016-10-05,55,Export,USD,NXH382,60,4,10,1132.3,11323,452.92
SO - 0007344,2016-10-05,105,Wholesale,USD,NXH382,53,22,12,1038.5,12462,508.87
SO - 0007345,2016-10-05,159,Wholesale,USD,FLR025,63,14,12,951.4,11416.8,447.16
SO - 0007346,2016-10-06,35,Distributor,USD,NXH382,57,25,10,1118.9,11189,883.93
SO - 0007347,2016-10-06,109,Wholesale,USD,AXW291,13,26,11,6023.3,66256.3,3734.45
SO - 0007348,2016-10-06,114,Wholesale,USD,GUT930,32,12,11,1835.8,20193.8,844.47
SO - 0007349,2016-10-06,17,Distributor,USD,AXW291,24,2,6,1112.2,6673.2,656.2
SO - 0007350,2016-10-06,145,Distributor,USD,GUT930,34,17,10,2351.7,23517,1128.82
SO - 0007351,2016-10-06,66,Export,USD,NXH382,59,26,6,1005,6030,633.15
SO - 0007352,2016-10-06,124,Wholesale,USD,GUT930,39,22,7,2284.7,15992.9,1347.97
SO - 0007353,2016-10-06,32,Export,USD,NXH382,47,14,11,5092,56012,4226.36
SO - 0007354,2016-10-07,8,Distributor,USD,GUT930,46,14,6,3845.8,23074.8,2845.89
SO - 0007355,2016-10-07,96,Wholesale,USD,FLR025,60,26,11,3671.6,40387.6,2459.97
SO - 0007356,2016-10-07,167,Distributor,USD,AXW291,11,13,7,1085.4,7597.8,846.61
SO - 0007357,2016-10-07,76,Wholesale,USD,AXW291,28,16,11,1105.5,12160.5,762.8
SO - 0007358,2016-10-07,105,Wholesale,USD,GUT930,31,26,6,3705.1,22230.6,2964.08
SO - 0007359,2016-10-07,39,Wholesale,USD,AXW291,4,19,9,2793.9,25145.1,2039.55
SO - 0007360,2016-10-07,30,Wholesale,USD,GUT930,36,13,11,2773.8,30511.8,1414.64
SO - 0007361,2016-10-07,52,Wholesale,USD,AXW291,6,11,11,201,2211,116.58
SO - 0007362,2016-10-07,126,Export,USD,AXW291,28,19,6,1031.8,6190.8,433.36
SO - 0007363,2016-10-08,3,Distributor,USD,GUT930,44,2,11,1929.6,21225.6,868.32
SO - 0007364,2016-10-08,104,Wholesale,USD,GUT930,38,25,8,4006.6,32052.8,2323.83
SO - 0007365,2016-10-08,156,Wholesale,USD,GUT930,42,4,5,6043.4,30217,2659.1
SO - 0007366,2016-10-08,103,Export,USD,AXW291,2,9,10,790.6,7906,545.51
SO - 0007367,2016-10-08,122,Wholesale,USD,AXW291,23,3,11,1031.8,11349.8,722.26
SO - 0007368,2016-10-08,169,Wholesale,USD,AXW291,15,2,11,5896,64856,3183.84
SO - 0007369,2016-10-08,140,Wholesale,USD,NXH382,55,16,8,5272.9,42183.2,2372.81
SO - 0007370,2016-10-09,5,Distributor,USD,AXW291,21,20,5,3859.2,19296,2469.89
SO - 0007371,2016-10-09,15,Distributor,USD,AXW291,10,13,7,1326.6,9286.2,703.1
SO - 0007372,2016-10-09,154,Distributor,USD,AXW291,15,5,10,5266.2,52662,3528.35
SO - 0007373,2016-10-09,12,Wholesale,USD,FLR025,64,12,6,6009.9,36059.4,4928.12
SO - 0007374,2016-10-09,84,Wholesale,USD,NXH382,47,30,10,1882.7,18827,1110.79
SO - 0007375,2016-10-09,36,Distributor,USD,NXH382,51,17,12,261.3,3135.6,214.27
SO - 0007376,2016-10-09,59,Wholesale,USD,AXW291,12,13,8,3879.3,31034.4,1862.06
SO - 0007377,2016-10-09,83,Wholesale,USD,NXH382,54,25,11,1092.1,12013.1,436.84
SO - 0007378,2016-10-09,32,Distributor,USD,AXW291,15,2,7,1775.5,12428.5,1473.67
SO - 0007379,2016-10-09,115,Wholesale,USD,AXW291,18,19,9,1728.6,15557.4,933.44
SO - 0007380,2016-10-10,107,Wholesale,USD,NXH382,53,25,10,1112.2,11122,600.59
SO - 0007381,2016-10-10,5,Wholesale,USD,NXH382,55,3,5,1989.9,9949.5,1631.72
SO - 0007382,2016-10-10,109,Wholesale,USD,NXH382,54,19,6,3926.2,23557.2,2316.46
SO - 0007383,2016-10-10,45,Wholesale,USD,NXH382,54,15,10,3852.5,38525,2234.45
SO - 0007384,2016-10-10,51,Wholesale,USD,AXW291,27,21,6,837.5,5025,619.75
SO - 0007385,2016-10-10,136,Wholesale,USD,GUT930,39,11,10,2271.3,22713,1748.9
SO - 0007386,2016-10-10,46,Wholesale,USD,AXW291,5,7,10,207.7,2077,137.08
SO - 0007387,2016-10-10,166,Wholesale,USD,NXH382,50,26,8,938,7504,731.64
SO - 0007388,2016-10-11,110,Export,USD,NXH382,48,25,9,3142.3,28280.7,1445.46
SO - 0007389,2016-10-11,135,Distributor,USD,GUT930,33,7,10,2458.9,24589,2016.3
SO - 0007390,2016-10-11,83,Wholesale,USD,AXW291,3,3,9,3939.6,35456.4,2718.32
SO - 0007391,2016-10-11,162,Wholesale,USD,FLR025,66,21,12,1829.1,21949.2,1280.37
SO - 0007392,2016-10-11,19,Distributor,USD,NXH382,56,21,8,964.8,7718.4,742.9
SO - 0007393,2016-10-11,67,Export,USD,NXH382,52,24,8,1051.9,8415.2,704.77
SO - 0007394,2016-10-11,132,Wholesale,USD,AXW291,26,4,6,207.7,1246.2,149.54
SO - 0007395,2016-10-11,3,Distributor,USD,GUT930,36,3,10,1085.4,10854,651.24
SO - 0007396,2016-10-11,49,Distributor,USD,GUT930,39,26,8,690.1,5520.8,503.77
SO - 0007397,2016-10-11,134,Wholesale,USD,GUT930,42,5,9,1949.7,17547.3,1072.34
SO - 0007398,2016-10-11,28,Wholesale,USD,NXH382,56,26,12,241.2,2894.4,127.84
SO - 0007399,2016-10-11,62,Wholesale,USD,AXW291,23,9,8,2499.1,19992.8,1499.46
SO - 0007400,2016-10-11,146,Wholesale,USD,FLR025,60,25,6,3899.4,23396.4,2612.6
SO - 0007401,2016-10-11,117,Wholesale,USD,NXH382,48,10,12,1715.2,20582.4,874.75
SO - 0007402,2016-10-12,6,Distributor,USD,NXH382,51,15,6,2331.6,13989.6,1095.85
SO - 0007403,2016-10-12,42,Distributor,USD,AXW291,25,15,7,991.6,6941.2,485.88
SO - 0007404,2016-10-12,162,Wholesale,USD,NXH382,48,26,9,5936.2,53425.8,3561.72
SO - 0007405,2016-10-12,74,Wholesale,USD,NXH382,54,4,8,891.1,7128.8,623.77
SO - 0007406,2016-10-12,164,Wholesale,USD,AXW291,5,16,10,1708.5,17085,1008.02
SO - 0007407,2016-10-12,50,Distributor,USD,FLR025,62,26,12,1889.4,22672.8,963.59
SO - 0007408,2016-10-12,134,Wholesale,USD,FLR025,62,19,12,5540.9,66490.8,2659.63
SO - 0007409,2016-10-13,38,Distributor,USD,NXH382,55,14,9,6003.2,54028.8,2401.28
SO - 0007410,2016-10-13,152,Wholesale,USD,AXW291,24,14,6,864.3,5185.8,656.87
SO - 0007411,2016-10-13,144,Wholesale,USD,AXW291,17,4,10,1092.1,10921,502.37
SO - 0007412,2016-10-14,76,Wholesale,USD,GUT930,43,1,12,2452.2,29426.4,1814.63
SO - 0007413,2016-10-14,107,Wholesale,USD,FLR025,65,27,7,207.7,1453.9,176.55
SO - 0007414,2016-10-14,123,Export,USD,AXW291,23,14,12,5313.1,63757.2,2815.94
SO - 0007415,2016-10-14,91,Wholesale,USD,AXW291,20,3,5,1132.3,5661.5,826.58
SO - 0007416,2016-10-14,171,Distributor,USD,NXH382,48,23,5,3953,19765,1699.79
SO - 0007417,2016-10-14,53,Wholesale,USD,AXW291,15,11,9,5440.4,48963.6,4461.13
SO - 0007418,2016-10-14,159,Wholesale,USD,AXW291,28,30,6,1011.7,6070.2,829.59
SO - 0007419,2016-10-14,52,Wholesale,USD,FLR025,61,15,6,716.9,4301.4,509
SO - 0007420,2016-10-14,125,Export,USD,GUT930,37,15,6,207.7,1246.2,153.7
SO - 0007421,2016-10-14,26,Wholesale,USD,FLR025,65,5,10,3839.1,38391,2303.46
SO - 0007422,2016-10-14,86,Wholesale,USD,GUT930,43,26,6,3383.5,20301,2774.47
SO - 0007423,2016-10-15,79,Distributor,USD,AXW291,4,8,7,857.6,6003.2,445.95
SO - 0007424,2016-10-15,143,Wholesale,USD,AXW291,3,23,7,730.3,5112.1,496.6
SO - 0007425,2016-10-15,73,Distributor,USD,AXW291,6,10,7,1902.8,13319.6,1065.57
SO - 0007426,2016-10-15,35,Export,USD,NXH382,52,16,6,2994.9,17969.4,2455.82
SO - 0007427,2016-10-15,7,Wholesale,USD,AXW291,27,25,8,3986.5,31892,2072.98
SO - 0007428,2016-10-15,28,Distributor,USD,NXH382,59,4,7,770.5,5393.5,562.47
SO - 0007429,2016-10-16,55,Wholesale,USD,AXW291,2,3,6,3966.4,23798.4,2974.8
SO - 0007430,2016-10-16,171,Distributor,USD,NXH382,51,3,8,944.7,7557.6,651.84
SO - 0007431,2016-10-16,94,Distributor,USD,AXW291,17,22,9,911.2,8200.8,537.61
SO - 0007432,2016-10-16,66,Wholesale,USD,AXW291,7,4,7,2519.2,17634.4,1662.67
SO - 0007433,2016-10-16,130,Export,USD,AXW291,22,14,7,241.2,1688.4,154.37
SO - 0007434,2016-10-16,119,Wholesale,USD,AXW291,22,14,10,1768.8,17688,1238.16
SO - 0007435,2016-10-16,128,Wholesale,USD,GUT930,34,18,8,1118.9,8951.2,839.18
SO - 0007436,2016-10-16,36,Wholesale,USD,NXH382,52,25,11,1232.8,13560.8,813.65
SO - 0007437,2016-10-16,58,Export,USD,AXW291,18,23,11,3819,42009,2902.44
SO - 0007438,2016-10-16,173,Export,USD,NXH382,57,3,7,3919.5,27436.5,2508.48
SO - 0007439,2016-10-16,145,Distributor,USD,AXW291,3,11,5,3028.4,15142,1907.89
SO - 0007440,2016-10-16,6,Wholesale,USD,AXW291,5,22,5,227.8,1139,157.18
SO - 0007441,2016-10-16,118,Wholesale,USD,FLR025,61,1,6,1882.7,11296.2,1581.47
SO - 0007442,2016-10-17,117,Distributor,USD,GUT930,38,13,5,864.3,4321.5,363.01
SO - 0007443,2016-10-17,156,Wholesale,USD,AXW291,19,8,5,2800.6,14003,2380.51
SO - 0007444,2016-10-17,137,Wholesale,USD,GUT930,36,22,7,1125.6,7879.2,596.57
SO - 0007445,2016-10-17,154,Wholesale,USD,AXW291,15,19,7,5889.3,41225.1,4711.44
SO - 0007446,2016-10-17,172,Export,USD,NXH382,57,26,12,1045.2,12542.4,846.61
SO - 0007447,2016-10-17,78,Distributor,USD,AXW291,3,3,9,5071.9,45647.1,4311.12
SO - 0007448,2016-10-17,162,Export,USD,GUT930,38,27,8,2358.4,18867.2,1815.97
SO - 0007449,2016-10-18,53,Distributor,USD,GUT930,35,30,7,1909.5,13366.5,801.99
SO - 0007450,2016-10-18,69,Distributor,USD,AXW291,2,30,9,884.4,7959.6,548.33
SO - 0007451,2016-10-18,66,Export,USD,GUT930,37,17,11,944.7,10391.7,472.35
SO - 0007452,2016-10-18,150,Wholesale,USD,AXW291,14,6,5,3658.2,18291,2487.58
SO - 0007453,2016-10-19,104,Export,USD,AXW291,18,13,12,730.3,8763.6,452.79
SO - 0007454,2016-10-19,97,Wholesale,USD,AXW291,5,6,12,3852.5,46230,3082
SO - 0007455,2016-10-19,15,Distributor,USD,NXH382,59,20,6,1045.2,6271.2,449.44
SO - 0007456,2016-10-19,78,Distributor,USD,AXW291,10,18,12,1896.1,22753.2,796.36
SO - 0007457,2016-10-19,163,Distributor,USD,FLR025,61,15,8,1045.2,8361.6,637.57
SO - 0007458,2016-10-19,80,Wholesale,USD,NXH382,58,5,5,1112.2,5561,633.95
SO - 0007459,2016-10-19,150,Wholesale,USD,AXW291,28,1,5,1025.1,5125.5,717.57
SO - 0007460,2016-10-19,155,Wholesale,USD,AXW291,1,5,10,1011.7,10117,556.44
SO - 0007461,2016-10-19,98,Wholesale,USD,AXW291,14,26,5,3892.7,19463.5,2763.82
SO - 0007462,2016-10-19,165,Wholesale,USD,GUT930,39,26,7,2338.3,16368.1,1823.87
SO - 0007463,2016-10-20,92,Wholesale,USD,NXH382,49,18,10,227.8,2278,102.51
SO - 0007464,2016-10-20,134,Wholesale,USD,NXH382,57,8,9,1078.7,9708.3,765.88
SO - 0007465,2016-10-20,97,Wholesale,USD,GUT930,36,15,9,1038.5,9346.5,747.72
SO - 0007466,2016-10-20,63,Export,USD,AXW291,20,26,7,3296.4,23074.8,2340.44
SO - 0007467,2016-10-20,60,Distributor,USD,NXH382,47,16,8,1038.5,8308,425.79
SO - 0007468,2016-10-20,65,Distributor,USD,FLR025,60,15,6,2592.9,15557.4,2100.25
SO - 0007469,2016-10-21,143,Export,USD,NXH382,49,2,11,2425.4,26679.4,1600.76
SO - 0007470,2016-10-21,95,Wholesale,USD,NXH382,58,19,11,5078.6,55864.6,4113.67
SO - 0007471,2016-10-21,22,Wholesale,USD,NXH382,51,5,5,1065.3,5326.5,543.3
SO - 0007472,2016-10-21,55,Wholesale,USD,GUT930,43,23,5,1762.1,8810.5,1444.92
SO - 0007473,2016-10-21,66,Distributor,USD,FLR025,64,1,7,2599.6,18197.2,1819.72
SO - 0007474,2016-10-21,174,Wholesale,USD,AXW291,8,10,10,2646.5,26465,1482.04
SO - 0007475,2016-10-21,115,Export,USD,GUT930,37,25,12,951.4,11416.8,780.15
SO - 0007476,2016-10-22,54,Export,USD,AXW291,2,15,11,2432.1,26753.1,1970
SO - 0007477,2016-10-22,151,Distributor,USD,FLR025,62,8,5,5916.1,29580.5,4673.72
SO - 0007478,2016-10-22,63,Wholesale,USD,AXW291,12,25,8,1139,9112,694.79
SO - 0007479,2016-10-22,55,Export,USD,GUT930,45,25,12,2546,30552,1884.04
SO - 0007480,2016-10-22,50,Distributor,USD,FLR025,64,15,10,931.3,9313,530.84
SO - 0007481,2016-10-22,53,Distributor,USD,AXW291,26,25,9,3953,35577,3360.05
SO - 0007482,2016-10-22,23,Wholesale,USD,AXW291,12,20,7,3068.6,21480.2,2454.88
SO - 0007483,2016-10-22,169,Distributor,USD,NXH382,56,25,9,944.7,8502.3,566.82
SO - 0007484,2016-10-22,125,Distributor,USD,AXW291,13,18,7,1239.5,8676.5,842.86
SO - 0007485,2016-10-22,24,Distributor,USD,NXH382,51,26,11,2338.3,25721.3,1286.07
SO - 0007486,2016-10-22,99,Distributor,USD,AXW291,7,27,5,2445.5,12227.5,1760.76
SO - 0007487,2016-10-22,19,Distributor,USD,AXW291,11,3,6,214.4,1286.4,145.79
SO - 0007488,2016-10-23,27,Wholesale,USD,AXW291,13,15,10,877.7,8777,561.73
SO - 0007489,2016-10-23,79,Distributor,USD,AXW291,11,27,9,2398.6,21587.4,1703.01
SO - 0007490,2016-10-23,165,Wholesale,USD,FLR025,63,14,8,3999.9,31999.2,2919.93
SO - 0007491,2016-10-23,45,Wholesale,USD,NXH382,48,15,9,2412,21708,1664.28
SO - 0007492,2016-10-23,22,Wholesale,USD,GUT930,33,22,10,2981.5,29815,1759.09
SO - 0007493,2016-10-23,94,Wholesale,USD,GUT930,39,18,8,2351.7,18813.6,1293.44
SO - 0007494,2016-10-23,169,Wholesale,USD,AXW291,6,6,10,1943,19430,796.63
SO - 0007495,2016-10-23,105,Distributor,USD,AXW291,30,9,8,696.8,5574.4,292.66
SO - 0007496,2016-10-24,25,Wholesale,USD,AXW291,12,12,8,1051.9,8415.2,557.51
SO - 0007497,2016-10-24,110,Wholesale,USD,AXW291,20,1,6,4020,24120,2653.2
SO - 0007498,2016-10-24,87,Distributor,USD,FLR025,63,4,9,1045.2,9406.8,836.16
SO - 0007499,2016-10-24,149,Wholesale,USD,AXW291,8,2,9,750.4,6753.6,637.84
SO - 0007500,2016-10-24,15,Wholesale,USD,GUT930,43,23,11,1192.6,13118.6,644
SO - 0007501,2016-10-24,161,Distributor,USD,GUT930,42,5,8,3959.7,31677.6,2098.64
SO - 0007502,2016-10-24,87,Wholesale,USD,NXH382,58,1,6,1996.6,11979.6,1417.59
SO - 0007503,2016-10-24,79,Wholesale,USD,NXH382,50,25,8,837.5,6700,711.88
SO - 0007504,2016-10-24,130,Distributor,USD,GUT930,45,25,7,1909.5,13366.5,1145.7
SO - 0007505,2016-10-24,149,Distributor,USD,NXH382,59,30,10,1011.7,10117,799.24
SO - 0007506,2016-10-24,42,Export,USD,AXW291,19,17,8,1695.1,13560.8,983.16
SO - 0007507,2016-10-25,156,Wholesale,USD,AXW291,13,14,5,1701.8,8509,1412.49
SO - 0007508,2016-10-25,117,Export,USD,GUT930,41,3,7,964.8,6753.6,588.53
SO - 0007509,2016-10-25,104,Distributor,USD,GUT930,37,25,6,3557.7,21346.2,1814.43
SO - 0007510,2016-10-25,131,Wholesale,USD,AXW291,4,5,9,3035.1,27315.9,1335.44
SO - 0007511,2016-10-25,72,Distributor,USD,NXH382,57,9,9,1031.8,9286.2,650.03
SO - 0007512,2016-10-25,39,Distributor,USD,FLR025,64,18,7,1179.2,8254.4,554.22
SO - 0007513,2016-10-25,147,Distributor,USD,NXH382,49,14,7,5648.1,39536.7,3501.82
SO - 0007514,2016-10-25,90,Wholesale,USD,AXW291,10,14,6,2519.2,15115.2,1914.59
SO - 0007515,2016-10-26,148,Wholesale,USD,FLR025,61,2,6,1782.2,10693.2,1051.5
SO - 0007516,2016-10-26,165,Wholesale,USD,AXW291,5,10,9,3758.7,33828.3,2706.26
SO - 0007517,2016-10-26,141,Wholesale,USD,NXH382,59,20,9,1139,10251,592.28
SO - 0007518,2016-10-26,78,Wholesale,USD,GUT930,35,28,11,254.6,2800.6,157.85
SO - 0007519,2016-10-26,141,Wholesale,USD,GUT930,35,27,11,1929.6,21225.6,1138.46
SO - 0007520,2016-10-26,18,Wholesale,USD,AXW291,15,18,11,3879.3,42672.3,2366.37
SO - 0007521,2016-10-26,90,Distributor,USD,NXH382,50,3,7,2351.7,16461.9,1787.29
SO - 0007522,2016-10-26,10,Wholesale,USD,AXW291,19,25,11,1139,12529,763.13
SO - 0007523,2016-10-26,4,Wholesale,USD,GUT930,33,2,12,2010,24120,1005
SO - 0007524,2016-10-26,91,Export,USD,NXH382,57,9,6,1172.5,7035,961.45
SO - 0007525,2016-10-26,49,Export,USD,GUT930,36,7,10,1333.3,13333,533.32
SO - 0007526,2016-10-27,166,Wholesale,USD,AXW291,3,28,11,5246.1,57707.1,3042.74
SO - 0007527,2016-10-27,6,Wholesale,USD,AXW291,2,1,6,1159.1,6954.6,869.33
SO - 0007528,2016-10-27,118,Wholesale,USD,AXW291,7,15,6,2921.2,17527.2,2307.75
SO - 0007529,2016-10-27,88,Distributor,USD,AXW291,31,16,5,5165.7,25828.5,4235.87
SO - 0007530,2016-10-27,85,Export,USD,GUT930,37,25,7,6291.3,44039.1,5158.87
SO - 0007531,2016-10-27,9,Wholesale,USD,NXH382,59,27,10,1869.3,18693,1345.9
SO - 0007532,2016-10-27,175,Wholesale,USD,GUT930,35,2,8,3959.7,31677.6,2930.18
SO - 0007533,2016-10-27,117,Wholesale,USD,AXW291,23,4,6,2371.8,14230.8,1209.62
SO - 0007534,2016-10-27,135,Wholesale,USD,GUT930,44,3,10,221.1,2211,90.65
SO - 0007535,2016-10-28,15,Export,USD,GUT930,44,14,9,201,1809,102.51
SO - 0007536,2016-10-28,86,Export,USD,AXW291,13,4,7,174.2,1219.4,120.2
SO - 0007537,2016-10-28,111,Wholesale,USD,GUT930,40,14,7,1989.9,13929.3,1114.34
SO - 0007538,2016-10-28,144,Wholesale,USD,AXW291,24,19,6,2566.1,15396.6,1950.24
SO - 0007539,2016-10-28,66,Distributor,USD,AXW291,25,2,11,1112.2,12234.2,500.49
SO - 0007540,2016-10-28,90,Wholesale,USD,NXH382,58,3,10,1708.5,17085,1383.89
SO - 0007541,2016-10-28,18,Wholesale,USD,GUT930,32,13,10,924.6,9246,499.28
SO - 0007542,2016-10-28,9,Wholesale,USD,AXW291,18,29,9,3899.4,35094.6,3275.5
SO - 0007543,2016-10-28,2,Wholesale,USD,AXW291,18,1,5,1118.9,5594.5,850.36
SO - 0007544,2016-10-29,155,Wholesale,USD,GUT930,39,13,8,683.4,5467.2,444.21
SO - 0007545,2016-10-29,76,Wholesale,USD,AXW291,31,6,6,5333.2,31999.2,2986.59
SO - 0007546,2016-10-29,168,Distributor,USD,AXW291,14,21,10,1748.7,17487,1381.47
SO - 0007547,2016-10-29,141,Wholesale,USD,FLR025,62,2,5,221.1,1105.5,101.71
SO - 0007548,2016-10-29,36,Distributor,USD,AXW291,23,28,11,1681.7,18498.7,1227.64
SO - 0007549,2016-10-29,112,Wholesale,USD,AXW291,3,25,9,817.4,7356.6,531.31
SO - 0007550,2016-10-29,15,Wholesale,USD,AXW291,8,4,6,964.8,5788.8,578.88
SO - 0007551,2016-10-29,79,Export,USD,GUT930,43,13,8,978.2,7825.6,401.06
SO - 0007552,2016-10-29,77,Wholesale,USD,AXW291,17,1,5,4006.6,20033,2043.37
SO - 0007553,2016-10-30,113,Export,USD,GUT930,37,15,9,1038.5,9346.5,695.8
SO - 0007554,2016-10-30,36,Wholesale,USD,AXW291,12,20,5,2452.2,12261,1741.06
SO - 0007555,2016-10-30,163,Wholesale,USD,NXH382,57,14,7,1708.5,11959.5,1042.19
SO - 0007556,2016-10-30,129,Distributor,USD,GUT930,42,19,5,5969.7,29848.5,4417.58
SO - 0007557,2016-10-30,142,Wholesale,USD,GUT930,34,26,5,1902.8,9514,761.12
SO - 0007558,2016-10-30,140,Distributor,USD,AXW291,15,30,12,2479,29748,1041.18
SO - 0007559,2016-10-30,21,Wholesale,USD,AXW291,10,3,9,3289.7,29607.3,2500.17
SO - 0007560,2016-10-30,89,Wholesale,USD,GUT930,44,26,8,1078.7,8629.6,787.45
SO - 0007561,2016-10-31,123,Wholesale,USD,FLR025,65,16,6,2626.4,15758.4,1680.9
SO - 0007562,2016-10-31,129,Wholesale,USD,AXW291,27,2,5,5487.3,27436.5,3292.38
SO - 0007563,2016-10-31,124,Export,USD,AXW291,13,29,12,2639.8,31677.6,1293.5
SO - 0007564,2016-10-31,135,Wholesale,USD,AXW291,6,5,6,1165.8,6994.8,512.95
SO - 0007565,2016-10-31,17,Wholesale,USD,AXW291,19,30,6,1092.1,6552.6,797.23
SO - 0007566,2016-10-31,45,Wholesale,USD,FLR025,66,26,9,6539.2,58852.8,2942.64
SO - 0007567,2016-10-31,55,Wholesale,USD,AXW291,10,9,5,1105.5,5527.5,729.63
SO - 0007568,2016-10-31,125,Wholesale,USD,AXW291,16,27,8,1098.8,8790.4,879.04
SO - 0007569,2016-10-31,44,Distributor,USD,FLR025,66,27,10,884.4,8844,725.21
SO - 0007570,2016-10-31,24,Wholesale,USD,GUT930,42,26,9,1755.4,15798.6,877.7
SO - 0007571,2016-10-31,158,Distributor,USD,AXW291,16,13,12,1098.8,13185.6,648.29
SO - 0007572,2016-10-31,89,Wholesale,USD,AXW291,21,5,12,1065.3,12783.6,458.08
SO - 0007573,2016-10-31,74,Wholesale,USD,AXW291,7,26,12,1815.7,21788.4,980.48
SO - 0007574,2016-10-31,31,Wholesale,USD,GUT930,42,30,8,5152.3,41218.4,2576.15
SO - 0007575,2016-11-01,71,Wholesale,USD,GUT930,35,6,12,2579.5,30954,1212.37
SO - 0007576,2016-11-01,76,Distributor,USD,NXH382,56,27,11,891.1,9802.1,356.44
SO - 0007577,2016-11-01,110,Distributor,USD,GUT930,33,25,12,1038.5,12462,591.95
SO - 0007578,2016-11-01,153,Distributor,USD,GUT930,44,26,9,951.4,8562.6,704.04
SO - 0007579,2016-11-01,107,Wholesale,USD,AXW291,4,17,12,931.3,11175.6,651.91
SO - 0007580,2016-11-01,27,Wholesale,USD,GUT930,38,6,5,3450.5,17252.5,2346.34
SO - 0007581,2016-11-01,117,Distributor,USD,GUT930,42,12,12,998.3,11979.6,628.93
SO - 0007582,2016-11-01,70,Wholesale,USD,GUT930,43,14,9,3932.9,35396.1,2831.69
SO - 0007583,2016-11-01,59,Wholesale,USD,AXW291,11,25,10,3698.4,36984,3106.66
SO - 0007584,2016-11-01,57,Distributor,USD,AXW291,21,26,8,1788.9,14311.2,966.01
SO - 0007585,2016-11-01,67,Distributor,USD,GUT930,34,21,6,971.5,5829,777.2
SO - 0007586,2016-11-01,139,Distributor,USD,NXH382,59,13,10,2525.9,25259,1742.87
SO - 0007587,2016-11-02,134,Export,USD,AXW291,1,13,10,2391.9,23919,1363.38
SO - 0007588,2016-11-02,74,Distributor,USD,AXW291,23,13,6,991.6,5949.6,743.7
SO - 0007589,2016-11-02,31,Export,USD,NXH382,60,16,11,234.5,2579.5,157.12
SO - 0007590,2016-11-02,74,Wholesale,USD,AXW291,29,5,12,3886,46632,1904.14
SO - 0007591,2016-11-02,24,Wholesale,USD,AXW291,31,25,5,5246.1,26230.5,3619.81
SO - 0007592,2016-11-02,142,Wholesale,USD,NXH382,59,20,9,3973.1,35757.9,2185.21
SO - 0007593,2016-11-02,135,Wholesale,USD,NXH382,49,19,12,227.8,2733.6,107.07
SO - 0007594,2016-11-02,115,Wholesale,USD,NXH382,51,14,9,167.5,1507.5,73.7
SO - 0007595,2016-11-02,107,Distributor,USD,AXW291,12,27,6,1051.9,6311.4,662.7
SO - 0007596,2016-11-02,10,Wholesale,USD,NXH382,56,25,10,2217.7,22177,1153.2
SO - 0007597,2016-11-02,41,Export,USD,NXH382,57,23,12,1132.3,13587.6,951.13
SO - 0007598,2016-11-02,153,Export,USD,GUT930,45,6,12,1085.4,13024.8,477.58
SO - 0007599,2016-11-02,73,Wholesale,USD,NXH382,58,24,9,958.1,8622.9,603.6
SO - 0007600,2016-11-02,98,Distributor,USD,NXH382,55,7,5,3651.5,18257.5,2409.99
SO - 0007601,2016-11-03,42,Wholesale,USD,FLR025,65,29,11,1996.6,21962.6,1098.13
SO - 0007602,2016-11-03,105,Distributor,USD,AXW291,24,19,5,3631.4,18157,2033.58
SO - 0007603,2016-11-03,42,Wholesale,USD,FLR025,63,5,9,6472.2,58249.8,5371.93
SO - 0007604,2016-11-03,54,Wholesale,USD,AXW291,30,2,12,1896.1,22753.2,1573.76
SO - 0007605,2016-11-03,102,Wholesale,USD,NXH382,56,14,7,1835.8,12850.6,1193.27
SO - 0007606,2016-11-03,4,Distributor,USD,NXH382,59,4,8,3966.4,31731.2,1626.22
SO - 0007607,2016-11-04,151,Distributor,USD,AXW291,21,5,11,2860.9,31469.9,1316.01
SO - 0007608,2016-11-04,4,Distributor,USD,NXH382,53,15,10,1983.2,19832,1606.39
SO - 0007609,2016-11-04,165,Wholesale,USD,NXH382,47,25,9,1132.3,10190.7,622.77
SO - 0007610,2016-11-04,114,Distributor,USD,NXH382,51,13,9,991.6,8924.4,436.3
SO - 0007611,2016-11-04,10,Wholesale,USD,AXW291,30,14,5,2566.1,12830.5,1026.44
SO - 0007612,2016-11-04,78,Distributor,USD,AXW291,17,25,6,1165.8,6994.8,617.87
SO - 0007613,2016-11-04,161,Distributor,USD,AXW291,4,8,6,268,1608,152.76
SO - 0007614,2016-11-04,51,Wholesale,USD,FLR025,61,25,11,214.4,2358.4,126.5
SO - 0007615,2016-11-05,128,Wholesale,USD,NXH382,49,13,6,167.5,1005,125.63
SO - 0007616,2016-11-05,161,Distributor,USD,AXW291,29,15,10,1139,11390,455.6
SO - 0007617,2016-11-05,44,Distributor,USD,GUT930,34,5,10,2519.2,25192,1435.94
SO - 0007618,2016-11-05,41,Export,USD,NXH382,47,13,8,2653.2,21225.6,1167.41
SO - 0007619,2016-11-05,53,Distributor,USD,AXW291,5,25,5,167.5,837.5,142.38
SO - 0007620,2016-11-05,43,Distributor,USD,GUT930,37,6,9,1963.1,17667.9,1629.37
SO - 0007621,2016-11-05,69,Distributor,USD,AXW291,7,7,7,174.2,1219.4,74.91
SO - 0007622,2016-11-06,127,Wholesale,USD,AXW291,30,17,7,3463.9,24247.3,2909.68
SO - 0007623,2016-11-06,64,Export,USD,GUT930,42,13,7,4006.6,28046.2,3165.21
SO - 0007624,2016-11-06,127,Export,USD,NXH382,55,1,11,3959.7,43556.7,1742.27
SO - 0007625,2016-11-06,39,Export,USD,GUT930,42,8,8,1822.4,14579.2,1221.01
SO - 0007626,2016-11-06,114,Wholesale,USD,FLR025,63,13,8,2311.5,18492,1525.59
SO - 0007627,2016-11-06,95,Wholesale,USD,FLR025,66,19,10,891.1,8911,623.77
SO - 0007628,2016-11-06,90,Export,USD,AXW291,23,15,5,207.7,1038.5,97.62
SO - 0007629,2016-11-06,18,Distributor,USD,GUT930,32,13,8,1279.7,10237.6,678.24
SO - 0007630,2016-11-06,91,Distributor,USD,GUT930,32,1,11,227.8,2505.8,100.23
SO - 0007631,2016-11-07,119,Distributor,USD,GUT930,32,1,8,1018.4,8147.2,661.96
SO - 0007632,2016-11-07,33,Distributor,USD,AXW291,1,10,10,3939.6,39396,1851.61
SO - 0007633,2016-11-07,22,Distributor,USD,AXW291,31,3,7,1005,7035,572.85
SO - 0007634,2016-11-07,108,Wholesale,USD,NXH382,56,14,9,1085.4,9768.6,835.76
SO - 0007635,2016-11-07,31,Wholesale,USD,GUT930,44,10,10,3872.6,38726,2749.55
SO - 0007636,2016-11-07,99,Distributor,USD,NXH382,56,8,9,4006.6,36059.4,2283.76
SO - 0007637,2016-11-07,107,Distributor,USD,AXW291,7,2,12,234.5,2814,126.63
SO - 0007638,2016-11-08,89,Wholesale,USD,NXH382,55,14,11,1078.7,11865.7,701.16
SO - 0007639,2016-11-08,118,Distributor,USD,AXW291,18,6,5,2525.9,12629.5,1288.21
SO - 0007640,2016-11-08,142,Wholesale,USD,GUT930,32,5,8,2385.2,19081.6,1645.79
SO - 0007641,2016-11-08,161,Distributor,USD,AXW291,2,15,10,201,2010,168.84
SO - 0007642,2016-11-08,125,Distributor,USD,NXH382,55,16,6,1051.9,6311.4,704.77
SO - 0007643,2016-11-09,161,Wholesale,USD,AXW291,16,13,6,911.2,5467.2,446.49
SO - 0007644,2016-11-09,128,Distributor,USD,FLR025,62,9,12,1748.7,20984.4,1206.6
SO - 0007645,2016-11-09,74,Distributor,USD,NXH382,48,19,7,1252.9,8770.3,764.27
SO - 0007646,2016-11-09,117,Distributor,USD,GUT930,46,2,7,3886,27202,2914.5
SO - 0007647,2016-11-09,162,Wholesale,USD,AXW291,3,14,8,984.9,7879.2,827.32
SO - 0007648,2016-11-09,66,Wholesale,USD,GUT930,45,25,12,1098.8,13185.6,846.08
SO - 0007649,2016-11-09,138,Export,USD,AXW291,31,17,6,1132.3,6793.8,928.49
SO - 0007650,2016-11-09,162,Wholesale,USD,FLR025,61,2,11,5239.4,57633.4,3824.76
SO - 0007651,2016-11-10,58,Export,USD,AXW291,15,10,9,194.3,1748.7,108.81
SO - 0007652,2016-11-10,150,Wholesale,USD,NXH382,50,25,12,2673.3,32079.6,1229.72
SO - 0007653,2016-11-10,87,Export,USD,GUT930,35,1,10,938,9380,665.98
SO - 0007654,2016-11-10,107,Distributor,USD,AXW291,2,27,11,2606.3,28669.3,1668.03
SO - 0007655,2016-11-10,14,Wholesale,USD,AXW291,20,3,11,1025.1,11276.1,871.34
SO - 0007656,2016-11-10,74,Distributor,USD,GUT930,33,3,9,247.9,2231.1,143.78
SO - 0007657,2016-11-10,106,Export,USD,GUT930,40,2,7,1916.2,13413.4,1341.34
SO - 0007658,2016-11-10,23,Wholesale,USD,AXW291,14,5,7,1721.9,12053.3,1084.8
SO - 0007659,2016-11-10,50,Export,USD,NXH382,54,25,8,1038.5,8308,726.95
SO - 0007660,2016-11-11,140,Wholesale,USD,AXW291,7,27,5,2921.2,14606,2103.26
SO - 0007661,2016-11-11,131,Export,USD,GUT930,37,30,5,5031.7,25158.5,4226.63
SO - 0007662,2016-11-11,18,Distributor,USD,AXW291,12,5,8,3859.2,30873.6,2083.97
SO - 0007663,2016-11-11,66,Wholesale,USD,GUT930,42,14,7,991.6,6941.2,515.63
SO - 0007664,2016-11-11,133,Wholesale,USD,NXH382,53,6,9,904.5,8140.5,361.8
SO - 0007665,2016-11-11,77,Distributor,USD,AXW291,24,26,5,6365,31825,5028.35
SO - 0007666,2016-11-11,103,Wholesale,USD,AXW291,24,18,9,1165.8,10492.2,606.22
SO - 0007667,2016-11-11,86,Wholesale,USD,GUT930,35,15,8,3711.8,29694.4,2598.26
SO - 0007668,2016-11-12,165,Wholesale,USD,FLR025,66,16,11,3959.7,43556.7,2138.24
SO - 0007669,2016-11-12,96,Export,USD,AXW291,19,24,6,1031.8,6190.8,815.12
SO - 0007670,2016-11-12,93,Wholesale,USD,AXW291,17,19,9,6365,57285,5219.3
SO - 0007671,2016-11-12,21,Wholesale,USD,AXW291,5,16,7,2559.4,17915.8,1023.76
SO - 0007672,2016-11-12,167,Distributor,USD,NXH382,59,4,9,6452.1,58068.9,4387.43
SO - 0007673,2016-11-12,15,Wholesale,USD,AXW291,23,20,5,247.9,1239.5,111.56
SO - 0007674,2016-11-12,80,Wholesale,USD,AXW291,8,26,6,1728.6,10371.6,1382.88
SO - 0007675,2016-11-13,172,Wholesale,USD,GUT930,41,6,10,1132.3,11323,600.12
SO - 0007676,2016-11-13,118,Wholesale,USD,AXW291,11,13,8,3953,31624,2608.98
SO - 0007677,2016-11-13,38,Wholesale,USD,AXW291,3,15,11,998.3,10981.3,419.29
SO - 0007678,2016-11-13,76,Wholesale,USD,NXH382,51,4,6,1072,6432,857.6
SO - 0007679,2016-11-13,34,Export,USD,NXH382,47,6,11,5400.2,59402.2,2322.09
SO - 0007680,2016-11-13,149,Wholesale,USD,AXW291,2,3,11,1755.4,19309.4,754.82
SO - 0007681,2016-11-13,91,Export,USD,AXW291,19,12,6,2458.9,14753.4,1278.63
SO - 0007682,2016-11-13,49,Distributor,USD,NXH382,53,25,10,1849.2,18492,887.62
SO - 0007683,2016-11-13,110,Wholesale,USD,GUT930,40,25,5,1715.2,8576,1063.42
SO - 0007684,2016-11-13,159,Wholesale,USD,GUT930,34,22,8,1011.7,8093.6,526.08
SO - 0007685,2016-11-13,91,Distributor,USD,GUT930,38,26,8,1078.7,8629.6,798.24
SO - 0007686,2016-11-14,174,Distributor,USD,FLR025,65,6,12,1011.7,12140.4,404.68
SO - 0007687,2016-11-14,100,Wholesale,USD,AXW291,9,12,12,1025.1,12301.2,656.06
SO - 0007688,2016-11-14,9,Distributor,USD,FLR025,61,2,9,1775.5,15979.5,1260.61
SO - 0007689,2016-11-14,76,Wholesale,USD,GUT930,34,14,8,1112.2,8897.6,478.25
SO - 0007690,2016-11-14,86,Wholesale,USD,NXH382,55,12,11,716.9,7885.9,465.99
SO - 0007691,2016-11-14,107,Wholesale,USD,NXH382,52,7,7,2633.1,18431.7,1764.18
SO - 0007692,2016-11-14,99,Distributor,USD,GUT930,44,25,10,871,8710,653.25
SO - 0007693,2016-11-15,34,Wholesale,USD,GUT930,32,17,6,984.9,5909.4,512.15
SO - 0007694,2016-11-15,93,Distributor,USD,GUT930,37,20,5,1105.5,5527.5,884.4
SO - 0007695,2016-11-15,138,Distributor,USD,FLR025,65,6,10,3068.6,30686,1442.24
SO - 0007696,2016-11-15,74,Wholesale,USD,AXW291,16,5,7,2371.8,16602.6,1541.67
SO - 0007697,2016-11-15,126,Wholesale,USD,GUT930,38,24,12,3470.6,41647.2,2221.18
SO - 0007698,2016-11-15,162,Distributor,USD,AXW291,12,18,11,180.9,1989.9,103.11
SO - 0007699,2016-11-15,169,Export,USD,NXH382,47,15,11,1139,12529,945.37
SO - 0007700,2016-11-15,15,Wholesale,USD,GUT930,31,16,8,850.9,6807.2,578.61
SO - 0007701,2016-11-15,73,Wholesale,USD,NXH382,53,17,8,3055.2,24441.6,1894.22
SO - 0007702,2016-11-15,175,Wholesale,USD,FLR025,62,25,11,2619.7,28816.7,1414.64
SO - 0007703,2016-11-15,83,Wholesale,USD,AXW291,24,15,5,1983.2,9916,1685.72
SO - 0007704,2016-11-16,106,Wholesale,USD,AXW291,6,18,7,3772.1,26404.7,1961.49
SO - 0007705,2016-11-16,170,Export,USD,GUT930,39,22,9,221.1,1989.9,139.29
SO - 0007706,2016-11-16,51,Export,USD,NXH382,60,21,6,864.3,5185.8,579.08
SO - 0007707,2016-11-16,4,Wholesale,USD,NXH382,48,25,7,1715.2,12006.4,926.21
SO - 0007708,2016-11-16,162,Export,USD,AXW291,30,23,8,5869.2,46953.6,2347.68
SO - 0007709,2016-11-16,57,Wholesale,USD,AXW291,29,26,12,167.5,2010,97.15
SO - 0007710,2016-11-16,87,Distributor,USD,FLR025,60,28,9,2304.8,20743.2,1912.98
SO - 0007711,2016-11-17,144,Wholesale,USD,AXW291,27,3,12,1132.3,13587.6,781.29
SO - 0007712,2016-11-17,87,Wholesale,USD,GUT930,37,15,10,3289.7,32897,1677.75
SO - 0007713,2016-11-17,172,Wholesale,USD,NXH382,57,1,10,3738.6,37386,1869.3
SO - 0007714,2016-11-17,122,Distributor,USD,GUT930,43,3,9,3879.3,34913.7,1745.69
SO - 0007715,2016-11-17,170,Wholesale,USD,AXW291,25,2,10,6224.3,62243,3672.34
SO - 0007716,2016-11-17,11,Distributor,USD,AXW291,22,20,10,2432.1,24321,1240.37
SO - 0007717,2016-11-17,87,Distributor,USD,GUT930,44,27,9,1005,9045,633.15
SO - 0007718,2016-11-17,136,Distributor,USD,AXW291,6,13,11,3953,43483,2648.51
SO - 0007719,2016-11-17,20,Wholesale,USD,NXH382,53,9,8,1011.7,8093.6,424.91
SO - 0007720,2016-11-17,134,Distributor,USD,AXW291,10,1,11,214.4,2358.4,115.78
SO - 0007721,2016-11-17,45,Distributor,USD,AXW291,20,1,9,2452.2,22069.8,1716.54
SO - 0007722,2016-11-17,26,Wholesale,USD,AXW291,7,6,10,187.6,1876,105.06
SO - 0007723,2016-11-17,55,Wholesale,USD,AXW291,4,25,8,2854.2,22833.6,1712.52
SO - 0007724,2016-11-17,82,Wholesale,USD,GUT930,37,25,11,261.3,2874.3,138.49
SO - 0007725,2016-11-17,83,Export,USD,GUT930,45,5,5,5688.3,28441.5,3526.75
SO - 0007726,2016-11-18,124,Distributor,USD,AXW291,27,11,10,931.3,9313,772.98
SO - 0007727,2016-11-18,36,Wholesale,USD,AXW291,13,25,5,1118.9,5594.5,850.36
SO - 0007728,2016-11-18,60,Wholesale,USD,AXW291,23,13,5,1112.2,5561,533.86
SO - 0007729,2016-11-18,86,Wholesale,USD,FLR025,66,11,8,1909.5,15276,916.56
SO - 0007730,2016-11-18,5,Wholesale,USD,GUT930,40,25,5,5601.2,28006,4312.92
SO - 0007731,2016-11-18,66,Export,USD,AXW291,25,4,10,951.4,9514,608.9
SO - 0007732,2016-11-18,116,Wholesale,USD,NXH382,52,26,8,194.3,1554.4,97.15
SO - 0007733,2016-11-18,45,Distributor,USD,AXW291,4,16,10,3195.9,31959,1981.46
SO - 0007734,2016-11-18,143,Export,USD,GUT930,43,19,11,1956.4,21520.4,1565.12
SO - 0007735,2016-11-18,4,Wholesale,USD,NXH382,52,9,11,938,10318,656.6
SO - 0007736,2016-11-18,161,Export,USD,AXW291,7,19,6,2237.8,13426.8,1902.13
SO - 0007737,2016-11-18,18,Wholesale,USD,GUT930,43,5,12,3685,44220,3095.4
SO - 0007738,2016-11-18,108,Export,USD,GUT930,32,15,12,2820.7,33848.4,1664.21
SO - 0007739,2016-11-18,145,Wholesale,USD,GUT930,47,22,6,857.6,5145.6,445.95
SO - 0007740,2016-11-19,26,Distributor,USD,AXW291,22,29,12,871,10452,679.38
SO - 0007741,2016-11-19,137,Distributor,USD,AXW291,18,25,12,3658.2,43898.4,2780.23
SO - 0007742,2016-11-19,134,Distributor,USD,NXH382,60,13,9,6043.4,54390.6,2598.66
SO - 0007743,2016-11-19,16,Wholesale,USD,NXH382,52,11,8,2398.6,19188.8,1151.33
SO - 0007744,2016-11-19,83,Export,USD,AXW291,18,5,11,4020,44220,2894.4
SO - 0007745,2016-11-19,122,Wholesale,USD,AXW291,7,3,7,214.4,1500.8,137.22
SO - 0007746,2016-11-19,103,Distributor,USD,NXH382,47,10,5,6210.9,31054.5,2981.23
SO - 0007747,2016-11-20,26,Distributor,USD,NXH382,47,25,9,2432.1,21888.9,1167.41
SO - 0007748,2016-11-20,170,Distributor,USD,NXH382,50,12,11,201,2211,168.84
SO - 0007749,2016-11-20,79,Wholesale,USD,AXW291,12,3,9,683.4,6150.6,362.2
SO - 0007750,2016-11-20,151,Wholesale,USD,AXW291,7,8,7,6271.2,43898.4,3762.72
SO - 0007751,2016-11-20,174,Distributor,USD,FLR025,61,8,10,911.2,9112,382.7
SO - 0007752,2016-11-20,127,Wholesale,USD,AXW291,13,4,12,221.1,2653.2,159.19
SO - 0007753,2016-11-20,103,Distributor,USD,NXH382,57,10,7,221.1,1547.7,106.13
SO - 0007754,2016-11-20,88,Distributor,USD,AXW291,21,6,9,3999.9,35999.1,2719.93
SO - 0007755,2016-11-21,29,Wholesale,USD,NXH382,53,4,12,723.6,8683.2,376.27
SO - 0007756,2016-11-21,30,Wholesale,USD,AXW291,21,15,7,703.5,4924.5,323.61
SO - 0007757,2016-11-21,109,Wholesale,USD,GUT930,35,26,12,5406.9,64882.8,4325.52
SO - 0007758,2016-11-21,95,Wholesale,USD,GUT930,33,2,9,3088.7,27798.3,2192.98
SO - 0007759,2016-11-21,157,Wholesale,USD,FLR025,61,5,5,207.7,1038.5,145.39
SO - 0007760,2016-11-21,117,Export,USD,AXW291,12,26,8,1333.3,10666.4,719.98
SO - 0007761,2016-11-21,51,Distributor,USD,GUT930,37,3,10,3859.2,38592,2585.66
SO - 0007762,2016-11-22,54,Distributor,USD,NXH382,59,18,10,1139,11390,558.11
SO - 0007763,2016-11-22,90,Wholesale,USD,GUT930,43,5,7,5969.7,41787.9,3641.52
SO - 0007764,2016-11-22,56,Distributor,USD,AXW291,30,9,10,1078.7,10787,453.05
SO - 0007765,2016-11-22,16,Distributor,USD,AXW291,31,22,8,1085.4,8683.2,477.58
SO - 0007766,2016-11-22,157,Wholesale,USD,AXW291,12,6,11,1139,12529,865.64
SO - 0007767,2016-11-22,9,Wholesale,USD,AXW291,2,8,6,1842.5,11055,1252.9
SO - 0007768,2016-11-22,11,Wholesale,USD,FLR025,63,14,10,1212.7,12127,582.1
SO - 0007769,2016-11-22,4,Distributor,USD,AXW291,29,19,11,6371.7,70088.7,3249.57
SO - 0007770,2016-11-22,149,Wholesale,USD,AXW291,9,17,12,2391.9,28702.8,956.76
SO - 0007771,2016-11-22,30,Distributor,USD,NXH382,48,26,8,2211,17688,1083.39
SO - 0007772,2016-11-22,174,Wholesale,USD,AXW291,22,25,11,227.8,2505.8,191.35
SO - 0007773,2016-11-22,109,Wholesale,USD,FLR025,66,5,12,1139,13668,728.96
SO - 0007774,2016-11-22,25,Export,USD,GUT930,36,14,7,2566.1,17962.7,1539.66
SO - 0007775,2016-11-23,49,Distributor,USD,GUT930,34,3,11,3229.4,35523.4,1679.29
SO - 0007776,2016-11-23,164,Wholesale,USD,AXW291,14,10,11,241.2,2653.2,190.55
SO - 0007777,2016-11-23,37,Export,USD,FLR025,62,5,12,891.1,10693.2,757.44
SO - 0007778,2016-11-23,63,Distributor,USD,AXW291,20,25,12,5266.2,63194.4,2211.8
SO - 0007779,2016-11-23,164,Export,USD,NXH382,49,26,9,3912.8,35215.2,3012.86
SO - 0007780,2016-11-23,51,Wholesale,USD,AXW291,21,13,10,3966.4,39664,2181.52
SO - 0007781,2016-11-24,74,Export,USD,GUT930,37,15,10,1936.3,19363,1064.97
SO - 0007782,2016-11-24,28,Distributor,USD,NXH382,55,25,12,6244.4,74932.8,4433.52
SO - 0007783,2016-11-24,85,Distributor,USD,AXW291,12,17,7,1118.9,7832.3,481.13
SO - 0007784,2016-11-24,15,Wholesale,USD,AXW291,7,19,7,1112.2,7785.4,589.47
SO - 0007785,2016-11-24,170,Wholesale,USD,AXW291,7,25,10,1139,11390,672.01
SO - 0007786,2016-11-24,169,Distributor,USD,NXH382,48,25,6,1755.4,10532.4,1456.98
SO - 0007787,2016-11-24,166,Export,USD,AXW291,10,3,10,1005,10050,432.15
SO - 0007788,2016-11-24,56,Distributor,USD,AXW291,30,16,6,1922.9,11537.4,999.91
SO - 0007789,2016-11-24,116,Distributor,USD,AXW291,31,19,5,180.9,904.5,135.68
SO - 0007790,2016-11-24,164,Wholesale,USD,GUT930,41,25,11,763.8,8401.8,389.54
SO - 0007791,2016-11-24,27,Distributor,USD,NXH382,54,27,5,1165.8,5829,629.53
SO - 0007792,2016-11-25,97,Wholesale,USD,NXH382,49,26,11,757.1,8328.1,416.41
SO - 0007793,2016-11-25,113,Export,USD,AXW291,9,19,6,1822.4,10934.4,1184.56
SO - 0007794,2016-11-25,30,Wholesale,USD,AXW291,22,14,9,1165.8,10492.2,582.9
SO - 0007795,2016-11-25,27,Wholesale,USD,NXH382,48,15,10,1105.5,11055,840.18
SO - 0007796,2016-11-25,125,Distributor,USD,AXW291,2,13,5,1782.2,8911,1497.05
SO - 0007797,2016-11-25,167,Wholesale,USD,AXW291,27,2,5,2894.4,14472,2026.08
SO - 0007798,2016-11-25,24,Distributor,USD,AXW291,20,14,11,1085.4,11939.4,510.14
SO - 0007799,2016-11-25,146,Export,USD,NXH382,48,21,10,1112.2,11122,633.95
SO - 0007800,2016-11-25,32,Distributor,USD,GUT930,44,4,5,891.1,4455.5,454.46
SO - 0007801,2016-11-25,45,Wholesale,USD,NXH382,57,18,7,2673.3,18713.1,1256.45
SO - 0007802,2016-11-25,69,Distributor,USD,AXW291,9,14,11,1963.1,21594.1,1668.64
SO - 0007803,2016-11-26,147,Wholesale,USD,FLR025,63,3,12,897.8,10773.6,421.97
SO - 0007804,2016-11-26,20,Wholesale,USD,FLR025,66,25,12,1782.2,21386.4,962.39
SO - 0007805,2016-11-26,152,Wholesale,USD,FLR025,66,8,9,3999.9,35999.1,3239.92
SO - 0007806,2016-11-26,94,Wholesale,USD,GUT930,39,26,5,1125.6,5628,562.8
SO - 0007807,2016-11-26,118,Distributor,USD,AXW291,16,25,8,1815.7,14525.6,1034.95
SO - 0007808,2016-11-26,8,Wholesale,USD,AXW291,26,30,11,1701.8,18719.8,748.79
SO - 0007809,2016-11-26,7,Distributor,USD,AXW291,17,25,7,5373.4,37613.8,3062.84
SO - 0007810,2016-11-26,73,Wholesale,USD,GUT930,45,2,12,6137.2,73646.4,3498.2
SO - 0007811,2016-11-26,21,Wholesale,USD,GUT930,42,1,10,2418.7,24187,1330.29
SO - 0007812,2016-11-27,119,Wholesale,USD,GUT930,36,13,6,1038.5,6231,550.41
SO - 0007813,2016-11-27,76,Distributor,USD,AXW291,13,4,6,5855.8,35134.8,4918.87
SO - 0007814,2016-11-27,100,Distributor,USD,AXW291,3,26,9,6338.2,57043.8,3993.07
SO - 0007815,2016-11-27,154,Wholesale,USD,AXW291,15,14,10,180.9,1809,126.63
SO - 0007816,2016-11-27,175,Wholesale,USD,NXH382,59,18,7,2398.6,16790.2,1439.16
SO - 0007817,2016-11-27,164,Export,USD,FLR025,62,3,7,174.2,1219.4,83.62
SO - 0007818,2016-11-27,164,Wholesale,USD,GUT930,42,11,12,1085.4,13024.8,434.16
SO - 0007819,2016-11-28,78,Wholesale,USD,AXW291,19,15,10,1112.2,11122,912
SO - 0007820,2016-11-29,102,Wholesale,USD,GUT930,35,20,7,837.5,5862.5,544.38
SO - 0007821,2016-11-29,110,Wholesale,USD,NXH382,58,15,11,2371.8,26089.8,1399.36
SO - 0007822,2016-11-29,141,Distributor,USD,GUT930,36,14,10,241.2,2412,183.31
SO - 0007823,2016-11-29,44,Wholesale,USD,GUT930,35,5,10,221.1,2211,114.97
SO - 0007824,2016-11-29,29,Distributor,USD,AXW291,5,15,9,221.1,1989.9,156.98
SO - 0007825,2016-11-29,15,Distributor,USD,GUT930,43,14,11,2519.2,27711.2,1964.98
SO - 0007826,2016-11-29,4,Wholesale,USD,AXW291,15,20,6,1118.9,6713.4,704.91
SO - 0007827,2016-11-29,13,Wholesale,USD,NXH382,48,21,10,167.5,1675,107.2
SO - 0007828,2016-11-30,89,Export,USD,AXW291,2,25,10,3470.6,34706,2845.89
SO - 0007829,2016-11-30,153,Wholesale,USD,AXW291,21,22,9,2479,22311,1437.82
SO - 0007830,2016-11-30,79,Export,USD,NXH382,53,4,12,6458.8,77505.6,3164.81
SO - 0007831,2016-11-30,115,Wholesale,USD,GUT930,35,26,11,214.4,2358.4,126.5
SO - 0007832,2016-11-30,76,Distributor,USD,AXW291,19,26,11,1266.3,13929.3,848.42
SO - 0007833,2016-11-30,58,Wholesale,USD,NXH382,54,18,12,207.7,2492.4,124.62
SO - 0007834,2016-11-30,113,Distributor,USD,NXH382,50,15,8,3899.4,31195.2,1637.75
SO - 0007835,2016-11-30,107,Export,USD,GUT930,35,3,11,2619.7,28816.7,1231.26
SO - 0007836,2016-11-30,30,Wholesale,USD,NXH382,56,20,6,1829.1,10974.6,1371.83
SO - 0007837,2016-11-30,99,Wholesale,USD,GUT930,45,29,11,2546,28006,1171.16
SO - 0007838,2016-11-30,149,Export,USD,NXH382,55,20,12,750.4,9004.8,495.26
SO - 0007839,2016-12-01,96,Wholesale,USD,GUT930,41,21,12,3959.7,47516.4,1702.67
SO - 0007840,2016-12-01,166,Distributor,USD,NXH382,58,13,9,2345,21105,1876
SO - 0007841,2016-12-01,127,Wholesale,USD,FLR025,63,14,6,1273,7638,789.26
SO - 0007842,2016-12-01,29,Wholesale,USD,AXW291,9,14,9,1072,9648,825.44
SO - 0007843,2016-12-01,84,Wholesale,USD,GUT930,36,1,5,978.2,4891,743.43
SO - 0007844,2016-12-01,139,Distributor,USD,FLR025,63,2,6,2432.1,14592.6,1751.11
SO - 0007845,2016-12-01,92,Wholesale,USD,GUT930,32,1,7,3283,22981,1936.97
SO - 0007846,2016-12-01,2,Distributor,USD,GUT930,35,14,9,187.6,1688.4,76.92
SO - 0007847,2016-12-01,79,Distributor,USD,NXH382,47,5,9,1058.6,9527.4,582.23
SO - 0007848,2016-12-01,110,Wholesale,USD,GUT930,40,6,8,1909.5,15276,1279.37
SO - 0007849,2016-12-02,2,Wholesale,USD,AXW291,17,20,5,3832.4,19162,1877.88
SO - 0007850,2016-12-02,145,Distributor,USD,AXW291,20,5,10,2304.8,23048,1405.93
SO - 0007851,2016-12-02,77,Wholesale,USD,AXW291,23,2,6,1025.1,6150.6,799.58
SO - 0007852,2016-12-02,106,Wholesale,USD,AXW291,3,15,9,1956.4,17607.6,1604.25
SO - 0007853,2016-12-03,97,Distributor,USD,AXW291,12,16,8,1018.4,8147.2,448.1
SO - 0007854,2016-12-03,8,Distributor,USD,AXW291,4,26,6,3115.5,18693,1900.46
SO - 0007855,2016-12-03,83,Wholesale,USD,NXH382,49,7,9,958.1,8622.9,421.56
SO - 0007856,2016-12-03,115,Distributor,USD,AXW291,14,29,5,904.5,4522.5,660.29
SO - 0007857,2016-12-03,25,Export,USD,AXW291,2,2,7,2257.9,15805.3,1106.37
SO - 0007858,2016-12-03,47,Distributor,USD,NXH382,54,25,8,1172.5,9380,867.65
SO - 0007859,2016-12-03,11,Export,USD,NXH382,55,20,9,3979.8,35818.2,2865.46
SO - 0007860,2016-12-03,63,Distributor,USD,FLR025,66,4,6,1139,6834,854.25
SO - 0007861,2016-12-03,156,Export,USD,GUT930,39,18,7,2532.6,17728.2,1747.49
SO - 0007862,2016-12-03,129,Distributor,USD,AXW291,30,7,8,804,6432,329.64
SO - 0007863,2016-12-03,140,Distributor,USD,AXW291,8,1,5,1902.8,9514,1065.57
SO - 0007864,2016-12-03,171,Distributor,USD,NXH382,56,27,7,3571.1,24997.7,2464.06
SO - 0007865,2016-12-04,137,Wholesale,USD,AXW291,15,4,8,2894.4,23155.2,2373.41
SO - 0007866,2016-12-04,4,Wholesale,USD,AXW291,20,2,7,3993.2,27952.4,3114.7
SO - 0007867,2016-12-04,47,Wholesale,USD,GUT930,41,20,5,1768.8,8844,884.4
SO - 0007868,2016-12-04,144,Distributor,USD,AXW291,28,3,9,850.9,7658.1,433.96
SO - 0007869,2016-12-04,128,Wholesale,USD,AXW291,30,11,12,3604.6,43255.2,2379.04
SO - 0007870,2016-12-05,175,Distributor,USD,AXW291,4,25,6,180.9,1085.4,123.01
SO - 0007871,2016-12-05,33,Wholesale,USD,AXW291,21,1,12,1058.6,12703.2,846.88
SO - 0007872,2016-12-05,142,Distributor,USD,GUT930,45,23,6,5922.8,35536.8,3849.82
SO - 0007873,2016-12-06,138,Wholesale,USD,FLR025,64,20,8,3906.1,31248.8,1718.68
SO - 0007874,2016-12-06,2,Wholesale,USD,FLR025,63,12,8,1795.6,14364.8,718.24
SO - 0007875,2016-12-06,139,Distributor,USD,GUT930,41,19,11,1956.4,21520.4,939.07
SO - 0007876,2016-12-06,50,Wholesale,USD,AXW291,7,2,10,2613,26130,1620.06
SO - 0007877,2016-12-06,126,Export,USD,NXH382,55,5,8,2499.1,19992.8,999.64
SO - 0007878,2016-12-06,66,Export,USD,AXW291,4,13,12,5353.3,64239.6,3211.98
SO - 0007879,2016-12-06,85,Wholesale,USD,AXW291,20,2,8,3999.9,31999.2,2759.93
SO - 0007880,2016-12-06,23,Wholesale,USD,AXW291,18,20,12,3999.9,47998.8,1839.95
SO - 0007881,2016-12-06,127,Wholesale,USD,FLR025,64,3,10,194.3,1943,104.92
SO - 0007882,2016-12-06,7,Distributor,USD,AXW291,3,25,6,931.3,5587.8,791.61
SO - 0007883,2016-12-06,124,Distributor,USD,GUT930,33,17,5,3872.6,19363,3020.63
SO - 0007884,2016-12-07,8,Wholesale,USD,GUT930,36,20,11,6123.8,67361.8,3123.14
SO - 0007885,2016-12-07,82,Distributor,USD,NXH382,51,23,5,3966.4,19832,1745.22
SO - 0007886,2016-12-07,100,Wholesale,USD,FLR025,63,3,8,227.8,1822.4,136.68
SO - 0007887,2016-12-07,18,Wholesale,USD,AXW291,5,14,5,3966.4,19832,2062.53
SO - 0007888,2016-12-07,31,Export,USD,AXW291,11,14,10,6425.3,64253,5204.49
SO - 0007889,2016-12-07,62,Wholesale,USD,AXW291,9,1,9,5051.8,45466.2,3081.6
SO - 0007890,2016-12-07,56,Export,USD,AXW291,28,2,10,1313.2,13132,866.71
SO - 0007891,2016-12-07,157,Wholesale,USD,AXW291,13,5,5,904.5,4522.5,506.52
SO - 0007892,2016-12-07,160,Wholesale,USD,AXW291,31,4,9,2740.3,24662.7,1671.58
SO - 0007893,2016-12-08,4,Export,USD,GUT930,42,25,11,1989.9,21888.9,1373.03
SO - 0007894,2016-12-08,159,Distributor,USD,AXW291,4,22,9,1125.6,10130.4,866.71
SO - 0007895,2016-12-08,95,Distributor,USD,AXW291,8,14,5,3571.1,17855.5,2499.77
SO - 0007896,2016-12-08,170,Distributor,USD,AXW291,25,12,12,2257.9,27094.8,1716
SO - 0007897,2016-12-08,25,Distributor,USD,FLR025,65,25,11,2237.8,24615.8,1230.79
SO - 0007898,2016-12-08,163,Wholesale,USD,AXW291,3,17,6,261.3,1567.8,104.52
SO - 0007899,2016-12-08,104,Wholesale,USD,AXW291,25,17,11,6090.3,66993.3,3532.37
SO - 0007900,2016-12-08,127,Distributor,USD,AXW291,16,22,12,2224.4,26692.8,1557.08
SO - 0007901,2016-12-09,70,Wholesale,USD,NXH382,47,13,8,2318.2,18545.6,1414.1
SO - 0007902,2016-12-09,153,Distributor,USD,AXW291,4,1,10,5299.7,52997,3444.81
SO - 0007903,2016-12-09,153,Wholesale,USD,FLR025,64,2,12,2680,32160,1474
SO - 0007904,2016-12-09,137,Export,USD,NXH382,54,2,7,187.6,1313.2,123.82
SO - 0007905,2016-12-09,135,Wholesale,USD,AXW291,11,1,10,1688.4,16884,1418.26
SO - 0007906,2016-12-09,64,Distributor,USD,AXW291,27,5,8,6478.9,51831.2,4405.65
SO - 0007907,2016-12-09,148,Distributor,USD,AXW291,3,23,11,3289.7,36186.7,2204.1
SO - 0007908,2016-12-09,144,Distributor,USD,GUT930,34,1,8,268,2144,174.2
SO - 0007909,2016-12-09,10,Export,USD,GUT930,44,22,11,207.7,2284.7,176.55
SO - 0007910,2016-12-10,101,Distributor,USD,AXW291,28,16,12,676.7,8120.4,541.36
SO - 0007911,2016-12-10,45,Wholesale,USD,GUT930,43,13,10,6324.8,63248,2719.66
SO - 0007912,2016-12-10,114,Distributor,USD,FLR025,60,2,7,2324.9,16274.3,1441.44
SO - 0007913,2016-12-10,107,Wholesale,USD,FLR025,66,26,5,3798.9,18994.5,1937.44
SO - 0007914,2016-12-10,173,Wholesale,USD,AXW291,7,18,11,1708.5,18793.5,854.25
SO - 0007915,2016-12-10,6,Wholesale,USD,NXH382,59,25,7,1038.5,7269.5,872.34
SO - 0007916,2016-12-10,99,Wholesale,USD,GUT930,38,26,5,180.9,904.5,110.35
SO - 0007917,2016-12-10,71,Wholesale,USD,AXW291,4,4,6,3899.4,23396.4,2807.57
SO - 0007918,2016-12-10,49,Wholesale,USD,FLR025,65,26,11,1051.9,11570.9,831
SO - 0007919,2016-12-10,73,Distributor,USD,AXW291,14,27,11,254.6,2800.6,145.12
SO - 0007920,2016-12-10,156,Export,USD,FLR025,66,30,12,2412,28944,1640.16
SO - 0007921,2016-12-10,43,Export,USD,FLR025,60,25,7,6050.1,42350.7,3509.06
SO - 0007922,2016-12-10,100,Wholesale,USD,AXW291,20,2,12,1078.7,12944.4,744.3
SO - 0007923,2016-12-11,64,Wholesale,USD,FLR025,63,1,8,1078.7,8629.6,679.58
SO - 0007924,2016-12-11,147,Export,USD,FLR025,63,15,10,268,2680,217.08
SO - 0007925,2016-12-11,55,Distributor,USD,NXH382,57,13,5,2479,12395,1760.09
SO - 0007926,2016-12-11,153,Wholesale,USD,AXW291,25,13,7,227.8,1594.6,164.02
SO - 0007927,2016-12-11,29,Distributor,USD,AXW291,15,14,6,6385.1,38310.6,5108.08
SO - 0007928,2016-12-12,99,Distributor,USD,NXH382,59,7,6,3865.9,23195.4,2280.88
SO - 0007929,2016-12-12,165,Distributor,USD,FLR025,66,2,11,3752,41272,2363.76
SO - 0007930,2016-12-12,135,Wholesale,USD,AXW291,17,15,9,1045.2,9406.8,512.15
SO - 0007931,2016-12-13,65,Export,USD,FLR025,63,19,12,951.4,11416.8,694.52
SO - 0007932,2016-12-13,92,Wholesale,USD,NXH382,56,4,6,268,1608,219.76
SO - 0007933,2016-12-13,106,Wholesale,USD,NXH382,58,4,9,2405.3,21647.7,1058.33
SO - 0007934,2016-12-13,69,Wholesale,USD,GUT930,39,13,12,991.6,11899.2,614.79
SO - 0007935,2016-12-13,156,Wholesale,USD,AXW291,17,4,7,2010,14070,1688.4
SO - 0007936,2016-12-13,4,Distributor,USD,AXW291,23,19,5,971.5,4857.5,524.61
SO - 0007937,2016-12-14,36,Distributor,USD,GUT930,32,28,11,5065.2,55717.2,4102.81
SO - 0007938,2016-12-14,109,Wholesale,USD,NXH382,52,13,12,2539.3,30471.6,1371.22
SO - 0007939,2016-12-14,73,Distributor,USD,FLR025,62,1,5,1118.9,5594.5,447.56
SO - 0007940,2016-12-14,8,Wholesale,USD,NXH382,47,19,9,3839.1,34551.9,2956.11
SO - 0007941,2016-12-14,98,Wholesale,USD,AXW291,25,17,9,6070.2,54631.8,4249.14
SO - 0007942,2016-12-14,92,Wholesale,USD,AXW291,27,26,10,1125.6,11256,720.38
SO - 0007943,2016-12-14,10,Distributor,USD,AXW291,27,14,12,1005,12060,492.45
SO - 0007944,2016-12-14,63,Distributor,USD,GUT930,38,17,5,3819,19095,1565.79
SO - 0007945,2016-12-14,36,Distributor,USD,AXW291,15,15,11,2559.4,28153.4,1970.74
SO - 0007946,2016-12-15,13,Distributor,USD,NXH382,52,1,8,1286.4,10291.2,990.53
SO - 0007947,2016-12-15,35,Distributor,USD,GUT930,46,19,5,221.1,1105.5,110.55
SO - 0007948,2016-12-15,143,Distributor,USD,GUT930,43,25,5,978.2,4891,606.48
SO - 0007949,2016-12-15,69,Wholesale,USD,AXW291,31,25,5,207.7,1038.5,99.7
SO - 0007950,2016-12-15,15,Distributor,USD,FLR025,63,6,8,670,5360,529.3
SO - 0007951,2016-12-15,123,Distributor,USD,NXH382,53,3,7,167.5,1172.5,135.68
SO - 0007952,2016-12-15,166,Distributor,USD,NXH382,48,25,6,180.9,1085.4,92.26
SO - 0007953,2016-12-15,60,Wholesale,USD,AXW291,16,2,7,2345,16415,1782.2
SO - 0007954,2016-12-15,77,Wholesale,USD,NXH382,50,2,9,1038.5,9346.5,706.18
SO - 0007955,2016-12-15,41,Wholesale,USD,AXW291,19,27,10,174.2,1742,85.36
SO - 0007956,2016-12-15,137,Distributor,USD,FLR025,65,25,9,877.7,7899.3,737.27
SO - 0007957,2016-12-15,138,Wholesale,USD,GUT930,43,10,8,1118.9,8951.2,469.94
SO - 0007958,2016-12-16,93,Distributor,USD,AXW291,14,4,11,187.6,2063.6,148.2
SO - 0007959,2016-12-16,167,Export,USD,AXW291,4,10,6,2378.5,14271,1522.24
SO - 0007960,2016-12-16,162,Wholesale,USD,AXW291,29,26,8,984.9,7879.2,837.17
SO - 0007961,2016-12-16,125,Distributor,USD,AXW291,12,15,5,1976.5,9882.5,948.72
SO - 0007962,2016-12-16,166,Distributor,USD,AXW291,15,5,7,3886,27202,1748.7
SO - 0007963,2016-12-16,66,Wholesale,USD,GUT930,34,19,9,214.4,1929.6,105.06
SO - 0007964,2016-12-17,156,Wholesale,USD,NXH382,51,3,7,1802.3,12616.1,1477.89
SO - 0007965,2016-12-17,67,Wholesale,USD,AXW291,24,20,8,5849.1,46792.8,4328.33
SO - 0007966,2016-12-17,81,Distributor,USD,AXW291,29,20,11,938,10318,637.84
SO - 0007967,2016-12-17,90,Distributor,USD,NXH382,54,15,11,1882.7,20709.7,997.83
SO - 0007968,2016-12-17,120,Distributor,USD,AXW291,19,17,6,3926.2,23557.2,1923.84
SO - 0007969,2016-12-17,107,Wholesale,USD,NXH382,54,2,9,1876,16884,1331.96
SO - 0007970,2016-12-18,35,Export,USD,AXW291,24,11,11,3993.2,43925.2,2954.97
SO - 0007971,2016-12-18,51,Wholesale,USD,GUT930,32,7,11,6472.2,71194.2,4012.76
SO - 0007972,2016-12-18,109,Distributor,USD,AXW291,15,16,10,3912.8,39128,1839.02
SO - 0007973,2016-12-18,46,Wholesale,USD,AXW291,25,25,6,5386.8,32320.8,2908.87
SO - 0007974,2016-12-18,21,Wholesale,USD,NXH382,51,13,8,730.3,5842.4,460.09
SO - 0007975,2016-12-18,27,Distributor,USD,AXW291,16,14,10,2264.6,22646,1471.99
SO - 0007976,2016-12-18,71,Wholesale,USD,AXW291,18,13,7,984.9,6894.3,482.6
SO - 0007977,2016-12-18,6,Distributor,USD,GUT930,38,18,10,2854.2,28542,2197.73
SO - 0007978,2016-12-18,122,Distributor,USD,AXW291,24,13,9,268,2412,160.8
SO - 0007979,2016-12-18,173,Distributor,USD,AXW291,3,24,7,6398.5,44789.5,4542.94
SO - 0007980,2016-12-18,80,Distributor,USD,AXW291,20,27,12,3597.9,43174.8,1726.99
SO - 0007981,2016-12-18,81,Wholesale,USD,AXW291,25,21,11,4020,44220,3135.6
SO - 0007982,2016-12-19,156,Export,USD,GUT930,43,1,6,2586.2,15517.2,1784.48
SO - 0007983,2016-12-19,41,Wholesale,USD,GUT930,33,6,5,1065.3,5326.5,617.87
SO - 0007984,2016-12-19,89,Wholesale,USD,AXW291,26,3,12,3899.4,46792.8,1949.7
SO - 0007985,2016-12-19,33,Distributor,USD,AXW291,3,5,8,884.4,7075.2,512.95
SO - 0007986,2016-12-19,58,Distributor,USD,AXW291,2,16,7,1132.3,7926.1,532.18
SO - 0007987,2016-12-19,53,Wholesale,USD,AXW291,22,24,12,2425.4,29104.8,1479.49
SO - 0007988,2016-12-19,71,Wholesale,USD,AXW291,8,22,5,221.1,1105.5,145.93
SO - 0007989,2016-12-20,84,Export,USD,AXW291,30,19,7,1005,7035,422.1
SO - 0007990,2016-12-20,138,Wholesale,USD,AXW291,21,1,8,3993.2,31945.6,2395.92
SO - 0007991,2016-12-20,33,Wholesale,USD,AXW291,19,10,8,3906.1,31248.8,1874.93
SO - 0007992,2016-12-20,34,Export,USD,AXW291,4,13,12,1983.2,23798.4,1566.73
SO - 0007993,2016-12-20,172,Distributor,USD,AXW291,28,19,8,1005,8040,472.35
SO - 0007994,2016-12-21,153,Wholesale,USD,AXW291,16,2,12,1742,20904,975.52
SO - 0007995,2016-12-21,68,Distributor,USD,AXW291,14,10,10,964.8,9648,781.49
SO - 0007996,2016-12-21,83,Wholesale,USD,GUT930,35,5,5,991.6,4958,644.54
SO - 0007997,2016-12-21,133,Wholesale,USD,GUT930,37,30,8,3993.2,31945.6,2875.1
SO - 0007998,2016-12-21,172,Wholesale,USD,AXW291,27,26,10,2633.1,26331,1158.56
SO - 0007999,2016-12-21,5,Distributor,USD,AXW291,21,14,11,777.2,8549.2,606.22
SO - 0008000,2016-12-21,163,Distributor,USD,GUT930,44,1,11,2546,28006,1731.28
SO - 0008001,2016-12-21,92,Wholesale,USD,AXW291,4,26,11,167.5,1842.5,72.03
SO - 0008002,2016-12-21,88,Wholesale,USD,AXW291,28,14,9,3551,31959,2308.15
SO - 0008003,2016-12-21,42,Distributor,USD,NXH382,55,10,11,5152.3,56675.3,2112.44
SO - 0008004,2016-12-22,36,Wholesale,USD,GUT930,40,13,5,911.2,4556,583.17
SO - 0008005,2016-12-22,34,Distributor,USD,AXW291,4,15,11,2847.5,31322.5,1395.28
SO - 0008006,2016-12-22,47,Wholesale,USD,AXW291,21,25,6,3825.7,22954.2,3251.85
SO - 0008007,2016-12-22,147,Wholesale,USD,NXH382,52,23,9,3953,35577,2688.04
SO - 0008008,2016-12-22,165,Wholesale,USD,AXW291,3,18,11,6210.9,68319.9,3540.21
SO - 0008009,2016-12-22,110,Wholesale,USD,FLR025,63,19,10,1896.1,18961,1611.69
SO - 0008010,2016-12-22,48,Wholesale,USD,AXW291,9,3,5,3912.8,19564,2856.34
SO - 0008011,2016-12-22,31,Wholesale,USD,AXW291,8,26,5,227.8,1139,127.57
SO - 0008012,2016-12-22,25,Distributor,USD,AXW291,4,3,8,1802.3,14418.4,1117.43
SO - 0008013,2016-12-22,113,Export,USD,AXW291,14,26,11,2378.5,26163.5,1950.37
SO - 0008014,2016-12-22,105,Distributor,USD,NXH382,54,4,9,4020,36180,2211
SO - 0008015,2016-12-22,52,Wholesale,USD,FLR025,63,17,10,207.7,2077,122.54
SO - 0008016,2016-12-23,127,Wholesale,USD,FLR025,66,1,7,201,1407,166.83
SO - 0008017,2016-12-23,54,Wholesale,USD,AXW291,15,25,7,1829.1,12803.7,749.93
SO - 0008018,2016-12-23,113,Wholesale,USD,AXW291,30,26,11,1943,21373,1573.83
SO - 0008019,2016-12-23,59,Wholesale,USD,AXW291,17,5,12,6097,73164,3353.35
SO - 0008020,2016-12-23,63,Distributor,USD,NXH382,57,26,5,1139,5695,785.91
SO - 0008021,2016-12-23,73,Distributor,USD,GUT930,42,13,11,864.3,9507.3,708.73
SO - 0008022,2016-12-23,97,Wholesale,USD,GUT930,33,25,5,3946.3,19731.5,2683.48
SO - 0008023,2016-12-24,26,Distributor,USD,GUT930,38,22,8,2921.2,23369.6,1606.66
SO - 0008024,2016-12-24,95,Wholesale,USD,NXH382,50,26,7,1132.3,7926.1,690.7
SO - 0008025,2016-12-24,50,Wholesale,USD,GUT930,43,29,10,1125.6,11256,562.8
SO - 0008026,2016-12-24,167,Export,USD,GUT930,38,15,5,2659.9,13299.5,1808.73
SO - 0008027,2016-12-24,34,Wholesale,USD,AXW291,12,14,7,844.2,5909.4,650.03
SO - 0008028,2016-12-24,163,Distributor,USD,GUT930,45,3,9,984.9,8864.1,728.83
SO - 0008029,2016-12-24,133,Wholesale,USD,NXH382,58,3,11,3390.2,37292.2,1729
SO - 0008030,2016-12-25,151,Export,USD,AXW291,17,26,9,5788.8,52099.2,2431.3
SO - 0008031,2016-12-25,124,Distributor,USD,AXW291,27,8,11,1125.6,12381.6,540.29
SO - 0008032,2016-12-25,160,Distributor,USD,GUT930,34,4,8,2311.5,18492,1964.78
SO - 0008033,2016-12-25,84,Wholesale,USD,AXW291,10,26,7,1869.3,13085.1,1495.44
SO - 0008034,2016-12-25,163,Wholesale,USD,AXW291,17,3,5,998.3,4991.5,589
SO - 0008035,2016-12-25,10,Wholesale,USD,AXW291,9,26,8,221.1,1768.8,159.19
SO - 0008036,2016-12-25,79,Export,USD,AXW291,23,25,6,268,1608,201
SO - 0008037,2016-12-25,69,Distributor,USD,NXH382,56,18,11,1715.2,18867.2,1166.34
SO - 0008038,2016-12-25,154,Wholesale,USD,NXH382,54,4,5,1005,5025,452.25
SO - 0008039,2016-12-25,69,Export,USD,NXH382,48,16,12,837.5,10050,711.88
SO - 0008040,2016-12-25,23,Export,USD,FLR025,62,14,10,837.5,8375,335
SO - 0008041,2016-12-25,91,Distributor,USD,AXW291,17,4,8,3899.4,31195.2,1754.73
SO - 0008042,2016-12-26,36,Export,USD,AXW291,23,19,7,1105.5,7738.5,619.08
SO - 0008043,2016-12-26,96,Wholesale,USD,AXW291,4,30,8,268,2144,142.04
SO - 0008044,2016-12-26,93,Wholesale,USD,AXW291,30,27,8,2485.7,19885.6,1342.28
SO - 0008045,2016-12-26,171,Distributor,USD,AXW291,24,14,8,6284.6,50276.8,4650.6
SO - 0008046,2016-12-26,22,Distributor,USD,AXW291,19,15,9,1949.7,17547.3,857.87
SO - 0008047,2016-12-27,30,Wholesale,USD,NXH382,56,14,9,1721.9,15497.1,1033.14
SO - 0008048,2016-12-27,133,Distributor,USD,GUT930,40,19,5,1755.4,8777,1351.66
SO - 0008049,2016-12-27,41,Export,USD,GUT930,45,14,10,3222.7,32227,1933.62
SO - 0008050,2016-12-27,138,Distributor,USD,AXW291,17,15,11,2318.2,25500.2,1483.65
SO - 0008051,2016-12-27,22,Wholesale,USD,AXW291,14,3,12,3872.6,46471.2,2981.9
SO - 0008052,2016-12-27,54,Export,USD,NXH382,50,30,9,1045.2,9406.8,438.98
SO - 0008053,2016-12-27,111,Export,USD,GUT930,41,19,7,1139,7973,956.76
SO - 0008054,2016-12-27,129,Wholesale,USD,GUT930,34,14,5,1266.3,6331.5,810.43
SO - 0008055,2016-12-28,20,Wholesale,USD,GUT930,38,25,12,5554.3,66651.6,3499.21
SO - 0008056,2016-12-28,20,Wholesale,USD,GUT930,38,16,12,1909.5,22914,916.56
SO - 0008057,2016-12-28,27,Distributor,USD,NXH382,50,2,9,201,1809,92.46
SO - 0008058,2016-12-28,103,Distributor,USD,GUT930,33,29,8,1018.4,8147.2,651.78
SO - 0008059,2016-12-28,101,Export,USD,GUT930,41,26,9,1802.3,16220.7,720.92
SO - 0008060,2016-12-28,160,Wholesale,USD,NXH382,48,15,8,1065.3,8522.4,617.87
SO - 0008061,2016-12-28,75,Wholesale,USD,NXH382,47,3,12,1701.8,20421.6,1191.26
SO - 0008062,2016-12-28,1,Wholesale,USD,NXH382,50,18,10,3892.7,38927,2724.89
SO - 0008063,2016-12-28,148,Wholesale,USD,NXH382,49,5,9,6472.2,58249.8,4983.59
SO - 0008064,2016-12-28,138,Wholesale,USD,NXH382,58,3,9,944.7,8502.3,689.63
SO - 0008065,2016-12-28,2,Wholesale,USD,FLR025,64,23,10,984.9,9849,778.07
SO - 0008066,2016-12-29,157,Distributor,USD,AXW291,9,24,10,3906.1,39061,3281.12
SO - 0008067,2016-12-29,90,Wholesale,USD,GUT930,36,25,7,5862.5,41037.5,3752
SO - 0008068,2016-12-29,2,Wholesale,USD,AXW291,2,15,7,3403.6,23825.2,2688.84
SO - 0008069,2016-12-29,155,Export,USD,AXW291,9,5,8,6505.7,52045.6,5139.5
SO - 0008070,2016-12-29,151,Distributor,USD,AXW291,4,11,8,2298.1,18384.8,988.18
SO - 0008071,2016-12-29,16,Distributor,USD,GUT930,46,6,8,5427,43416,2496.42
SO - 0008072,2016-12-29,23,Wholesale,USD,FLR025,63,29,8,1721.9,13775.2,1033.14
SO - 0008073,2016-12-29,43,Wholesale,USD,AXW291,27,23,11,2599.6,28595.6,1065.84
SO - 0008074,2016-12-29,157,Export,USD,AXW291,20,13,6,6545.9,39275.4,5498.56
SO - 0008075,2016-12-29,155,Wholesale,USD,AXW291,1,22,7,790.6,5534.2,490.17
SO - 0008076,2016-12-29,49,Wholesale,USD,AXW291,2,2,5,1038.5,5192.5,664.64
SO - 0008077,2016-12-29,85,Wholesale,USD,AXW291,16,13,11,227.8,2505.8,150.35
SO - 0008078,2016-12-29,64,Distributor,USD,NXH382,53,1,7,5855.8,40990.6,2576.55
SO - 0008079,2016-12-30,25,Wholesale,USD,NXH382,53,2,8,3852.5,30820,1618.05
SO - 0008080,2016-12-30,134,Wholesale,USD,AXW291,15,5,7,964.8,6753.6,492.05
SO - 0008081,2016-12-30,87,Distributor,USD,AXW291,22,16,9,1862.6,16763.4,1117.56
SO - 0008082,2016-12-30,31,Distributor,USD,NXH382,51,25,11,1835.8,20193.8,1303.42
SO - 0008083,2016-12-30,79,Wholesale,USD,AXW291,24,5,11,5051.8,55569.8,4243.51
SO - 0008084,2016-12-30,158,Distributor,USD,AXW291,22,20,7,3959.7,27717.9,2930.18
SO - 0008085,2016-12-30,28,Distributor,USD,NXH382,53,13,5,850.9,4254.5,519.05
SO - 0008086,2016-12-30,42,Distributor,USD,AXW291,11,25,9,254.6,2291.4,137.48
SO - 0008087,2016-12-31,64,Export,USD,FLR025,61,26,6,234.5,1407,121.94
SO - 0008088,2016-12-31,13,Distributor,USD,GUT930,37,16,5,3202.6,16013,1921.56
SO - 0008089,2016-12-31,20,Distributor,USD,GUT930,44,14,12,3825.7,45908.4,2792.76
SO - 0008090,2016-12-31,33,Wholesale,USD,AXW291,21,25,10,1072,10720,804
SO - 0008091,2016-12-31,55,Export,USD,GUT930,43,11,8,2211,17688,1370.82
SO - 0008216,2017-01-01,113,Export,USD,GUT930,43,6,5,3899.4,19497,3197.51
SO - 0008441,2017-01-01,139,Wholesale,USD,GUT930,44,26,9,201,1809,100.5
SO - 0008839,2017-01-01,15,Wholesale,USD,NXH382,48,11,10,1963.1,19631,863.76
SO - 0009715,2017-01-01,110,Wholesale,USD,GUT930,32,30,8,917.9,7343.2,670.07
SO - 0010069,2017-01-01,131,Wholesale,USD,GUT930,40,24,7,6492.3,45446.1,4869.23
SO - 0008504,2017-01-02,15,Distributor,USD,AXW291,15,17,7,1085.4,7597.8,629.53
SO - 0009210,2017-01-02,151,Wholesale,USD,NXH382,60,22,8,1829.1,14632.8,1006.01
SO - 0009250,2017-01-02,47,Distributor,USD,AXW291,27,14,7,2345,16415,1899.45
SO - 0009618,2017-01-02,169,Wholesale,USD,AXW291,6,6,11,1721.9,18940.9,947.05
SO - 0009793,2017-01-02,86,Distributor,USD,GUT930,44,2,8,3839.1,30712.8,2648.98
SO - 0010038,2017-01-02,167,Wholesale,USD,NXH382,57,24,12,5480.6,65767.2,4110.45
SO - 0010555,2017-01-02,26,Wholesale,USD,FLR025,65,5,10,3839.1,38391,2303.46
SO - 0008648,2017-01-03,126,Distributor,USD,FLR025,61,14,6,3832.4,22994.4,3104.24
SO - 0008983,2017-01-03,94,Wholesale,USD,NXH382,51,23,5,3778.8,18894,1662.67
SO - 0009512,2017-01-03,55,Wholesale,USD,GUT930,35,15,9,1768.8,15919.2,1308.91
SO - 0010389,2017-01-03,39,Export,USD,AXW291,7,25,8,1849.2,14793.6,1553.33
SO - 0010732,2017-01-03,153,Export,USD,GUT930,45,6,12,1085.4,13024.8,477.58
SO - 0008512,2017-01-04,22,Export,USD,FLR025,60,26,11,6056.8,66624.8,5148.28
SO - 0008098,2017-01-05,54,Export,USD,AXW291,4,4,5,6164,30820,4129.88
SO - 0008135,2017-01-05,121,Export,USD,NXH382,55,14,6,1969.8,11818.8,984.9
SO - 0008348,2017-01-05,147,Wholesale,USD,AXW291,6,15,8,6485.6,51884.8,4734.49
SO - 0008584,2017-01-05,2,Wholesale,USD,AXW291,24,3,8,2311.5,18492,1040.18
SO - 0008645,2017-01-05,65,Wholesale,USD,GUT930,41,18,12,2331.6,27979.2,1445.59
SO - 0008884,2017-01-05,157,Distributor,USD,NXH382,55,3,5,1058.6,5293,624.57
SO - 0009317,2017-01-05,67,Export,USD,AXW291,22,1,11,5983.1,65814.1,2871.89
SO - 0009457,2017-01-05,31,Wholesale,USD,GUT930,42,26,8,2525.9,20207.2,1010.36
SO - 0009883,2017-01-05,59,Export,USD,AXW291,11,28,5,683.4,3417,328.03
SO - 0010322,2017-01-05,152,Wholesale,USD,AXW291,12,6,6,241.2,1447.2,205.02
SO - 0010400,2017-01-05,3,Distributor,USD,AXW291,16,3,9,3959.7,35637.3,1623.48
SO - 0008210,2017-01-06,102,Wholesale,USD,AXW291,30,26,7,4013.3,28093.1,2367.85
SO - 0008409,2017-01-06,46,Export,USD,GUT930,41,15,9,201,1809,120.6
SO - 0008552,2017-01-06,113,Wholesale,USD,AXW291,12,16,8,2452.2,19617.6,1324.19
SO - 0008610,2017-01-06,74,Wholesale,USD,FLR025,66,26,11,1072,11792,493.12
SO - 0009335,2017-01-06,83,Distributor,USD,NXH382,55,5,5,1051.9,5259.5,452.32
SO - 0009364,2017-01-06,132,Wholesale,USD,GUT930,33,25,11,2425.4,26679.4,1770.54
SO - 0010113,2017-01-06,16,Wholesale,USD,AXW291,13,16,9,3819,34371,2482.35
SO - 0010208,2017-01-06,149,Wholesale,USD,AXW291,17,1,10,247.9,2479,205.76
SO - 0010213,2017-01-06,152,Wholesale,USD,AXW291,10,11,11,2847.5,31322.5,2363.43
SO - 0010601,2017-01-06,60,Distributor,USD,NXH382,47,16,8,1038.5,8308,425.79
SO - 0009301,2017-01-07,17,Export,USD,AXW291,24,2,10,3825.7,38257,2869.28
SO - 0010440,2017-01-07,54,Wholesale,USD,GUT930,42,16,9,2432.1,21888.9,1240.37
SO - 0008176,2017-01-08,92,Distributor,USD,AXW291,12,2,11,214.4,2358.4,124.35
SO - 0009842,2017-01-08,104,Wholesale,USD,AXW291,15,20,12,1212.7,14552.4,497.21
SO - 0008522,2017-01-09,65,Export,USD,AXW291,30,18,5,167.5,837.5,105.53
SO - 0009691,2017-01-09,64,Distributor,USD,AXW291,6,2,8,817.4,6539.2,514.96
SO - 0010327,2017-01-09,125,Wholesale,USD,FLR025,64,12,6,5688.3,34129.8,4323.11
SO - 0010712,2017-01-09,153,Distributor,USD,GUT930,44,26,9,951.4,8562.6,704.04
SO - 0008250,2017-01-10,22,Distributor,USD,GUT930,40,20,11,2639.8,29037.8,1689.47
SO - 0008280,2017-01-10,141,Wholesale,USD,GUT930,39,29,5,971.5,4857.5,806.35
SO - 0008745,2017-01-10,105,Wholesale,USD,AXW291,16,26,6,931.3,5587.8,447.02
SO - 0008888,2017-01-10,67,Wholesale,USD,GUT930,33,26,6,1058.6,6351.6,793.95
SO - 0008998,2017-01-10,130,Wholesale,USD,NXH382,51,10,5,911.2,4556,492.05
SO - 0009228,2017-01-10,94,Wholesale,USD,AXW291,27,30,5,1199.3,5996.5,791.54
SO - 0009595,2017-01-10,145,Wholesale,USD,AXW291,25,17,12,1118.9,13426.8,447.56
SO - 0010046,2017-01-10,30,Distributor,USD,AXW291,4,13,10,3999.9,39999,3359.92
SO - 0010298,2017-01-10,112,Wholesale,USD,AXW291,2,15,8,2311.5,18492,1386.9
SO - 0010661,2017-01-10,6,Wholesale,USD,AXW291,2,1,6,1159.1,6954.6,869.33
SO - 0008775,2017-01-11,15,Wholesale,USD,AXW291,27,19,7,2512.5,17587.5,1457.25
SO - 0009204,2017-01-11,100,Distributor,USD,NXH382,48,13,9,3852.5,34672.5,1541
SO - 0009829,2017-01-11,84,Wholesale,USD,FLR025,61,10,5,3926.2,19631,3062.44
SO - 0009962,2017-01-11,135,Wholesale,USD,NXH382,49,1,6,3819,22914,2253.21
SO - 0010084,2017-01-11,146,Distributor,USD,AXW291,15,16,10,2539.3,25393,1879.08
SO - 0010682,2017-01-11,36,Distributor,USD,AXW291,23,28,11,1681.7,18498.7,1227.64
SO - 0008637,2017-01-12,175,Distributor,USD,NXH382,59,5,6,1011.7,6070.2,435.03
SO - 0009153,2017-01-12,9,Wholesale,USD,AXW291,15,3,6,3879.3,23275.8,1823.27
SO - 0009548,2017-01-12,173,Wholesale,USD,AXW291,8,2,11,924.6,10170.6,591.74
SO - 0009575,2017-01-12,92,Export,USD,GUT930,45,6,8,2666.6,21332.8,2239.94
SO - 0010300,2017-01-12,98,Wholesale,USD,AXW291,15,24,10,3651.5,36515,2446.51
SO - 0010740,2017-01-12,4,Distributor,USD,NXH382,59,4,8,3966.4,31731.2,1626.22
SO - 0008654,2017-01-13,22,Distributor,USD,AXW291,30,15,8,998.3,7986.4,848.56
SO - 0008716,2017-01-13,118,Wholesale,USD,AXW291,1,3,7,2539.3,17775.1,1625.15
SO - 0009051,2017-01-13,17,Wholesale,USD,AXW291,23,14,6,194.3,1165.8,126.3
SO - 0009167,2017-01-13,67,Wholesale,USD,AXW291,23,28,11,871,9581,426.79
SO - 0009466,2017-01-13,158,Distributor,USD,GUT930,40,20,11,2391.9,26310.9,1172.03
SO - 0010370,2017-01-13,117,Distributor,USD,NXH382,54,14,10,998.3,9983,808.62
SO - 0010723,2017-01-13,31,Export,USD,NXH382,60,16,11,234.5,2579.5,157.12
SO - 0008616,2017-01-14,41,Wholesale,USD,GUT930,35,26,10,6023.3,60233,4517.48
SO - 0008790,2017-01-14,19,Export,USD,AXW291,6,7,12,2385.2,28622.4,1025.64
SO - 0008792,2017-01-14,101,Wholesale,USD,GUT930,42,13,11,3872.6,42598.6,2517.19
SO - 0008960,2017-01-14,38,Wholesale,USD,NXH382,48,28,10,1112.2,11122,745.17
SO - 0009215,2017-01-14,30,Wholesale,USD,AXW291,11,15,10,2211,22110,1857.24
SO - 0010398,2017-01-14,71,Wholesale,USD,GUT930,38,2,10,268,2680,211.72
SO - 0008102,2017-01-15,140,Wholesale,USD,GUT930,42,10,12,1078.7,12944.4,431.48
SO - 0008141,2017-01-15,65,Distributor,USD,AXW291,25,22,7,3370.1,23590.7,2763.48
SO - 0008258,2017-01-15,1,Wholesale,USD,AXW291,24,26,12,3095.4,37144.8,2073.92
SO - 0008829,2017-01-15,161,Wholesale,USD,GUT930,46,14,10,5406.9,54069,4055.18
SO - 0009050,2017-01-15,20,Distributor,USD,AXW291,26,30,11,5808.9,63897.9,2555.92
SO - 0009174,2017-01-15,156,Distributor,USD,GUT930,41,15,9,2814,25326,1181.88
SO - 0009312,2017-01-15,45,Distributor,USD,AXW291,22,15,8,1748.7,13989.6,734.45
SO - 0009651,2017-01-15,171,Wholesale,USD,AXW291,26,25,11,227.8,2505.8,134.4
SO - 0010008,2017-01-15,114,Distributor,USD,FLR025,61,1,10,2693.4,26934,1912.31
SO - 0010250,2017-01-15,22,Wholesale,USD,AXW291,12,25,12,1139,13668,728.96
SO - 0008334,2017-01-16,137,Distributor,USD,FLR025,66,26,9,1969.8,17728.2,886.41
SO - 0008393,2017-01-16,127,Wholesale,USD,AXW291,14,1,10,2438.8,24388,1999.82
SO - 0008539,2017-01-16,97,Wholesale,USD,GUT930,34,13,12,1949.7,23396.4,1267.31
SO - 0009108,2017-01-16,123,Wholesale,USD,GUT930,40,26,8,3865.9,30927.2,3092.72
SO - 0009440,2017-01-16,162,Wholesale,USD,FLR025,64,1,11,207.7,2284.7,89.31
SO - 0009606,2017-01-16,40,Wholesale,USD,AXW291,24,15,11,2907.8,31985.8,1570.21
SO - 0009745,2017-01-16,55,Export,USD,FLR025,63,25,7,201,1407,98.49
SO - 0009902,2017-01-16,26,Wholesale,USD,GUT930,37,1,8,5500.7,44005.6,2420.31
SO - 0010332,2017-01-16,109,Wholesale,USD,FLR025,62,16,12,804,9648,498.48
SO - 0010742,2017-01-16,4,Distributor,USD,NXH382,53,15,10,1983.2,19832,1606.39
SO - 0008114,2017-01-17,174,Export,USD,AXW291,11,4,8,1775.5,14204,710.2
SO - 0008877,2017-01-17,53,Distributor,USD,GUT930,42,13,8,1232.8,9862.4,493.12
SO - 0009015,2017-01-17,45,Wholesale,USD,AXW291,18,26,11,5118.8,56306.8,2149.9
SO - 0009112,2017-01-17,102,Wholesale,USD,NXH382,50,16,10,3926.2,39262,2748.34
SO - 0009151,2017-01-17,75,Export,USD,NXH382,48,20,5,1775.5,8877.5,1296.12
SO - 0009373,2017-01-17,126,Wholesale,USD,FLR025,62,8,12,2391.9,28702.8,1411.22
SO - 0009763,2017-01-17,96,Distributor,USD,GUT930,39,18,5,3953,19765,1581.2
SO - 0009806,2017-01-17,127,Wholesale,USD,GUT930,37,2,5,3939.6,19698,2403.16
SO - 0010417,2017-01-17,142,Wholesale,USD,AXW291,11,25,6,3892.7,23356.2,2880.6
SO - 0010433,2017-01-17,165,Distributor,USD,AXW291,16,1,7,1105.5,7738.5,906.51
SO - 0008109,2017-01-18,146,Distributor,USD,AXW291,17,15,6,5333.2,31999.2,4426.56
SO - 0008187,2017-01-18,149,Wholesale,USD,AXW291,15,24,12,3966.4,47596.8,2300.51
SO - 0008655,2017-01-18,67,Export,USD,AXW291,17,18,6,1125.6,6753.6,934.25
SO - 0008879,2017-01-18,128,Wholesale,USD,AXW291,19,7,10,710.2,7102,497.14
SO - 0009035,2017-01-18,3,Wholesale,USD,AXW291,6,14,7,3021.7,21151.9,1843.24
SO - 0009148,2017-01-18,122,Distributor,USD,AXW291,4,5,7,180.9,1266.3,86.83
SO - 0009298,2017-01-18,22,Distributor,USD,GUT930,36,12,10,3979.8,39798,3303.23
SO - 0009367,2017-01-18,15,Distributor,USD,FLR025,65,13,8,1011.7,8093.6,728.42
SO - 0009577,2017-01-18,84,Export,USD,NXH382,47,17,10,254.6,2546,175.67
SO - 0009608,2017-01-18,23,Distributor,USD,AXW291,2,15,7,6217.6,43523.2,4974.08
SO - 0009614,2017-01-18,82,Wholesale,USD,FLR025,65,3,8,2278,18224,1571.82
SO - 0010179,2017-01-18,9,Export,USD,FLR025,64,26,8,1896.1,15168.8,1611.69
SO - 0010256,2017-01-18,2,Wholesale,USD,GUT930,36,26,11,1011.7,11128.7,849.83
SO - 0010384,2017-01-18,76,Wholesale,USD,GUT930,42,25,5,1775.5,8877.5,1083.06
SO - 0010394,2017-01-18,138,Export,USD,NXH382,59,23,11,5219.3,57412.3,4332.02
SO - 0008618,2017-01-19,87,Distributor,USD,FLR025,64,5,6,3926.2,23557.2,1845.31
SO - 0008630,2017-01-19,104,Export,USD,NXH382,48,6,8,1963.1,15704.8,1393.8
SO - 0008812,2017-01-19,142,Wholesale,USD,NXH382,55,12,7,891.1,6237.7,543.57
SO - 0008924,2017-01-19,115,Wholesale,USD,AXW291,3,13,5,2371.8,11859,1565.39
SO - 0008953,2017-01-19,46,Distributor,USD,AXW291,9,14,10,3711.8,37118,2524.02
SO - 0009061,2017-01-19,89,Wholesale,USD,GUT930,41,2,9,221.1,1989.9,161.4
SO - 0009140,2017-01-19,65,Wholesale,USD,AXW291,28,29,7,984.9,6894.3,679.58
SO - 0009142,2017-01-19,100,Wholesale,USD,AXW291,31,4,10,5835.7,58357,2509.35
SO - 0009343,2017-01-19,154,Export,USD,NXH382,47,22,6,3457.2,20743.2,2938.62
SO - 0010122,2017-01-19,103,Wholesale,USD,GUT930,37,26,7,944.7,6612.9,462.9
SO - 0010173,2017-01-19,152,Wholesale,USD,AXW291,8,13,10,2318.2,23182,1530.01
SO - 0010396,2017-01-19,133,Export,USD,AXW291,15,15,11,3343.3,36776.3,1604.78
SO - 0008190,2017-01-20,135,Distributor,USD,AXW291,12,25,6,3892.7,23356.2,2802.74
SO - 0008327,2017-01-20,86,Distributor,USD,AXW291,23,3,11,194.3,2137.3,108.81
SO - 0008703,2017-01-20,134,Wholesale,USD,GUT930,33,7,12,2592.9,31114.8,1166.81
SO - 0008934,2017-01-20,175,Wholesale,USD,AXW291,8,25,9,4006.6,36059.4,3325.48
SO - 0010051,2017-01-20,67,Wholesale,USD,NXH382,50,26,9,1005,9045,723.6
SO - 0010081,2017-01-20,42,Wholesale,USD,FLR025,61,18,9,6056.8,54511.2,2846.7
SO - 0010104,2017-01-20,78,Distributor,USD,FLR025,62,12,7,3879.3,27155.1,3219.82
SO - 0010542,2017-01-20,134,Wholesale,USD,FLR025,62,19,12,5540.9,66490.8,2659.63
SO - 0008326,2017-01-21,131,Wholesale,USD,AXW291,16,26,7,3959.7,27717.9,2573.81
SO - 0008385,2017-01-21,62,Export,USD,AXW291,20,5,5,837.5,4187.5,502.5
SO - 0009012,2017-01-21,100,Distributor,USD,AXW291,7,29,5,207.7,1038.5,120.47
SO - 0009316,2017-01-21,93,Wholesale,USD,AXW291,14,11,11,2867.6,31543.6,1319.1
SO - 0009658,2017-01-21,84,Wholesale,USD,GUT930,36,17,11,1072,11792,696.8
SO - 0009672,2017-01-21,106,Wholesale,USD,AXW291,2,18,8,1098.8,8790.4,450.51
SO - 0009960,2017-01-21,131,Export,USD,NXH382,59,25,8,3986.5,31892,2152.71
SO - 0009980,2017-01-21,46,Wholesale,USD,GUT930,46,30,11,1085.4,11939.4,770.63
SO - 0009986,2017-01-21,82,Wholesale,USD,AXW291,25,2,7,837.5,5862.5,477.38
SO - 0010096,2017-01-21,126,Distributor,USD,AXW291,1,4,9,2720.2,24481.8,1251.29
SO - 0010271,2017-01-21,97,Wholesale,USD,AXW291,8,15,7,1782.2,12475.4,1497.05
SO - 0008945,2017-01-22,30,Distributor,USD,GUT930,45,16,10,3966.4,39664,2895.47
SO - 0008967,2017-01-22,159,Wholesale,USD,NXH382,51,25,7,2914.5,20401.5,1690.41
SO - 0009024,2017-01-22,52,Distributor,USD,GUT930,44,14,7,2003.3,14023.1,901.49
SO - 0009263,2017-01-22,135,Wholesale,USD,AXW291,29,2,8,3999.9,31999.2,2199.95
SO - 0009477,2017-01-22,97,Distributor,USD,AXW291,9,18,10,1869.3,18693,1271.12
SO - 0009506,2017-01-22,156,Wholesale,USD,GUT930,46,12,10,1279.7,12797,652.65
SO - 0009553,2017-01-22,112,Distributor,USD,AXW291,1,14,10,1058.6,10586,666.92
SO - 0009698,2017-01-22,151,Wholesale,USD,NXH382,48,20,7,2626.4,18384.8,1339.46
SO - 0010325,2017-01-22,152,Distributor,USD,AXW291,8,5,9,1078.7,9708.3,722.73
SO - 0010509,2017-01-22,36,Distributor,USD,NXH382,51,17,12,261.3,3135.6,214.27
SO - 0010630,2017-01-22,25,Wholesale,USD,AXW291,12,12,8,1051.9,8415.2,557.51
SO - 0010707,2017-01-22,74,Wholesale,USD,AXW291,7,26,12,1815.7,21788.4,980.48
SO - 0010784,2017-01-22,162,Wholesale,USD,FLR025,61,2,11,5239.4,57633.4,3824.76
SO - 0008677,2017-01-23,163,Wholesale,USD,GUT930,36,26,12,1038.5,12462,778.88
SO - 0008741,2017-01-23,169,Wholesale,USD,GUT930,40,8,8,904.5,7236,750.74
SO - 0009192,2017-01-23,128,Export,USD,AXW291,7,2,10,1728.6,17286,726.01
SO - 0009297,2017-01-23,103,Wholesale,USD,AXW291,19,5,10,1058.6,10586,529.3
SO - 0009380,2017-01-23,112,Wholesale,USD,AXW291,10,14,11,1246.2,13708.2,510.94
SO - 0009878,2017-01-23,96,Distributor,USD,FLR025,66,1,9,5025,45225,3567.75
SO - 0010355,2017-01-23,52,Distributor,USD,AXW291,6,26,8,2304.8,18438.4,1129.35
SO - 0010598,2017-01-23,134,Wholesale,USD,NXH382,57,8,9,1078.7,9708.3,765.88
SO - 0010672,2017-01-23,144,Wholesale,USD,AXW291,24,19,6,2566.1,15396.6,1950.24
SO - 0008212,2017-01-24,146,Wholesale,USD,NXH382,53,26,5,3859.2,19296,2662.85
SO - 0008469,2017-01-24,43,Export,USD,AXW291,12,24,9,1065.3,9587.7,692.45
SO - 0008597,2017-01-24,102,Distributor,USD,GUT930,44,25,5,1768.8,8844,972.84
SO - 0008650,2017-01-24,66,Distributor,USD,AXW291,30,14,8,3999.9,31999.2,3399.92
SO - 0008663,2017-01-24,140,Wholesale,USD,AXW291,29,16,7,241.2,1688.4,113.36
SO - 0009240,2017-01-24,85,Wholesale,USD,AXW291,6,13,9,3886,34974,2059.58
SO - 0009468,2017-01-24,174,Wholesale,USD,NXH382,48,5,12,1125.6,13507.2,472.75
SO - 0009641,2017-01-24,85,Distributor,USD,AXW291,17,7,5,1038.5,5192.5,643.87
SO - 0010395,2017-01-24,56,Distributor,USD,GUT930,36,14,10,964.8,9648,578.88
SO - 0010771,2017-01-24,107,Distributor,USD,AXW291,7,2,12,234.5,2814,126.63
SO - 0008366,2017-01-25,44,Wholesale,USD,AXW291,10,15,8,3906.1,31248.8,2812.39
SO - 0008450,2017-01-25,79,Distributor,USD,GUT930,40,9,5,6150.6,30753,4428.43
SO - 0008479,2017-01-25,165,Wholesale,USD,NXH382,58,25,9,268,2412,136.68
SO - 0008828,2017-01-25,108,Export,USD,AXW291,15,4,9,1695.1,15255.9,678.04
SO - 0009101,2017-01-25,136,Export,USD,GUT930,36,13,9,1051.9,9467.1,694.25
SO - 0009551,2017-01-25,48,Wholesale,USD,AXW291,30,26,6,2371.8,14230.8,1778.85
SO - 0010044,2017-01-25,113,Wholesale,USD,GUT930,34,16,12,1005,12060,824.1
SO - 0010257,2017-01-25,60,Distributor,USD,AXW291,2,4,11,1005,11055,532.65
SO - 0010623,2017-01-25,79,Distributor,USD,AXW291,11,27,9,2398.6,21587.4,1703.01
SO - 0010750,2017-01-25,161,Distributor,USD,AXW291,29,15,10,1139,11390,455.6
SO - 0008160,2017-01-26,122,Wholesale,USD,NXH382,58,8,5,2566.1,12830.5,1950.24
SO - 0008221,2017-01-26,142,Wholesale,USD,GUT930,44,4,7,1159.1,8113.7,718.64
SO - 0008267,2017-01-26,51,Wholesale,USD,NXH382,55,23,5,1098.8,5494,901.02
SO - 0009369,2017-01-26,136,Wholesale,USD,AXW291,30,13,12,3879.3,46551.6,3103.44
SO - 0009562,2017-01-26,81,Export,USD,AXW291,2,4,12,2934.6,35215.2,1437.95
SO - 0009826,2017-01-26,125,Wholesale,USD,GUT930,36,4,11,3819,42009,2711.49
SO - 0009900,2017-01-26,62,Distributor,USD,FLR025,66,4,7,850.9,5956.3,433.96
SO - 0009927,2017-01-26,84,Export,USD,AXW291,15,14,10,3953,39530,3043.81
SO - 0010248,2017-01-26,30,Wholesale,USD,AXW291,9,24,6,194.3,1165.8,157.38
SO - 0010273,2017-01-26,159,Wholesale,USD,AXW291,1,2,6,2418.7,14512.2,1910.77
SO - 0010278,2017-01-26,154,Wholesale,USD,AXW291,10,3,12,174.2,2090.4,73.16
SO - 0010426,2017-01-26,33,Wholesale,USD,NXH382,52,1,7,1112.2,7785.4,778.54
SO - 0008921,2017-01-27,54,Wholesale,USD,GUT930,45,17,6,2003.3,12019.8,1121.85
SO - 0009874,2017-01-27,10,Wholesale,USD,GUT930,40,26,6,1018.4,6110.4,804.54
SO - 0009875,2017-01-27,12,Wholesale,USD,AXW291,29,5,11,5165.7,56822.7,2996.11
SO - 0009885,2017-01-27,16,Distributor,USD,NXH382,60,2,6,1246.2,7477.2,710.33
SO - 0010194,2017-01-27,120,Wholesale,USD,GUT930,39,9,10,777.2,7772,481.86
SO - 0010204,2017-01-27,94,Distributor,USD,AXW291,26,2,8,1045.2,8361.6,846.61
SO - 0010409,2017-01-27,149,Wholesale,USD,AXW291,18,14,9,2318.2,20863.8,1089.55
SO - 0010418,2017-01-27,123,Export,USD,AXW291,20,7,7,1152.4,8066.8,898.87
SO - 0010460,2017-01-27,168,Distributor,USD,AXW291,11,7,10,2231.1,22311,1383.28
SO - 0010584,2017-01-27,69,Distributor,USD,AXW291,2,30,9,884.4,7959.6,548.33
SO - 0008345,2017-01-28,102,Distributor,USD,AXW291,28,2,7,207.7,1453.9,137.08
SO - 0008731,2017-01-28,73,Distributor,USD,AXW291,25,20,10,5353.3,53533,4122.04
SO - 0008809,2017-01-28,39,Wholesale,USD,AXW291,13,15,9,1125.6,10130.4,596.57
SO - 0009124,2017-01-28,92,Wholesale,USD,GUT930,38,22,9,227.8,2050.2,150.35
SO - 0009234,2017-01-28,121,Wholesale,USD,AXW291,18,4,8,1112.2,8897.6,556.1
SO - 0009404,2017-01-28,10,Wholesale,USD,AXW291,20,25,7,1031.8,7222.6,474.63
SO - 0009740,2017-01-28,82,Wholesale,USD,GUT930,41,27,8,1715.2,13721.6,823.3
SO - 0009921,2017-01-28,101,Distributor,USD,AXW291,27,26,7,3484,24388,2717.52
SO - 0010022,2017-01-28,100,Wholesale,USD,AXW291,15,2,5,247.9,1239.5,185.93
SO - 0010514,2017-01-28,107,Wholesale,USD,NXH382,53,25,10,1112.2,11122,600.59
SO - 0010648,2017-01-28,90,Wholesale,USD,AXW291,10,14,6,2519.2,15115.2,1914.59
SO - 0010757,2017-01-28,64,Export,USD,GUT930,42,13,7,4006.6,28046.2,3165.21
SO - 0008230,2017-01-29,61,Distributor,USD,NXH382,59,23,5,1072,5360,546.72
SO - 0008249,2017-01-29,137,Wholesale,USD,AXW291,30,25,7,3504.1,24528.7,2207.58
SO - 0008607,2017-01-29,133,Wholesale,USD,NXH382,52,26,10,241.2,2412,166.43
SO - 0009972,2017-01-29,171,Wholesale,USD,AXW291,26,28,8,2525.9,20207.2,2020.72
SO - 0010527,2017-01-29,67,Export,USD,NXH382,52,24,8,1051.9,8415.2,704.77
SO - 0010638,2017-01-29,130,Distributor,USD,GUT930,45,25,7,1909.5,13366.5,1145.7
SO - 0008594,2017-01-30,90,Wholesale,USD,NXH382,53,18,9,1286.4,11577.6,771.84
SO - 0009213,2017-01-30,174,Distributor,USD,FLR025,66,11,6,6224.3,37345.8,4481.5
SO - 0009249,2017-01-30,87,Wholesale,USD,AXW291,18,2,6,1072,6432,825.44
SO - 0010003,2017-01-30,60,Distributor,USD,AXW291,6,20,6,5299.7,31798.2,2172.88
SO - 0010593,2017-01-30,150,Wholesale,USD,AXW291,28,1,5,1025.1,5125.5,717.57
SO - 0008171,2017-01-31,10,Distributor,USD,NXH382,55,17,10,2318.2,23182,1553.19
SO - 0008237,2017-01-31,63,Wholesale,USD,NXH382,51,25,9,3919.5,35275.5,2586.87
SO - 0008241,2017-01-31,163,Distributor,USD,AXW291,4,13,10,1045.2,10452,501.7
SO - 0008782,2017-01-31,48,Distributor,USD,AXW291,9,5,6,2626.4,15758.4,1785.95
SO - 0008853,2017-01-31,105,Distributor,USD,GUT930,47,3,6,2231.1,13386.6,1740.26
SO - 0009399,2017-01-31,89,Wholesale,USD,AXW291,18,15,10,1105.5,11055,674.36
SO - 0009673,2017-01-31,139,Wholesale,USD,AXW291,16,28,12,730.3,8763.6,482
SO - 0010085,2017-01-31,124,Distributor,USD,NXH382,53,18,5,1782.2,8911,712.88
SO - 0010119,2017-01-31,164,Distributor,USD,GUT930,46,23,8,1862.6,14900.8,745.04
SO - 0010142,2017-01-31,149,Distributor,USD,AXW291,16,19,7,234.5,1641.5,93.8
SO - 0010489,2017-01-31,96,Wholesale,USD,FLR025,60,26,11,3671.6,40387.6,2459.97
SO - 0008137,2017-02-01,3,Export,USD,GUT930,35,15,6,3865.9,23195.4,2396.86
SO - 0008497,2017-02-01,135,Distributor,USD,AXW291,5,26,9,2412,21708,1784.88
SO - 0009014,2017-02-01,103,Wholesale,USD,AXW291,6,14,12,2365.1,28381.2,1348.11
SO - 0009163,2017-02-01,140,Export,USD,NXH382,53,23,7,201,1407,84.42
SO - 0009508,2017-02-01,90,Wholesale,USD,AXW291,9,20,8,1125.6,9004.8,855.46
SO - 0009612,2017-02-01,84,Wholesale,USD,AXW291,28,27,5,1092.1,5460.5,458.68
SO - 0010159,2017-02-01,60,Export,USD,GUT930,38,25,9,2485.7,22371.3,1043.99
SO - 0010562,2017-02-01,28,Distributor,USD,NXH382,59,4,7,770.5,5393.5,562.47
SO - 0008138,2017-02-02,120,Wholesale,USD,AXW291,4,14,11,5768.7,63455.7,4557.27
SO - 0008364,2017-02-02,164,Wholesale,USD,GUT930,44,21,11,6244.4,68688.4,5182.85
SO - 0009238,2017-02-02,54,Distributor,USD,GUT930,33,25,10,3999.9,39999,2119.95
SO - 0009861,2017-02-02,23,Distributor,USD,AXW291,24,2,5,3825.7,19128.5,2486.71
SO - 0009957,2017-02-02,160,Wholesale,USD,AXW291,5,8,5,1085.4,5427,911.74
SO - 0010312,2017-02-02,110,Wholesale,USD,AXW291,19,11,12,1058.6,12703.2,508.13
SO - 0008132,2017-02-03,74,Distributor,USD,AXW291,18,6,12,911.2,10934.4,537.61
SO - 0008204,2017-02-03,152,Distributor,USD,AXW291,28,7,5,254.6,1273,106.93
SO - 0008213,2017-02-03,159,Wholesale,USD,AXW291,15,2,8,3825.7,30605.6,3137.07
SO - 0008414,2017-02-03,12,Wholesale,USD,FLR025,65,29,5,1922.9,9614.5,1288.34
SO - 0009401,2017-02-03,30,Wholesale,USD,AXW291,30,8,6,3705.1,22230.6,2260.11
SO - 0010274,2017-02-03,17,Wholesale,USD,FLR025,66,14,5,1025.1,5125.5,563.81
SO - 0010450,2017-02-03,158,Distributor,USD,AXW291,11,2,7,2793.9,19557.3,1452.83
SO - 0008511,2017-02-04,70,Export,USD,AXW291,12,25,11,247.9,2726.9,131.39
SO - 0008555,2017-02-04,64,Wholesale,USD,NXH382,56,19,11,3999.9,43998.9,2799.93
SO - 0008556,2017-02-04,135,Export,USD,FLR025,61,25,8,991.6,7932.8,634.62
SO - 0008916,2017-02-04,121,Export,USD,AXW291,8,9,6,1132.3,6793.8,611.44
SO - 0008954,2017-02-04,126,Distributor,USD,AXW291,19,19,10,3939.6,39396,3348.66
SO - 0009611,2017-02-04,71,Distributor,USD,GUT930,45,21,6,2572.8,15436.8,1595.14
SO - 0008481,2017-02-05,144,Wholesale,USD,AXW291,12,20,8,3852.5,30820,3236.1
SO - 0009285,2017-02-05,31,Wholesale,USD,NXH382,48,13,7,3798.9,26592.3,2583.25
SO - 0009538,2017-02-05,13,Export,USD,AXW291,14,26,12,2010,24120,1467.3
SO - 0009755,2017-02-05,139,Wholesale,USD,AXW291,28,1,8,1688.4,13507.2,675.36
SO - 0009838,2017-02-05,12,Wholesale,USD,GUT930,34,20,9,5085.3,45767.7,3661.42
SO - 0010212,2017-02-05,139,Distributor,USD,NXH382,58,10,7,241.2,1688.4,202.61
SO - 0010253,2017-02-05,121,Wholesale,USD,FLR025,63,3,8,254.6,2036.8,142.58
SO - 0010373,2017-02-05,115,Wholesale,USD,AXW291,24,25,10,3906.1,39061,2695.21
SO - 0008271,2017-02-06,48,Wholesale,USD,NXH382,48,14,5,1058.6,5293,698.68
SO - 0008332,2017-02-06,142,Wholesale,USD,FLR025,62,5,10,5668.2,56682,3344.24
SO - 0008461,2017-02-06,131,Distributor,USD,AXW291,11,13,7,864.3,6050.1,596.37
SO - 0008720,2017-02-06,99,Wholesale,USD,GUT930,35,25,6,268,1608,209.04
SO - 0009642,2017-02-06,109,Distributor,USD,GUT930,41,1,10,984.9,9849,768.22
SO - 0009919,2017-02-06,164,Wholesale,USD,GUT930,38,30,10,1273,12730,801.99
SO - 0010176,2017-02-06,101,Distributor,USD,AXW291,2,19,12,1996.6,23959.2,1677.14
SO - 0010286,2017-02-06,160,Wholesale,USD,AXW291,26,5,6,1051.9,6311.4,483.87
SO - 0010592,2017-02-06,80,Wholesale,USD,NXH382,58,5,5,1112.2,5561,633.95
SO - 0008331,2017-02-07,69,Export,USD,FLR025,64,21,10,174.2,1742,102.78
SO - 0008926,2017-02-07,161,Wholesale,USD,GUT930,36,15,7,221.1,1547.7,161.4
SO - 0009186,2017-02-07,74,Wholesale,USD,NXH382,58,19,9,1266.3,11396.7,835.76
SO - 0009304,2017-02-07,72,Wholesale,USD,GUT930,32,26,5,938,4690,684.74
SO - 0009357,2017-02-07,88,Wholesale,USD,AXW291,24,2,10,2391.9,23919,1793.93
SO - 0010018,2017-02-07,53,Distributor,USD,FLR025,65,12,9,1788.9,16100.1,1484.79
SO - 0010105,2017-02-07,62,Wholesale,USD,AXW291,3,4,10,221.1,2211,119.39
SO - 0010492,2017-02-07,105,Wholesale,USD,GUT930,31,26,6,3705.1,22230.6,2964.08
SO - 0008361,2017-02-08,106,Distributor,USD,AXW291,25,1,6,6056.8,36340.8,4118.62
SO - 0008404,2017-02-08,159,Distributor,USD,AXW291,16,24,9,2345,21105,1735.3
SO - 0008981,2017-02-08,49,Distributor,USD,AXW291,16,14,10,3819,38190,2482.35
SO - 0009817,2017-02-08,114,Wholesale,USD,FLR025,63,8,9,3879.3,34913.7,3219.82
SO - 0009897,2017-02-08,100,Wholesale,USD,FLR025,63,19,10,2700.1,27001,1755.07
SO - 0010548,2017-02-08,123,Export,USD,AXW291,23,14,12,5313.1,63757.2,2815.94
SO - 0009453,2017-02-09,77,Distributor,USD,FLR025,61,14,11,2586.2,28448.2,1965.51
SO - 0009757,2017-02-09,112,Wholesale,USD,AXW291,14,8,5,3859.2,19296,1929.6
SO - 0010020,2017-02-09,141,Distributor,USD,AXW291,6,6,8,1125.6,9004.8,585.31
SO - 0010153,2017-02-09,63,Wholesale,USD,AXW291,20,21,6,964.8,5788.8,578.88
SO - 0010262,2017-02-09,73,Wholesale,USD,AXW291,11,25,6,5118.8,30712.8,2303.46
SO - 0010477,2017-02-09,55,Export,USD,NXH382,60,4,10,1132.3,11323,452.92
SO - 0008215,2017-02-10,171,Wholesale,USD,NXH382,55,30,5,3979.8,19899,2467.48
SO - 0008847,2017-02-10,167,Wholesale,USD,NXH382,48,10,12,2391.9,28702.8,1387.3
SO - 0009120,2017-02-10,142,Wholesale,USD,AXW291,18,13,11,3939.6,43335.6,2560.74
SO - 0009225,2017-02-10,59,Wholesale,USD,AXW291,30,25,8,3142.3,25138.4,2608.11
SO - 0010175,2017-02-10,104,Distributor,USD,AXW291,15,17,7,3999.9,27999.3,1879.95
SO - 0010331,2017-02-10,33,Export,USD,NXH382,57,6,7,1145.7,8019.9,469.74
SO - 0010368,2017-02-10,99,Export,USD,AXW291,9,26,10,3825.7,38257,1759.82
SO - 0010604,2017-02-10,95,Wholesale,USD,NXH382,58,19,11,5078.6,55864.6,4113.67
SO - 0008279,2017-02-11,145,Distributor,USD,AXW291,7,30,12,2492.4,29908.8,996.96
SO - 0008911,2017-02-11,104,Wholesale,USD,NXH382,53,15,10,1078.7,10787,539.35
SO - 0009025,2017-02-11,135,Wholesale,USD,AXW291,13,4,7,1969.8,13788.6,1654.63
SO - 0009714,2017-02-11,4,Distributor,USD,AXW291,4,17,8,2881,23048,2189.56
SO - 0010089,2017-02-11,88,Wholesale,USD,FLR025,62,4,12,6452.1,77425.2,4580.99
SO - 0008747,2017-02-12,58,Export,USD,AXW291,5,18,8,2458.9,19671.2,1327.81
SO - 0008996,2017-02-12,50,Distributor,USD,FLR025,66,4,5,2921.2,14606,2366.17
SO - 0009154,2017-02-12,48,Wholesale,USD,AXW291,22,14,10,5118.8,51188,3890.29
SO - 0009873,2017-02-12,43,Wholesale,USD,GUT930,44,12,7,2646.5,18525.5,1482.04
SO - 0010405,2017-02-12,7,Wholesale,USD,AXW291,18,27,10,2512.5,25125,1030.13
SO - 0008377,2017-02-13,21,Distributor,USD,GUT930,39,3,9,3845.8,34612.2,1922.9
SO - 0008702,2017-02-13,153,Wholesale,USD,AXW291,27,17,10,1058.6,10586,539.89
SO - 0008777,2017-02-13,39,Distributor,USD,GUT930,37,20,6,167.5,1005,87.1
SO - 0008959,2017-02-13,119,Distributor,USD,NXH382,55,3,12,1889.4,22672.8,906.91
SO - 0009632,2017-02-13,87,Wholesale,USD,NXH382,53,14,6,1065.3,6391.8,745.71
SO - 0009712,2017-02-13,102,Wholesale,USD,AXW291,4,25,10,1072,10720,761.12
SO - 0010171,2017-02-13,29,Distributor,USD,AXW291,29,26,5,2492.4,12462,1296.05
SO - 0009386,2017-02-14,132,Wholesale,USD,AXW291,6,30,9,1326.6,11939.4,1061.28
SO - 0008520,2017-02-15,127,Wholesale,USD,GUT930,44,26,7,3879.3,27155.1,2754.3
SO - 0008927,2017-02-15,33,Distributor,USD,NXH382,55,14,8,1118.9,8951.2,593.02
SO - 0008955,2017-02-15,74,Wholesale,USD,NXH382,49,2,5,180.9,904.5,133.87
SO - 0008956,2017-02-15,137,Wholesale,USD,GUT930,38,14,9,1045.2,9406.8,888.42
SO - 0010517,2017-02-15,45,Wholesale,USD,NXH382,54,15,10,3852.5,38525,2234.45
SO - 0009179,2017-02-16,33,Wholesale,USD,AXW291,28,13,12,1139,13668,569.5
SO - 0009411,2017-02-16,22,Distributor,USD,AXW291,10,3,7,1118.9,7832.3,749.66
SO - 0009462,2017-02-16,151,Wholesale,USD,AXW291,2,27,8,247.9,1983.2,114.03
SO - 0009780,2017-02-16,55,Wholesale,USD,NXH382,53,26,11,1849.2,20341.2,906.11
SO - 0009939,2017-02-16,4,Export,USD,AXW291,3,13,11,2385.2,26237.2,1765.05
SO - 0010039,2017-02-16,171,Distributor,USD,GUT930,34,26,6,1996.6,11979.6,938.4
SO - 0010317,2017-02-16,144,Distributor,USD,AXW291,1,13,9,268,2412,222.44
SO - 0008226,2017-02-17,121,Wholesale,USD,AXW291,5,20,11,938,10318,684.74
SO - 0008275,2017-02-17,48,Wholesale,USD,NXH382,59,22,5,2552.7,12763.5,1225.3
SO - 0008310,2017-02-17,71,Wholesale,USD,AXW291,6,11,5,3819,19095,2940.63
SO - 0008456,2017-02-17,106,Export,USD,GUT930,36,19,8,2371.8,18974.4,1304.49
SO - 0008513,2017-02-17,112,Export,USD,FLR025,60,5,11,1340,14740,830.8
SO - 0008976,2017-02-17,25,Wholesale,USD,GUT930,32,10,6,254.6,1527.6,155.31
SO - 0009143,2017-02-17,27,Wholesale,USD,FLR025,64,18,11,2860.9,31469.9,2288.72
SO - 0009226,2017-02-17,7,Distributor,USD,NXH382,51,1,5,1125.6,5628,686.62
SO - 0009523,2017-02-17,25,Wholesale,USD,AXW291,28,30,7,1139,7973,455.6
SO - 0009528,2017-02-17,65,Export,USD,AXW291,13,4,6,201,1206,82.41
SO - 0009840,2017-02-17,84,Export,USD,AXW291,25,14,11,2003.3,22036.3,1121.85
SO - 0010129,2017-02-17,45,Wholesale,USD,GUT930,47,15,9,1105.5,9949.5,895.46
SO - 0010243,2017-02-17,38,Wholesale,USD,AXW291,28,26,11,1199.3,13192.3,515.7
SO - 0008389,2017-02-18,120,Wholesale,USD,AXW291,4,13,5,1929.6,9648,1485.79
SO - 0008495,2017-02-18,42,Wholesale,USD,AXW291,12,1,9,670,6030,435.5
SO - 0008611,2017-02-18,165,Distributor,USD,FLR025,66,28,7,1996.6,13976.2,1477.48
SO - 0008779,2017-02-18,78,Export,USD,AXW291,16,26,5,1132.3,5661.5,532.18
SO - 0008830,2017-02-18,151,Wholesale,USD,FLR025,61,25,11,1815.7,19972.7,1434.4
SO - 0009079,2017-02-18,25,Distributor,USD,GUT930,44,11,5,5956.3,29781.5,3216.4
SO - 0009273,2017-02-18,74,Distributor,USD,AXW291,2,15,7,3865.9,27061.3,1701
SO - 0009293,2017-02-18,57,Wholesale,USD,NXH382,50,1,8,3966.4,31731.2,2300.51
SO - 0009355,2017-02-18,61,Wholesale,USD,GUT930,40,19,12,2398.6,28783.2,1127.34
SO - 0010017,2017-02-18,175,Distributor,USD,GUT930,40,7,12,1246.2,14954.4,834.95
SO - 0010573,2017-02-18,145,Distributor,USD,AXW291,3,11,5,3028.4,15142,1907.89
SO - 0010668,2017-02-18,135,Wholesale,USD,GUT930,44,3,10,221.1,2211,90.65
SO - 0008194,2017-02-19,56,Wholesale,USD,NXH382,56,13,5,3892.7,19463.5,2102.06
SO - 0008199,2017-02-19,90,Distributor,USD,GUT930,46,15,5,1681.7,8408.5,1294.91
SO - 0008872,2017-02-19,103,Export,USD,AXW291,4,26,8,2479,19832,1735.3
SO - 0009013,2017-02-19,79,Wholesale,USD,FLR025,63,1,6,227.8,1366.8,109.34
SO - 0009058,2017-02-19,10,Wholesale,USD,AXW291,18,19,5,5179.1,25895.5,2434.18
SO - 0009428,2017-02-19,94,Wholesale,USD,NXH382,54,26,6,1943,11658,1165.8
SO - 0009758,2017-02-19,28,Wholesale,USD,AXW291,24,4,8,1031.8,8254.4,608.76
SO - 0009856,2017-02-19,105,Wholesale,USD,AXW291,25,15,11,3939.6,43335.6,2718.32
SO - 0010457,2017-02-19,56,Wholesale,USD,AXW291,15,25,12,1762.1,21145.2,1497.79
SO - 0010776,2017-02-19,125,Distributor,USD,NXH382,55,16,6,1051.9,6311.4,704.77
SO - 0008149,2017-02-20,135,Wholesale,USD,FLR025,64,5,11,1688.4,18572.4,894.85
SO - 0008322,2017-02-20,15,Wholesale,USD,AXW291,10,16,7,3926.2,27483.4,2002.36
SO - 0009198,2017-02-20,161,Wholesale,USD,GUT930,35,1,10,3959.7,39597,2930.18
SO - 0009429,2017-02-20,161,Export,USD,AXW291,24,2,10,1125.6,11256,709.13
SO - 0009480,2017-02-20,34,Export,USD,AXW291,20,15,10,1185.9,11859,640.39
SO - 0009695,2017-02-20,141,Distributor,USD,NXH382,59,13,12,1005,12060,613.05
SO - 0009937,2017-02-20,106,Wholesale,USD,GUT930,40,18,7,1943,13601,835.49
SO - 0008150,2017-02-21,118,Distributor,USD,AXW291,1,13,10,2619.7,26197,1938.58
SO - 0008411,2017-02-21,66,Distributor,USD,GUT930,43,11,9,6257.8,56320.2,3066.32
SO - 0008629,2017-02-21,129,Distributor,USD,GUT930,45,1,5,2358.4,11792,990.53
SO - 0008841,2017-02-21,64,Wholesale,USD,AXW291,20,3,6,5165.7,30994.2,2737.82
SO - 0009037,2017-02-21,15,Wholesale,USD,AXW291,11,25,7,2472.3,17306.1,1236.15
SO - 0009089,2017-02-21,33,Wholesale,USD,NXH382,53,1,8,268,2144,147.4
SO - 0009202,2017-02-21,39,Wholesale,USD,AXW291,21,21,7,2458.9,17212.3,1303.22
SO - 0009482,2017-02-21,40,Wholesale,USD,GUT930,34,26,11,3979.8,43777.8,2427.68
SO - 0009623,2017-02-21,154,Wholesale,USD,AXW291,7,5,12,5293,63516,3228.73
SO - 0010423,2017-02-21,121,Wholesale,USD,GUT930,40,27,7,3986.5,27905.5,2989.88
SO - 0010508,2017-02-21,84,Wholesale,USD,NXH382,47,30,10,1882.7,18827,1110.79
SO - 0010625,2017-02-21,45,Wholesale,USD,NXH382,48,15,9,2412,21708,1664.28
SO - 0008410,2017-02-22,10,Distributor,USD,GUT930,37,13,7,2358.4,16508.8,1462.21
SO - 0009491,2017-02-22,170,Wholesale,USD,AXW291,27,16,5,1125.6,5628,934.25
SO - 0009841,2017-02-22,125,Wholesale,USD,FLR025,63,26,7,1005,7035,432.15
SO - 0009865,2017-02-22,25,Wholesale,USD,FLR025,61,1,8,2485.7,19885.6,1168.28
SO - 0010386,2017-02-22,71,Export,USD,AXW291,25,9,12,5386.8,64641.6,4417.18
SO - 0010408,2017-02-22,136,Distributor,USD,NXH382,56,15,11,971.5,10686.5,505.18
SO - 0010414,2017-02-22,100,Distributor,USD,FLR025,66,19,9,2505.8,22552.2,1779.12
SO - 0010642,2017-02-22,117,Export,USD,GUT930,41,3,7,964.8,6753.6,588.53
SO - 0008239,2017-02-23,38,Wholesale,USD,NXH382,52,25,7,3986.5,27905.5,1634.47
SO - 0009308,2017-02-23,9,Distributor,USD,AXW291,30,27,6,1299.8,7798.8,675.9
SO - 0009322,2017-02-23,42,Distributor,USD,NXH382,54,16,12,5400.2,64802.4,3780.14
SO - 0009544,2017-02-23,13,Wholesale,USD,NXH382,58,16,11,2586.2,28448.2,1086.2
SO - 0009579,2017-02-23,82,Wholesale,USD,GUT930,45,23,6,1025.1,6150.6,635.56
SO - 0010067,2017-02-23,49,Export,USD,NXH382,56,10,11,2458.9,27047.9,1524.52
SO - 0010576,2017-02-23,117,Distributor,USD,GUT930,38,13,5,864.3,4321.5,363.01
SO - 0008333,2017-02-24,53,Wholesale,USD,AXW291,31,30,10,1876,18760,1106.84
SO - 0008550,2017-02-24,144,Wholesale,USD,AXW291,21,15,12,1038.5,12462,519.25
SO - 0008729,2017-02-24,147,Distributor,USD,AXW291,16,3,9,3504.1,31536.9,1997.34
SO - 0008739,2017-02-24,148,Wholesale,USD,FLR025,61,14,9,837.5,7537.5,561.13
SO - 0008939,2017-02-24,29,Wholesale,USD,AXW291,7,4,5,3718.5,18592.5,2751.69
SO - 0009393,2017-02-24,99,Distributor,USD,NXH382,48,29,5,1058.6,5293,709.26
SO - 0009474,2017-02-24,158,Distributor,USD,AXW291,31,26,6,254.6,1527.6,150.21
SO - 0010064,2017-02-24,168,Distributor,USD,AXW291,13,25,7,2592.9,18150.3,1089.02
SO - 0010156,2017-02-24,83,Distributor,USD,NXH382,56,25,9,2432.1,21888.9,1556.54
SO - 0010282,2017-02-24,164,Wholesale,USD,AXW291,28,25,9,1983.2,17848.8,1408.07
SO - 0008510,2017-02-25,107,Wholesale,USD,FLR025,65,20,5,3845.8,19229,2269.02
SO - 0008913,2017-02-25,67,Wholesale,USD,NXH382,48,25,7,1018.4,7128.8,814.72
SO - 0009221,2017-02-25,26,Wholesale,USD,NXH382,53,18,5,4020,20100,2170.8
SO - 0009347,2017-02-25,67,Distributor,USD,GUT930,36,12,10,5266.2,52662,4160.3
SO - 0009431,2017-02-25,48,Wholesale,USD,GUT930,39,5,10,3859.2,38592,1698.05
SO - 0009768,2017-02-25,61,Wholesale,USD,AXW291,11,3,5,2653.2,13266,1698.05
SO - 0009843,2017-02-25,113,Distributor,USD,AXW291,12,14,12,2284.7,27416.4,1690.68
SO - 0010198,2017-02-25,63,Wholesale,USD,AXW291,31,26,10,3008.3,30083,2075.73
SO - 0008295,2017-02-26,132,Wholesale,USD,FLR025,62,14,9,3162.4,28461.6,1739.32
SO - 0008439,2017-02-26,159,Export,USD,AXW291,17,21,9,971.5,8743.5,446.89
SO - 0009056,2017-02-26,107,Wholesale,USD,AXW291,19,4,7,1011.7,7081.9,708.19
SO - 0009220,2017-02-26,112,Distributor,USD,AXW291,2,20,12,3966.4,47596.8,1705.55
SO - 0009739,2017-02-26,163,Distributor,USD,FLR025,66,5,6,2706.8,16240.8,1786.49
SO - 0010708,2017-02-26,31,Wholesale,USD,GUT930,42,30,8,5152.3,41218.4,2576.15
SO - 0008501,2017-02-27,10,Wholesale,USD,AXW291,19,27,7,2525.9,17681.3,1338.73
SO - 0009604,2017-02-27,95,Export,USD,AXW291,5,8,9,1051.9,9467.1,820.48
SO - 0009855,2017-02-27,31,Wholesale,USD,AXW291,30,26,8,3477.3,27818.4,1947.29
SO - 0010076,2017-02-27,124,Wholesale,USD,GUT930,34,26,8,864.3,6914.4,630.94
SO - 0010301,2017-02-27,115,Wholesale,USD,AXW291,19,8,12,1065.3,12783.6,681.79
SO - 0010512,2017-02-27,32,Distributor,USD,AXW291,15,2,7,1775.5,12428.5,1473.67
SO - 0008158,2017-02-28,149,Distributor,USD,NXH382,47,26,10,951.4,9514,675.49
SO - 0008365,2017-02-28,65,Wholesale,USD,GUT930,33,15,11,3852.5,42377.5,1926.25
SO - 0008608,2017-02-28,32,Distributor,USD,GUT930,37,13,11,4020,44220,3417
SO - 0008682,2017-02-28,135,Wholesale,USD,AXW291,9,4,8,3819,30552,2635.11
SO - 0008708,2017-02-28,12,Distributor,USD,NXH382,56,25,9,3289.7,29607.3,1677.75
SO - 0009342,2017-02-28,118,Wholesale,USD,NXH382,52,7,6,1152.4,6914.4,576.2
SO - 0009502,2017-02-28,80,Distributor,USD,NXH382,57,18,5,214.4,1072,132.93
SO - 0010128,2017-02-28,157,Export,USD,FLR025,62,12,10,1038.5,10385,623.1
SO - 0010436,2017-02-28,95,Distributor,USD,GUT930,41,17,8,3892.7,31141.6,2919.53
SO - 0010588,2017-02-28,97,Wholesale,USD,AXW291,5,6,12,3852.5,46230,3082
SO - 0008419,2017-03-01,49,Wholesale,USD,GUT930,42,17,9,1038.5,9346.5,498.48
SO - 0008515,2017-03-01,80,Wholesale,USD,AXW291,19,7,10,227.8,2278,127.57
SO - 0008755,2017-03-01,41,Distributor,USD,AXW291,20,14,11,6023.3,66256.3,3915.15
SO - 0008989,2017-03-01,164,Distributor,USD,AXW291,28,14,11,3899.4,42893.4,2456.62
SO - 0009332,2017-03-01,143,Wholesale,USD,NXH382,58,11,8,1701.8,13614.4,1021.08
SO - 0009536,2017-03-01,94,Export,USD,AXW291,15,3,8,1849.2,14793.6,1442.38
SO - 0009696,2017-03-01,170,Wholesale,USD,AXW291,29,24,6,3845.8,23074.8,2961.27
SO - 0009801,2017-03-01,51,Distributor,USD,GUT930,36,25,10,1996.6,19966,1078.16
SO - 0009853,2017-03-01,154,Wholesale,USD,GUT930,41,6,12,1721.9,20662.8,964.26
SO - 0008222,2017-03-02,9,Wholesale,USD,AXW291,16,27,6,1125.6,6753.6,596.57
SO - 0008317,2017-03-02,28,Export,USD,GUT930,39,6,9,3484,31356,2891.72
SO - 0008675,2017-03-02,31,Wholesale,USD,NXH382,55,18,9,5735.2,51616.8,3383.77
SO - 0009244,2017-03-02,130,Wholesale,USD,AXW291,20,16,8,234.5,1876,154.77
SO - 0009834,2017-03-02,74,Distributor,USD,AXW291,28,2,9,1031.8,9286.2,794.49
SO - 0008492,2017-03-03,35,Distributor,USD,GUT930,35,22,10,1902.8,19028,1046.54
SO - 0009831,2017-03-03,160,Export,USD,AXW291,24,14,10,1313.2,13132,577.81
SO - 0010354,2017-03-03,60,Distributor,USD,NXH382,56,15,6,2639.8,15838.8,1768.67
SO - 0010690,2017-03-03,129,Distributor,USD,GUT930,42,19,5,5969.7,29848.5,4417.58
SO - 0008780,2017-03-04,114,Distributor,USD,GUT930,45,22,7,1085.4,7597.8,445.01
SO - 0009345,2017-03-04,150,Distributor,USD,FLR025,62,3,8,1105.5,8844,895.46
SO - 0009454,2017-03-04,31,Distributor,USD,FLR025,61,26,12,3999.9,47998.8,2159.95
SO - 0009647,2017-03-04,63,Distributor,USD,GUT930,41,14,10,1072,10720,718.24
SO - 0010197,2017-03-04,44,Wholesale,USD,GUT930,46,14,5,757.1,3785.5,423.98
SO - 0010523,2017-03-04,135,Distributor,USD,GUT930,33,7,10,2458.9,24589,2016.3
SO - 0010727,2017-03-04,135,Wholesale,USD,NXH382,49,19,12,227.8,2733.6,107.07
SO - 0010728,2017-03-04,115,Wholesale,USD,NXH382,51,14,9,167.5,1507.5,73.7
SO - 0008324,2017-03-05,21,Wholesale,USD,AXW291,8,4,7,3169.1,22183.7,2313.44
SO - 0009119,2017-03-05,84,Wholesale,USD,FLR025,62,14,7,1139,7973,683.4
SO - 0009125,2017-03-05,147,Distributor,USD,AXW291,22,9,10,1072,10720,428.8
SO - 0009237,2017-03-05,171,Distributor,USD,AXW291,24,15,9,180.9,1628.1,146.53
SO - 0009555,2017-03-05,174,Wholesale,USD,GUT930,35,8,7,1105.5,7738.5,906.51
SO - 0010693,2017-03-05,21,Wholesale,USD,AXW291,10,3,9,3289.7,29607.3,2500.17
SO - 0008260,2017-03-06,8,Wholesale,USD,AXW291,1,26,6,978.2,5869.2,684.74
SO - 0008498,2017-03-06,80,Distributor,USD,GUT930,37,21,7,2726.9,19088.3,2045.18
SO - 0008531,2017-03-06,63,Export,USD,AXW291,6,4,9,1989.9,17909.1,994.95
SO - 0008699,2017-03-06,42,Wholesale,USD,AXW291,31,18,12,3993.2,47918.4,1916.74
SO - 0008974,2017-03-06,33,Export,USD,AXW291,6,17,12,857.6,10291.2,488.83
SO - 0009490,2017-03-06,121,Distributor,USD,AXW291,28,21,7,2539.3,17775.1,1244.26
SO - 0009599,2017-03-06,42,Export,USD,GUT930,38,1,8,3999.9,31999.2,2159.95
SO - 0010147,2017-03-06,83,Wholesale,USD,AXW291,21,5,7,737,5159,368.5
SO - 0010252,2017-03-06,81,Wholesale,USD,GUT930,42,28,7,1159.1,8113.7,660.69
SO - 0008157,2017-03-07,106,Wholesale,USD,GUT930,34,26,7,3859.2,27014.4,1891.01
SO - 0008235,2017-03-07,45,Export,USD,GUT930,40,15,11,3959.7,43556.7,2375.82
SO - 0008532,2017-03-07,72,Wholesale,USD,GUT930,42,5,11,938,10318,675.36
SO - 0008541,2017-03-07,86,Wholesale,USD,NXH382,54,13,6,3939.6,23637.6,2206.18
SO - 0008640,2017-03-07,12,Distributor,USD,GUT930,32,26,6,1701.8,10210.8,816.86
SO - 0009754,2017-03-07,117,Distributor,USD,GUT930,35,17,6,1085.4,6512.4,770.63
SO - 0010144,2017-03-07,43,Wholesale,USD,AXW291,9,18,7,1031.8,7222.6,577.81
SO - 0010392,2017-03-07,166,Export,USD,GUT930,41,2,11,1326.6,14592.6,1101.08
SO - 0010754,2017-03-07,43,Distributor,USD,GUT930,37,6,9,1963.1,17667.9,1629.37
SO - 0008211,2017-03-08,6,Wholesale,USD,AXW291,24,25,12,1112.2,13346.4,645.08
SO - 0008478,2017-03-08,9,Distributor,USD,AXW291,8,25,12,3919.5,47034,2273.31
SO - 0008797,2017-03-08,106,Wholesale,USD,AXW291,14,5,7,1829.1,12803.7,969.42
SO - 0008821,2017-03-08,5,Wholesale,USD,NXH382,57,17,7,2398.6,16790.2,1439.16
SO - 0009158,2017-03-08,3,Wholesale,USD,GUT930,45,1,11,1306.5,14371.5,1084.4
SO - 0009182,2017-03-08,97,Distributor,USD,NXH382,54,1,12,3825.7,45908.4,3175.33
SO - 0009319,2017-03-08,38,Distributor,USD,GUT930,33,3,8,1078.7,8629.6,442.27
SO - 0009410,2017-03-08,153,Wholesale,USD,NXH382,51,25,10,2525.9,25259,1288.21
SO - 0009591,2017-03-08,155,Wholesale,USD,GUT930,34,5,8,3959.7,31677.6,1663.07
SO - 0009625,2017-03-08,103,Wholesale,USD,AXW291,5,20,12,897.8,10773.6,574.59
SO - 0009926,2017-03-08,154,Wholesale,USD,FLR025,62,17,8,167.5,1340,77.05
SO - 0010634,2017-03-08,15,Wholesale,USD,GUT930,43,23,11,1192.6,13118.6,644
SO - 0010775,2017-03-08,161,Distributor,USD,AXW291,2,15,10,201,2010,168.84
SO - 0010780,2017-03-08,117,Distributor,USD,GUT930,46,2,7,3886,27202,2914.5
SO - 0008789,2017-03-09,163,Distributor,USD,NXH382,54,6,6,1869.3,11215.8,1028.12
SO - 0008820,2017-03-09,106,Wholesale,USD,GUT930,39,12,8,3819,30552,2253.21
SO - 0009118,2017-03-09,7,Wholesale,USD,AXW291,14,14,9,2505.8,22552.2,1303.02
SO - 0009649,2017-03-09,57,Wholesale,USD,AXW291,25,13,8,1078.7,8629.6,744.3
SO - 0009722,2017-03-09,145,Distributor,USD,AXW291,25,15,10,5614.6,56146,3761.78
SO - 0010402,2017-03-09,25,Wholesale,USD,FLR025,64,18,10,5159,51590,3301.76
SO - 0010689,2017-03-09,163,Wholesale,USD,NXH382,57,14,7,1708.5,11959.5,1042.19
SO - 0010781,2017-03-09,162,Wholesale,USD,AXW291,3,14,8,984.9,7879.2,827.32
SO - 0008338,2017-03-10,67,Wholesale,USD,AXW291,12,26,7,5427,37989,2170.8
SO - 0008372,2017-03-10,86,Export,USD,AXW291,16,26,5,938,4690,534.66
SO - 0008424,2017-03-10,105,Wholesale,USD,AXW291,25,6,9,3832.4,34491.6,2069.5
SO - 0008862,2017-03-10,33,Distributor,USD,GUT930,35,22,5,871,4355,444.21
SO - 0008865,2017-03-10,53,Wholesale,USD,GUT930,46,1,7,2874.3,20120.1,1667.09
SO - 0009282,2017-03-10,49,Wholesale,USD,GUT930,32,11,12,1051.9,12622.8,546.99
SO - 0009678,2017-03-10,52,Distributor,USD,AXW291,15,3,11,5159,56749,2785.86
SO - 0010203,2017-03-10,151,Distributor,USD,NXH382,55,1,11,241.2,2653.2,161.6
SO - 0010494,2017-03-10,30,Wholesale,USD,GUT930,36,13,11,2773.8,30511.8,1414.64
SO - 0010532,2017-03-10,28,Wholesale,USD,NXH382,56,26,12,241.2,2894.4,127.84
SO - 0008277,2017-03-11,101,Export,USD,NXH382,55,5,12,964.8,11577.6,472.75
SO - 0008681,2017-03-11,58,Wholesale,USD,NXH382,58,14,10,2619.7,26197,1859.99
SO - 0009181,2017-03-11,11,Wholesale,USD,AXW291,6,5,11,1098.8,12086.8,922.99
SO - 0009675,2017-03-11,44,Wholesale,USD,GUT930,38,4,8,1078.7,8629.6,658.01
SO - 0009832,2017-03-11,105,Wholesale,USD,GUT930,40,13,6,268,1608,227.8
SO - 0010287,2017-03-11,100,Wholesale,USD,AXW291,22,18,10,4013.3,40133,3210.64
SO - 0008312,2017-03-12,31,Wholesale,USD,NXH382,56,25,9,1862.6,16763.4,1192.06
SO - 0008390,2017-03-12,161,Wholesale,USD,NXH382,57,6,9,207.7,1869.3,95.54
SO - 0008574,2017-03-12,117,Distributor,USD,GUT930,31,5,11,917.9,10096.9,706.78
SO - 0008695,2017-03-12,7,Distributor,USD,AXW291,9,13,10,3618,36180,2930.58
SO - 0009311,2017-03-12,61,Wholesale,USD,GUT930,31,25,5,1165.8,5829,571.24
SO - 0009825,2017-03-12,128,Wholesale,USD,AXW291,25,5,11,247.9,2726.9,146.26
SO - 0010034,2017-03-12,105,Wholesale,USD,GUT930,43,3,6,884.4,5306.4,619.08
SO - 0008127,2017-03-13,90,Distributor,USD,GUT930,33,1,5,1105.5,5527.5,718.58
SO - 0008302,2017-03-13,67,Distributor,USD,AXW291,6,12,6,3872.6,23235.6,3252.98
SO - 0008987,2017-03-13,135,Distributor,USD,AXW291,16,25,6,2244.5,13467,1077.36
SO - 0009018,2017-03-13,112,Wholesale,USD,GUT930,37,26,7,1735.3,12147.1,1180
SO - 0009110,2017-03-13,112,Wholesale,USD,AXW291,31,4,7,1212.7,8488.9,812.51
SO - 0009159,2017-03-13,168,Wholesale,USD,AXW291,7,29,5,3222.7,16113.5,2610.39
SO - 0009262,2017-03-13,159,Distributor,USD,GUT930,33,25,8,2639.8,21118.4,1689.47
SO - 0009844,2017-03-13,15,Wholesale,USD,FLR025,65,13,5,2405.3,12026.5,986.17
SO - 0009858,2017-03-13,163,Export,USD,AXW291,12,4,8,1132.3,9058.4,917.16
SO - 0009870,2017-03-13,145,Distributor,USD,AXW291,11,17,9,3852.5,34672.5,2311.5
SO - 0009877,2017-03-13,35,Wholesale,USD,NXH382,49,2,5,6231,31155,4174.77
SO - 0009901,2017-03-13,105,Distributor,USD,GUT930,39,16,10,1983.2,19832,1269.25
SO - 0010223,2017-03-13,27,Export,USD,FLR025,63,15,11,2358.4,25942.4,1698.05
SO - 0010448,2017-03-13,91,Wholesale,USD,FLR025,66,8,10,3959.7,39597,3088.57
SO - 0010684,2017-03-13,15,Wholesale,USD,AXW291,8,4,6,964.8,5788.8,578.88
SO - 0010765,2017-03-13,119,Distributor,USD,GUT930,32,1,8,1018.4,8147.2,661.96
SO - 0008484,2017-03-14,20,Wholesale,USD,GUT930,44,22,7,703.5,4924.5,457.28
SO - 0009437,2017-03-14,97,Distributor,USD,AXW291,14,14,9,1072,9648,728.96
SO - 0009764,2017-03-14,158,Wholesale,USD,GUT930,34,20,11,3604.6,39650.6,2198.81
SO - 0009958,2017-03-14,33,Wholesale,USD,NXH382,49,26,8,2358.4,18867.2,1108.45
SO - 0010108,2017-03-14,38,Wholesale,USD,GUT930,41,2,5,201,1005,158.79
SO - 0010199,2017-03-14,79,Wholesale,USD,AXW291,26,16,11,247.9,2726.9,195.84
SO - 0010694,2017-03-14,89,Wholesale,USD,GUT930,44,26,8,1078.7,8629.6,787.45
SO - 0009006,2017-03-15,133,Export,USD,GUT930,40,1,8,1018.4,8147.2,549.94
SO - 0009022,2017-03-15,100,Distributor,USD,AXW291,2,13,9,3926.2,35335.8,3140.96
SO - 0009363,2017-03-15,91,Wholesale,USD,AXW291,2,26,9,2278,20502,1161.78
SO - 0009732,2017-03-15,48,Wholesale,USD,AXW291,1,17,11,871,9581,540.02
SO - 0009898,2017-03-15,67,Export,USD,AXW291,16,27,8,6545.9,52367.2,3469.33
SO - 0010021,2017-03-15,46,Distributor,USD,GUT930,41,1,9,1072,9648,493.12
SO - 0010338,2017-03-15,19,Wholesale,USD,AXW291,19,4,10,227.8,2278,134.4
SO - 0010443,2017-03-15,157,Wholesale,USD,AXW291,30,25,5,1031.8,5159,629.4
SO - 0008254,2017-03-16,148,Wholesale,USD,FLR025,63,16,8,1031.8,8254.4,815.12
SO - 0008426,2017-03-16,43,Distributor,USD,GUT930,42,14,6,1092.1,6552.6,753.55
SO - 0008683,2017-03-16,82,Export,USD,FLR025,60,30,5,167.5,837.5,85.43
SO - 0008896,2017-03-16,27,Wholesale,USD,AXW291,24,5,12,3865.9,46390.8,2860.77
SO - 0009261,2017-03-16,22,Wholesale,USD,NXH382,55,13,12,1132.3,13587.6,611.44
SO - 0009499,2017-03-16,80,Distributor,USD,AXW291,17,28,9,1005,9045,532.65
SO - 0009552,2017-03-16,55,Wholesale,USD,GUT930,42,6,12,214.4,2572.8,143.65
SO - 0009803,2017-03-16,122,Distributor,USD,AXW291,16,3,9,790.6,7115.4,347.86
SO - 0009903,2017-03-16,11,Wholesale,USD,AXW291,6,11,11,3973.1,43704.1,3337.4
SO - 0009934,2017-03-16,33,Export,USD,NXH382,49,3,11,2519.2,27711.2,1058.06
SO - 0010045,2017-03-16,144,Distributor,USD,AXW291,27,6,10,3899.4,38994,3119.52
SO - 0010155,2017-03-16,118,Export,USD,AXW291,26,4,11,214.4,2358.4,141.5
SO - 0010662,2017-03-16,118,Wholesale,USD,AXW291,7,15,6,2921.2,17527.2,2307.75
SO - 0008845,2017-03-17,175,Wholesale,USD,GUT930,42,18,9,1252.9,11276.1,751.74
SO - 0009030,2017-03-17,142,Distributor,USD,GUT930,40,5,8,2452.2,19617.6,1642.97
SO - 0009150,2017-03-17,135,Wholesale,USD,AXW291,16,6,11,884.4,9728.4,442.2
SO - 0009231,2017-03-17,155,Wholesale,USD,NXH382,53,25,8,2010,16080,1386.9
SO - 0009564,2017-03-17,161,Distributor,USD,NXH382,51,17,10,1112.2,11122,500.49
SO - 0009993,2017-03-17,49,Wholesale,USD,AXW291,23,1,11,3872.6,42598.6,1665.22
SO - 0010083,2017-03-17,30,Distributor,USD,AXW291,8,6,10,1192.6,11926,954.08
SO - 0010432,2017-03-17,45,Export,USD,GUT930,42,15,5,3142.3,15711.5,2513.84
SO - 0010610,2017-03-17,54,Export,USD,AXW291,2,15,11,2432.1,26753.1,1970
SO - 0008130,2017-03-18,137,Export,USD,AXW291,24,25,10,2338.3,23383,1099
SO - 0008188,2017-03-18,15,Distributor,USD,AXW291,8,29,12,2633.1,31597.2,1895.83
SO - 0008459,2017-03-18,105,Export,USD,AXW291,25,26,9,1112.2,10009.8,633.95
SO - 0008631,2017-03-18,120,Distributor,USD,FLR025,62,1,9,2291.4,20622.6,1283.18
SO - 0008824,2017-03-18,25,Wholesale,USD,NXH382,50,13,5,804,4020,683.4
SO - 0009001,2017-03-18,127,Wholesale,USD,AXW291,13,10,8,991.6,7932.8,773.45
SO - 0009430,2017-03-18,8,Wholesale,USD,AXW291,6,19,12,3912.8,46953.6,1643.38
SO - 0009890,2017-03-18,97,Wholesale,USD,FLR025,63,14,11,3912.8,43040.8,2934.6
SO - 0010054,2017-03-18,168,Wholesale,USD,FLR025,64,7,9,1018.4,9165.6,488.83
SO - 0010229,2017-03-18,61,Distributor,USD,NXH382,58,1,5,2800.6,14003,1680.36
SO - 0010295,2017-03-18,105,Wholesale,USD,GUT930,40,2,7,2894.4,20260.8,2402.35
SO - 0010510,2017-03-18,59,Wholesale,USD,AXW291,12,13,8,3879.3,31034.4,1862.06
SO - 0010704,2017-03-18,24,Wholesale,USD,GUT930,42,26,9,1755.4,15798.6,877.7
SO - 0008467,2017-03-19,29,Wholesale,USD,AXW291,16,7,7,2405.3,16837.1,1154.54
SO - 0008472,2017-03-19,36,Distributor,USD,AXW291,22,18,5,3825.7,19128.5,2257.16
SO - 0008831,2017-03-19,158,Distributor,USD,AXW291,3,26,10,1983.2,19832,1189.92
SO - 0009247,2017-03-19,4,Wholesale,USD,GUT930,40,5,5,2633.1,13165.5,1606.19
SO - 0009344,2017-03-19,122,Wholesale,USD,AXW291,29,6,9,1058.6,9527.4,762.19
SO - 0009455,2017-03-19,65,Distributor,USD,AXW291,1,5,9,3939.6,35456.4,2481.95
SO - 0009837,2017-03-19,106,Wholesale,USD,NXH382,57,9,10,5286.3,52863,2325.97
SO - 0009876,2017-03-19,71,Distributor,USD,FLR025,60,5,12,2231.1,26773.2,1762.57
SO - 0010093,2017-03-19,144,Distributor,USD,GUT930,41,30,8,1072,8576,621.76
SO - 0010315,2017-03-19,138,Wholesale,USD,NXH382,55,5,12,897.8,10773.6,673.35
SO - 0010387,2017-03-19,161,Export,USD,FLR025,61,25,10,1038.5,10385,571.18
SO - 0010411,2017-03-19,2,Wholesale,USD,FLR025,65,1,11,3122.2,34344.2,1498.66
SO - 0010565,2017-03-19,94,Distributor,USD,AXW291,17,22,9,911.2,8200.8,537.61
SO - 0008678,2017-03-20,53,Wholesale,USD,AXW291,3,12,11,5788.8,63676.8,4457.38
SO - 0008804,2017-03-20,100,Wholesale,USD,NXH382,58,3,10,3892.7,38927,2335.62
SO - 0008904,2017-03-20,139,Export,USD,GUT930,34,17,12,6378.4,76540.8,3508.12
SO - 0009038,2017-03-20,118,Wholesale,USD,FLR025,66,23,12,1031.8,12381.6,495.26
SO - 0009662,2017-03-20,76,Export,USD,FLR025,62,18,6,3986.5,23919,2511.5
SO - 0010383,2017-03-20,173,Export,USD,AXW291,17,14,8,5607.9,44863.2,4374.16
SO - 0010683,2017-03-20,112,Wholesale,USD,AXW291,3,25,9,817.4,7356.6,531.31
SO - 0010734,2017-03-20,98,Distributor,USD,NXH382,55,7,5,3651.5,18257.5,2409.99
SO - 0008840,2017-03-21,156,Distributor,USD,AXW291,7,2,7,844.2,5909.4,616.27
SO - 0009064,2017-03-21,128,Wholesale,USD,FLR025,65,25,9,1132.3,10190.7,871.87
SO - 0009172,2017-03-21,63,Distributor,USD,NXH382,58,26,9,3886,34974,2059.58
SO - 0009531,2017-03-21,30,Wholesale,USD,AXW291,24,6,6,2324.9,13949.4,1534.43
SO - 0009644,2017-03-21,43,Wholesale,USD,NXH382,57,16,11,234.5,2579.5,157.12
SO - 0009821,2017-03-21,103,Wholesale,USD,GUT930,45,1,9,1031.8,9286.2,804.8
SO - 0010339,2017-03-21,79,Export,USD,AXW291,2,19,7,938,6566,712.88
SO - 0008248,2017-03-22,75,Distributor,USD,GUT930,41,17,11,1701.8,18719.8,1429.51
SO - 0008256,2017-03-22,76,Wholesale,USD,AXW291,31,30,8,2525.9,20207.2,1869.17
SO - 0008686,2017-03-22,146,Export,USD,NXH382,47,21,7,3189.2,22324.4,2647.04
SO - 0009326,2017-03-22,49,Export,USD,AXW291,4,20,7,2458.9,17212.3,1032.74
SO - 0009351,2017-03-22,174,Export,USD,AXW291,11,26,8,3430.4,27443.2,2401.28
SO - 0009365,2017-03-22,174,Distributor,USD,FLR025,62,5,12,864.3,10371.6,561.8
SO - 0009449,2017-03-22,7,Export,USD,FLR025,62,30,5,3973.1,19865.5,2066.01
SO - 0009810,2017-03-22,38,Export,USD,AXW291,14,15,12,1092.1,13105.2,655.26
SO - 0010060,2017-03-22,168,Wholesale,USD,GUT930,39,2,11,2331.6,25647.6,1725.38
SO - 0010117,2017-03-22,29,Wholesale,USD,GUT930,44,20,9,3892.7,35034.3,2997.38
SO - 0010364,2017-03-22,67,Distributor,USD,AXW291,1,15,6,3899.4,23396.4,3275.5
SO - 0008196,2017-03-23,98,Wholesale,USD,GUT930,31,1,11,3953,43483,3320.52
SO - 0008437,2017-03-23,144,Export,USD,GUT930,43,18,9,958.1,8622.9,479.05
SO - 0008438,2017-03-23,46,Wholesale,USD,GUT930,46,14,11,911.2,10023.2,419.15
SO - 0008521,2017-03-23,169,Wholesale,USD,AXW291,28,18,12,3082,36984,1356.08
SO - 0008549,2017-03-23,23,Distributor,USD,AXW291,25,15,11,1333.3,14666.3,879.98
SO - 0008685,2017-03-23,50,Distributor,USD,AXW291,3,26,8,2499.1,19992.8,1774.36
SO - 0008764,2017-03-23,55,Export,USD,GUT930,33,26,9,2237.8,20140.2,984.63
SO - 0008811,2017-03-23,70,Distributor,USD,GUT930,44,4,9,5587.8,50290.2,4637.87
SO - 0008944,2017-03-23,63,Wholesale,USD,NXH382,55,7,11,1902.8,20930.8,1217.79
SO - 0009334,2017-03-23,127,Distributor,USD,NXH382,50,16,6,5453.8,32722.8,2890.51
SO - 0009427,2017-03-23,99,Wholesale,USD,FLR025,66,4,6,3845.8,23074.8,1769.07
SO - 0009816,2017-03-23,54,Wholesale,USD,AXW291,9,14,12,3664.9,43978.8,2198.94
SO - 0010478,2017-03-23,105,Wholesale,USD,NXH382,53,22,12,1038.5,12462,508.87
SO - 0010615,2017-03-23,53,Distributor,USD,AXW291,26,25,9,3953,35577,3360.05
SO - 0008163,2017-03-24,37,Distributor,USD,NXH382,47,13,9,5480.6,49325.4,4439.29
SO - 0009115,2017-03-24,143,Distributor,USD,AXW291,22,5,10,2311.5,23115,1086.41
SO - 0009156,2017-03-24,173,Wholesale,USD,GUT930,41,13,11,1742,19162,992.94
SO - 0009425,2017-03-24,16,Distributor,USD,NXH382,58,25,10,167.5,1675,130.65
SO - 0009731,2017-03-24,62,Export,USD,NXH382,53,24,5,1922.9,9614.5,1538.32
SO - 0010556,2017-03-24,86,Wholesale,USD,GUT930,43,26,6,3383.5,20301,2774.47
SO - 0008120,2017-03-25,134,Wholesale,USD,FLR025,65,7,6,991.6,5949.6,793.28
SO - 0008958,2017-03-25,112,Wholesale,USD,AXW291,1,22,6,1112.2,6673.2,778.54
SO - 0010316,2017-03-25,82,Wholesale,USD,NXH382,58,17,6,1051.9,6311.4,809.96
SO - 0010649,2017-03-25,148,Wholesale,USD,FLR025,61,2,6,1782.2,10693.2,1051.5
SO - 0008186,2017-03-26,109,Wholesale,USD,NXH382,59,25,7,964.8,6753.6,395.57
SO - 0008590,2017-03-26,77,Distributor,USD,GUT930,36,20,11,3939.6,43335.6,1733.42
SO - 0008856,2017-03-26,106,Wholesale,USD,FLR025,63,25,10,1038.5,10385,498.48
SO - 0008899,2017-03-26,113,Distributor,USD,AXW291,17,13,7,5688.3,39818.1,2502.85
SO - 0009371,2017-03-26,116,Wholesale,USD,NXH382,56,25,8,2646.5,21172,1905.48
SO - 0009912,2017-03-26,46,Wholesale,USD,AXW291,12,1,8,1172.5,9380,879.38
SO - 0009933,2017-03-26,39,Wholesale,USD,AXW291,25,10,11,3497.4,38471.4,2937.82
SO - 0010047,2017-03-26,165,Distributor,USD,NXH382,51,28,11,1869.3,20562.3,1271.12
SO - 0010170,2017-03-26,11,Export,USD,AXW291,20,30,7,1889.4,13225.8,831.34
SO - 0008243,2017-03-27,76,Distributor,USD,AXW291,14,26,7,3946.3,27624.1,1578.52
SO - 0008246,2017-03-27,7,Wholesale,USD,AXW291,30,14,5,1681.7,8408.5,739.95
SO - 0008476,2017-03-27,87,Wholesale,USD,AXW291,6,1,10,1098.8,10988,747.18
SO - 0009068,2017-03-27,152,Distributor,USD,AXW291,29,26,10,3865.9,38659,1585.02
SO - 0009227,2017-03-27,143,Wholesale,USD,NXH382,57,3,11,6177.4,67951.4,5065.47
SO - 0009350,2017-03-27,149,Wholesale,USD,GUT930,32,26,9,1835.8,16522.2,917.9
SO - 0009358,2017-03-27,44,Wholesale,USD,AXW291,9,25,6,891.1,5346.6,605.95
SO - 0009638,2017-03-27,76,Wholesale,USD,AXW291,25,12,9,2807.3,25265.7,2049.33
SO - 0009940,2017-03-27,78,Wholesale,USD,AXW291,22,18,12,6452.1,77425.2,2903.45
SO - 0010077,2017-03-27,82,Wholesale,USD,GUT930,35,18,5,2331.6,11658,1095.85
SO - 0010270,2017-03-27,173,Wholesale,USD,AXW291,24,22,10,703.5,7035,464.31
SO - 0010745,2017-03-27,10,Wholesale,USD,AXW291,30,14,5,2566.1,12830.5,1026.44
SO - 0008351,2017-03-28,47,Distributor,USD,NXH382,49,27,7,1983.2,13882.4,1487.4
SO - 0008415,2017-03-28,59,Wholesale,USD,AXW291,14,25,7,2747,19229,1098.8
SO - 0008813,2017-03-28,45,Wholesale,USD,NXH382,53,3,10,1118.9,11189,783.23
SO - 0008931,2017-03-28,158,Wholesale,USD,AXW291,19,14,9,3999.9,35999.1,2719.93
SO - 0008938,2017-03-28,34,Wholesale,USD,GUT930,46,24,6,2646.5,15879,1243.86
SO - 0009060,2017-03-28,139,Distributor,USD,FLR025,62,28,6,5494,32964,2747
SO - 0009111,2017-03-28,64,Distributor,USD,AXW291,25,17,5,5695,28475,2676.65
SO - 0009442,2017-03-28,78,Wholesale,USD,AXW291,1,28,8,214.4,1715.2,124.35
SO - 0009748,2017-03-28,9,Wholesale,USD,FLR025,65,14,6,1929.6,11577.6,1562.98
SO - 0010209,2017-03-28,165,Distributor,USD,AXW291,24,25,12,1139,13668,740.35
SO - 0010582,2017-03-28,162,Export,USD,GUT930,38,27,8,2358.4,18867.2,1815.97
SO - 0008121,2017-03-29,20,Wholesale,USD,FLR025,65,2,12,5226,62712,3240.12
SO - 0008148,2017-03-29,139,Wholesale,USD,AXW291,7,24,9,716.9,6452.1,336.94
SO - 0008357,2017-03-29,63,Export,USD,AXW291,17,16,7,2398.6,16790.2,1990.84
SO - 0008444,2017-03-29,111,Wholesale,USD,AXW291,16,25,12,1165.8,13989.6,722.8
SO - 0008730,2017-03-29,150,Distributor,USD,AXW291,23,2,10,1172.5,11725,996.63
SO - 0008970,2017-03-29,130,Wholesale,USD,AXW291,8,1,12,670,8040,569.5
SO - 0009395,2017-03-29,46,Wholesale,USD,NXH382,52,4,6,1051.9,6311.4,820.48
SO - 0009497,2017-03-29,17,Wholesale,USD,AXW291,12,26,12,5480.6,65767.2,3672
SO - 0009561,2017-03-29,143,Export,USD,AXW291,24,26,8,2566.1,20528.8,1206.07
SO - 0009680,2017-03-29,44,Wholesale,USD,NXH382,53,4,9,2438.8,21949.2,975.52
SO - 0010118,2017-03-29,158,Export,USD,GUT930,41,19,5,911.2,4556,473.82
SO - 0010178,2017-03-29,4,Distributor,USD,GUT930,37,12,12,1963.1,23557.2,1413.43
SO - 0010380,2017-03-29,82,Wholesale,USD,FLR025,63,29,8,221.1,1768.8,119.39
SO - 0008375,2017-03-30,100,Wholesale,USD,AXW291,12,12,7,214.4,1500.8,124.35
SO - 0008582,2017-03-30,98,Distributor,USD,NXH382,53,26,9,2351.7,21165.3,1552.12
SO - 0008768,2017-03-30,14,Distributor,USD,AXW291,20,1,6,3872.6,23235.6,1703.94
SO - 0009517,2017-03-30,79,Wholesale,USD,AXW291,4,5,12,2659.9,31918.8,2207.72
SO - 0009602,2017-03-30,113,Wholesale,USD,AXW291,15,2,8,3845.8,30766.4,2269.02
SO - 0009922,2017-03-30,43,Wholesale,USD,AXW291,25,25,11,2438.8,26826.8,1195.01
SO - 0010531,2017-03-30,134,Wholesale,USD,GUT930,42,5,9,1949.7,17547.3,1072.34
SO - 0008140,2017-03-31,113,Distributor,USD,AXW291,14,4,9,1989.9,17909.1,1392.93
SO - 0008579,2017-03-31,5,Export,USD,AXW291,20,3,5,2599.6,12998,1039.84
SO - 0008609,2017-03-31,2,Wholesale,USD,GUT930,38,25,8,2365.1,18920.8,1419.06
SO - 0008733,2017-03-31,107,Wholesale,USD,GUT930,41,13,12,5567.7,66812.4,4175.78
SO - 0009665,2017-03-31,35,Wholesale,USD,AXW291,14,2,7,1172.5,8207.5,621.43
SO - 0010347,2017-03-31,86,Wholesale,USD,GUT930,38,6,12,844.2,10130.4,379.89
SO - 0010766,2017-03-31,33,Distributor,USD,AXW291,1,10,10,3939.6,39396,1851.61
SO - 0008506,2017-04-01,13,Distributor,USD,GUT930,34,15,8,1882.7,15061.6,1355.54
SO - 0008834,2017-04-01,24,Wholesale,USD,NXH382,56,4,7,1058.6,7410.2,455.2
SO - 0009128,2017-04-01,123,Wholesale,USD,AXW291,4,16,9,1862.6,16763.4,1564.58
SO - 0009323,2017-04-01,79,Distributor,USD,GUT930,38,5,6,837.5,5025,661.63
SO - 0009460,2017-04-01,33,Wholesale,USD,AXW291,5,13,10,2800.6,28006,1316.28
SO - 0009585,2017-04-01,141,Wholesale,USD,GUT930,46,11,11,6076.9,66845.9,4618.44
SO - 0009598,2017-04-01,50,Wholesale,USD,AXW291,14,6,9,1768.8,15919.2,1149.72
SO - 0009721,2017-04-01,43,Distributor,USD,AXW291,9,15,12,194.3,2331.6,110.75
SO - 0010193,2017-04-01,29,Distributor,USD,GUT930,45,11,6,1011.7,6070.2,495.73
SO - 0010353,2017-04-01,24,Distributor,USD,NXH382,58,18,8,3986.5,31892,2750.69
SO - 0010486,2017-04-01,124,Wholesale,USD,GUT930,39,22,7,2284.7,15992.9,1347.97
SO - 0008095,2017-04-02,62,Distributor,USD,GUT930,46,18,10,6070.2,60702,4127.74
SO - 0008166,2017-04-02,146,Export,USD,AXW291,24,13,5,1943,9715,1068.65
SO - 0008557,2017-04-02,141,Wholesale,USD,GUT930,33,4,7,268,1876,195.64
SO - 0008892,2017-04-02,62,Wholesale,USD,GUT930,33,17,11,5266.2,57928.2,4212.96
SO - 0010202,2017-04-02,138,Distributor,USD,AXW291,16,1,8,2331.6,18652.8,1865.28
SO - 0010465,2017-04-02,44,Export,USD,GUT930,41,29,10,1031.8,10318,546.85
SO - 0010674,2017-04-02,90,Wholesale,USD,NXH382,58,3,10,1708.5,17085,1383.89
SO - 0008309,2017-04-03,54,Distributor,USD,AXW291,19,5,7,1212.7,8488.9,715.49
SO - 0008585,2017-04-03,120,Wholesale,USD,NXH382,49,20,8,3390.2,27121.6,2339.24
SO - 0008651,2017-04-03,116,Distributor,USD,AXW291,7,17,12,1058.6,12703.2,635.16
SO - 0009191,2017-04-03,169,Distributor,USD,GUT930,31,29,9,194.3,1748.7,89.38
SO - 0009207,2017-04-03,96,Distributor,USD,AXW291,29,1,8,1728.6,13828.8,726.01
SO - 0008117,2017-04-04,122,Wholesale,USD,AXW291,12,11,11,2452.2,26974.2,1986.28
SO - 0008142,2017-04-04,155,Distributor,USD,AXW291,2,2,11,850.9,9359.9,697.74
SO - 0008253,2017-04-04,113,Wholesale,USD,AXW291,15,16,10,1105.5,11055,696.47
SO - 0008561,2017-04-04,35,Distributor,USD,AXW291,7,3,5,1005,5025,804
SO - 0008882,2017-04-04,9,Wholesale,USD,FLR025,66,13,7,194.3,1360.1,149.61
SO - 0009245,2017-04-04,39,Export,USD,AXW291,9,14,11,2211,24321,1216.05
SO - 0009435,2017-04-04,20,Distributor,USD,NXH382,58,2,12,1949.7,23396.4,896.86
SO - 0009881,2017-04-04,17,Export,USD,AXW291,21,23,11,2505.8,27563.8,1002.32
SO - 0010466,2017-04-04,79,Wholesale,USD,AXW291,22,3,6,5889.3,35335.8,4711.44
SO - 0010616,2017-04-04,23,Wholesale,USD,AXW291,12,20,7,3068.6,21480.2,2454.88
SO - 0008144,2017-04-05,157,Wholesale,USD,AXW291,10,3,8,6157.3,49258.4,3509.66
SO - 0008740,2017-04-05,77,Wholesale,USD,AXW291,15,20,5,1098.8,5494,769.16
SO - 0008986,2017-04-05,127,Wholesale,USD,AXW291,2,13,9,938,8442,750.4
SO - 0009478,2017-04-05,58,Distributor,USD,AXW291,5,15,11,2519.2,27711.2,1990.17
SO - 0009529,2017-04-05,104,Wholesale,USD,GUT930,35,22,10,5453.8,54538,3544.97
SO - 0009730,2017-04-05,173,Wholesale,USD,AXW291,9,25,6,2445.5,14673,1980.86
SO - 0009999,2017-04-05,158,Wholesale,USD,GUT930,37,25,10,2438.8,24388,1365.73
SO - 0008096,2017-04-06,109,Distributor,USD,GUT930,43,13,8,5996.5,47972,5097.03
SO - 0008308,2017-04-06,81,Wholesale,USD,AXW291,7,14,5,3852.5,19262.5,3236.1
SO - 0009281,2017-04-06,24,Wholesale,USD,GUT930,36,26,12,2512.5,30150,1231.13
SO - 0009827,2017-04-06,126,Wholesale,USD,AXW291,31,20,12,3986.5,47838,3229.07
SO - 0008735,2017-04-07,127,Wholesale,USD,AXW291,29,2,10,1695.1,16951,1406.93
SO - 0009130,2017-04-07,136,Distributor,USD,GUT930,42,25,12,2479,29748,1512.19
SO - 0009716,2017-04-07,57,Export,USD,GUT930,42,26,12,1822.4,21868.8,1093.44
SO - 0009942,2017-04-07,49,Wholesale,USD,GUT930,34,26,8,3819,30552,2978.82
SO - 0010461,2017-04-07,13,Wholesale,USD,GUT930,39,25,9,817.4,7356.6,678.44
SO - 0008560,2017-04-08,47,Wholesale,USD,GUT930,37,1,10,2499.1,24991,1949.3
SO - 0008563,2017-04-08,90,Distributor,USD,GUT930,36,28,8,5601.2,44809.6,2912.62
SO - 0008691,2017-04-08,161,Wholesale,USD,AXW291,26,25,11,683.4,7517.4,314.36
SO - 0009100,2017-04-08,99,Export,USD,FLR025,61,1,8,1795.6,14364.8,772.11
SO - 0009403,2017-04-08,73,Distributor,USD,NXH382,51,13,9,971.5,8743.5,709.2
SO - 0009650,2017-04-08,109,Distributor,USD,AXW291,4,2,6,1956.4,11738.4,1447.74
SO - 0009913,2017-04-08,160,Wholesale,USD,NXH382,48,2,8,1681.7,13453.6,706.31
SO - 0008454,2017-04-09,166,Distributor,USD,AXW291,11,5,5,3584.5,17922.5,2509.15
SO - 0008619,2017-04-09,98,Wholesale,USD,FLR025,61,2,7,201,1407,118.59
SO - 0008844,2017-04-09,111,Wholesale,USD,AXW291,15,2,9,2358.4,21225.6,1532.96
SO - 0008890,2017-04-09,138,Export,USD,AXW291,1,3,5,3631.4,18157,1561.5
SO - 0009090,2017-04-09,44,Distributor,USD,AXW291,4,2,7,3892.7,27248.9,2452.4
SO - 0009248,2017-04-09,154,Wholesale,USD,AXW291,3,25,5,3953,19765,3360.05
SO - 0009981,2017-04-09,13,Export,USD,AXW291,24,2,7,2988.2,20917.4,2390.56
SO - 0010207,2017-04-09,77,Wholesale,USD,GUT930,44,26,6,1011.7,6070.2,758.78
SO - 0008657,2017-04-10,147,Wholesale,USD,AXW291,24,3,5,1889.4,9447,1095.85
SO - 0008928,2017-04-10,112,Export,USD,NXH382,57,10,9,2626.4,23637.6,1391.99
SO - 0009144,2017-04-10,80,Export,USD,AXW291,16,6,10,6304.7,63047,3026.26
SO - 0009461,2017-04-10,171,Wholesale,USD,AXW291,10,3,6,4013.3,24079.8,2929.71
SO - 0009516,2017-04-10,78,Wholesale,USD,GUT930,44,1,5,2398.6,11993,1223.29
SO - 0009738,2017-04-10,53,Wholesale,USD,AXW291,21,18,12,1943,23316,1632.12
SO - 0010066,2017-04-10,61,Wholesale,USD,AXW291,27,5,5,6003.2,30016,4322.3
SO - 0010307,2017-04-10,163,Wholesale,USD,NXH382,50,3,12,1159.1,13909.2,869.33
SO - 0010381,2017-04-10,167,Wholesale,USD,GUT930,33,13,12,3852.5,46230,2195.93
SO - 0010473,2017-04-10,86,Wholesale,USD,GUT930,43,16,6,2519.2,15115.2,1007.68
SO - 0010671,2017-04-10,111,Wholesale,USD,GUT930,40,14,7,1989.9,13929.3,1114.34
SO - 0008737,2017-04-11,89,Distributor,USD,NXH382,49,7,10,2974.8,29748,1546.9
SO - 0008746,2017-04-11,128,Distributor,USD,AXW291,15,16,10,2244.5,22445,920.25
SO - 0008757,2017-04-11,5,Wholesale,USD,FLR025,61,24,12,201,2412,166.83
SO - 0009414,2017-04-11,116,Distributor,USD,FLR025,62,26,5,1755.4,8777,754.82
SO - 0010496,2017-04-11,126,Export,USD,AXW291,28,19,6,1031.8,6190.8,433.36
SO - 0008251,2017-04-12,57,Wholesale,USD,NXH382,53,4,12,1701.8,20421.6,1021.08
SO - 0008422,2017-04-12,44,Distributor,USD,NXH382,52,16,7,1708.5,11959.5,1418.06
SO - 0008662,2017-04-12,88,Wholesale,USD,AXW291,11,4,9,730.3,6572.7,584.24
SO - 0008894,2017-04-12,27,Wholesale,USD,AXW291,26,6,7,2398.6,16790.2,1750.98
SO - 0009183,2017-04-12,85,Wholesale,USD,AXW291,12,5,9,911.2,8200.8,765.41
SO - 0009336,2017-04-12,29,Distributor,USD,AXW291,31,2,6,174.2,1045.2,69.68
SO - 0009463,2017-04-12,161,Wholesale,USD,NXH382,57,27,5,2713.5,13567.5,1600.97
SO - 0009670,2017-04-12,167,Wholesale,USD,AXW291,2,14,10,1085.4,10854,662.09
SO - 0010348,2017-04-12,68,Distributor,USD,AXW291,3,30,8,1929.6,15436.8,1196.35
SO - 0010393,2017-04-12,40,Export,USD,NXH382,49,26,12,897.8,10773.6,538.68
SO - 0010758,2017-04-12,127,Export,USD,NXH382,55,1,11,3959.7,43556.7,1742.27
SO - 0008155,2017-04-13,133,Wholesale,USD,AXW291,17,29,7,804,5628,353.76
SO - 0008391,2017-04-13,25,Wholesale,USD,GUT930,42,5,7,3906.1,27342.7,3046.76
SO - 0008397,2017-04-13,136,Wholesale,USD,NXH382,56,2,6,1943,11658,1515.54
SO - 0008493,2017-04-13,152,Distributor,USD,AXW291,29,24,6,1762.1,10572.6,1427.3
SO - 0008748,2017-04-13,42,Export,USD,AXW291,1,7,7,2338.3,16368.1,1028.85
SO - 0008815,2017-04-13,129,Export,USD,AXW291,12,3,8,984.9,7879.2,699.28
SO - 0008819,2017-04-13,50,Wholesale,USD,GUT930,36,18,8,6271.2,50169.6,3261.02
SO - 0008982,2017-04-13,111,Wholesale,USD,AXW291,27,4,5,917.9,4589.5,780.22
SO - 0008992,2017-04-13,53,Export,USD,AXW291,16,15,10,1768.8,17688,955.15
SO - 0009229,2017-04-13,26,Wholesale,USD,GUT930,39,21,7,783.9,5487.3,642.8
SO - 0009424,2017-04-13,122,Distributor,USD,FLR025,64,20,7,804,5628,385.92
SO - 0009476,2017-04-13,35,Wholesale,USD,AXW291,28,13,11,2626.4,28890.4,1891.01
SO - 0009588,2017-04-13,121,Wholesale,USD,AXW291,22,17,6,1105.5,6633,519.59
SO - 0009849,2017-04-13,106,Wholesale,USD,AXW291,8,13,9,3912.8,35215.2,3325.88
SO - 0010351,2017-04-13,146,Distributor,USD,FLR025,63,9,11,1011.7,11128.7,789.13
SO - 0010356,2017-04-13,74,Distributor,USD,FLR025,60,15,6,1139,6834,546.72
SO - 0010425,2017-04-13,82,Wholesale,USD,GUT930,37,20,5,214.4,1072,177.95
SO - 0010746,2017-04-13,78,Distributor,USD,AXW291,17,25,6,1165.8,6994.8,617.87
SO - 0008236,2017-04-14,32,Distributor,USD,NXH382,49,4,10,3845.8,38458,1884.44
SO - 0008623,2017-04-14,60,Export,USD,NXH382,58,21,8,5092,40736,2189.56
SO - 0008969,2017-04-14,17,Export,USD,AXW291,29,24,12,1092.1,13105.2,709.87
SO - 0009290,2017-04-14,132,Wholesale,USD,GUT930,32,1,12,1835.8,22029.6,972.97
SO - 0009439,2017-04-14,62,Wholesale,USD,GUT930,35,15,8,2934.6,23476.8,1643.38
SO - 0009458,2017-04-14,163,Export,USD,AXW291,26,14,8,1809,14472,741.69
SO - 0009653,2017-04-14,43,Wholesale,USD,AXW291,23,26,8,1031.8,8254.4,546.85
SO - 0009686,2017-04-14,148,Wholesale,USD,AXW291,25,14,9,6123.8,55114.2,3306.85
SO - 0009812,2017-04-14,4,Distributor,USD,NXH382,58,6,5,2010,10050,1286.4
SO - 0009824,2017-04-14,59,Wholesale,USD,AXW291,19,28,6,1112.2,6673.2,700.69
SO - 0010644,2017-04-14,131,Wholesale,USD,AXW291,4,5,9,3035.1,27315.9,1335.44
SO - 0008214,2017-04-15,79,Wholesale,USD,AXW291,5,1,9,241.2,2170.8,173.66
SO - 0008265,2017-04-15,72,Distributor,USD,FLR025,60,9,8,3055.2,24441.6,2230.3
SO - 0008435,2017-04-15,11,Export,USD,AXW291,2,2,7,254.6,1782.2,175.67
SO - 0008526,2017-04-15,2,Wholesale,USD,GUT930,39,26,5,1085.4,5427,835.76
SO - 0009266,2017-04-15,135,Distributor,USD,GUT930,33,4,9,1005,9045,462.3
SO - 0009566,2017-04-15,114,Distributor,USD,NXH382,55,13,11,1896.1,20857.1,1573.76
SO - 0009689,2017-04-15,114,Distributor,USD,GUT930,38,15,11,3939.6,43335.6,3269.87
SO - 0009796,2017-04-15,5,Distributor,USD,AXW291,24,24,8,5741.9,45935.2,3272.88
SO - 0009892,2017-04-15,73,Wholesale,USD,NXH382,59,15,9,1869.3,16823.7,1046.81
SO - 0009947,2017-04-15,166,Wholesale,USD,AXW291,5,13,8,5326.5,42612,2929.58
SO - 0010137,2017-04-15,54,Export,USD,AXW291,14,14,8,227.8,1822.4,123.01
SO - 0010497,2017-04-15,3,Distributor,USD,GUT930,44,2,11,1929.6,21225.6,868.32
SO - 0010557,2017-04-15,79,Distributor,USD,AXW291,4,8,7,857.6,6003.2,445.95
SO - 0010600,2017-04-15,63,Export,USD,AXW291,20,26,7,3296.4,23074.8,2340.44
SO - 0010717,2017-04-15,59,Wholesale,USD,AXW291,11,25,10,3698.4,36984,3106.66
SO - 0008787,2017-04-16,48,Distributor,USD,GUT930,36,14,5,1768.8,8844,884.4
SO - 0009750,2017-04-16,102,Export,USD,AXW291,12,1,12,3886,46632,2720.2
SO - 0009815,2017-04-16,136,Wholesale,USD,AXW291,27,8,10,5942.9,59429,4754.32
SO - 0009998,2017-04-16,10,Wholesale,USD,GUT930,34,26,6,3999.9,23999.4,2519.94
SO - 0010225,2017-04-16,36,Distributor,USD,GUT930,40,26,9,6438.7,57948.3,3670.06
SO - 0010515,2017-04-16,5,Wholesale,USD,NXH382,55,3,5,1989.9,9949.5,1631.72
SO - 0010597,2017-04-16,92,Wholesale,USD,NXH382,49,18,10,227.8,2278,102.51
SO - 0010752,2017-04-16,41,Export,USD,NXH382,47,13,8,2653.2,21225.6,1167.41
SO - 0010762,2017-04-16,90,Export,USD,AXW291,23,15,5,207.7,1038.5,97.62
SO - 0008452,2017-04-17,10,Distributor,USD,AXW291,4,20,6,1085.4,6512.4,445.01
SO - 0008553,2017-04-17,153,Wholesale,USD,FLR025,64,26,6,1788.9,10733.4,1127.01
SO - 0009563,2017-04-17,166,Wholesale,USD,AXW291,17,25,7,1159.1,8113.7,672.28
SO - 0009679,2017-04-17,121,Export,USD,GUT930,33,19,7,3939.6,27577.2,2087.99
SO - 0009918,2017-04-17,83,Distributor,USD,NXH382,51,1,12,1172.5,14070,621.43
SO - 0010082,2017-04-17,125,Wholesale,USD,AXW291,8,14,11,1943,21373,1262.95
SO - 0010401,2017-04-17,55,Distributor,USD,AXW291,25,14,10,1695.1,16951,1440.84
SO - 0010421,2017-04-17,112,Distributor,USD,AXW291,13,25,5,1065.3,5326.5,820.28
SO - 0010567,2017-04-17,130,Export,USD,AXW291,22,14,7,241.2,1688.4,154.37
SO - 0010656,2017-04-17,10,Wholesale,USD,AXW291,19,25,11,1139,12529,763.13
SO - 0010713,2017-04-17,107,Wholesale,USD,AXW291,4,17,12,931.3,11175.6,651.91
SO - 0008257,2017-04-18,153,Wholesale,USD,FLR025,65,1,6,1279.7,7678.2,639.85
SO - 0008291,2017-04-18,69,Wholesale,USD,AXW291,10,19,9,3812.3,34310.7,1601.17
SO - 0008719,2017-04-18,17,Wholesale,USD,GUT930,47,18,8,3912.8,31302.4,1565.12
SO - 0009272,2017-04-18,114,Distributor,USD,NXH382,51,3,5,5902.7,29513.5,2420.11
SO - 0009659,2017-04-18,1,Wholesale,USD,NXH382,59,5,7,187.6,1313.2,142.58
SO - 0009727,2017-04-18,155,Wholesale,USD,NXH382,58,3,6,214.4,1286.4,145.79
SO - 0009923,2017-04-18,160,Distributor,USD,AXW291,7,4,6,5775.4,34652.4,4678.07
SO - 0010595,2017-04-18,98,Wholesale,USD,AXW291,14,26,5,3892.7,19463.5,2763.82
SO - 0008281,2017-04-19,34,Export,USD,AXW291,1,19,6,1065.3,6391.8,777.67
SO - 0008535,2017-04-19,139,Wholesale,USD,GUT930,35,1,7,904.5,6331.5,633.15
SO - 0008634,2017-04-19,1,Wholesale,USD,FLR025,66,14,5,1165.8,5829,792.74
SO - 0008941,2017-04-19,126,Wholesale,USD,NXH382,51,25,11,1708.5,18793.5,1178.87
SO - 0009117,2017-04-19,168,Distributor,USD,AXW291,19,25,8,167.5,1340,70.35
SO - 0009278,2017-04-19,133,Wholesale,USD,AXW291,3,26,8,2345,18760,1735.3
SO - 0010061,2017-04-19,135,Wholesale,USD,NXH382,57,12,6,5098.7,30592.2,3059.22
SO - 0010177,2017-04-19,28,Distributor,USD,NXH382,50,25,10,1132.3,11323,826.58
SO - 0010483,2017-04-19,17,Distributor,USD,AXW291,24,2,6,1112.2,6673.2,656.2
SO - 0010632,2017-04-19,87,Distributor,USD,FLR025,63,4,9,1045.2,9406.8,836.16
SO - 0008274,2017-04-20,110,Distributor,USD,AXW291,10,20,9,1125.6,10130.4,506.52
SO - 0008363,2017-04-20,92,Distributor,USD,GUT930,46,16,9,1038.5,9346.5,882.73
SO - 0008440,2017-04-20,132,Wholesale,USD,AXW291,27,16,5,254.6,1273,216.41
SO - 0008803,2017-04-20,33,Export,USD,GUT930,35,20,9,227.8,2050.2,145.79
SO - 0009019,2017-04-20,113,Wholesale,USD,GUT930,42,5,11,1132.3,12455.3,634.09
SO - 0009166,2017-04-20,163,Distributor,USD,AXW291,12,15,5,777.2,3886,349.74
SO - 0009327,2017-04-20,80,Distributor,USD,AXW291,3,5,10,3999.9,39999,2679.93
SO - 0009549,2017-04-20,91,Export,USD,AXW291,16,4,9,4013.3,36119.7,2809.31
SO - 0009718,2017-04-20,107,Distributor,USD,FLR025,61,4,11,2787.2,30659.2,1839.55
SO - 0009744,2017-04-20,81,Wholesale,USD,AXW291,4,15,10,1105.5,11055,795.96
SO - 0009948,2017-04-20,23,Wholesale,USD,AXW291,21,26,12,187.6,2251.2,155.71
SO - 0010136,2017-04-20,25,Wholesale,USD,GUT930,36,14,11,958.1,10539.1,603.6
SO - 0010759,2017-04-20,39,Export,USD,GUT930,42,8,8,1822.4,14579.2,1221.01
SO - 0008770,2017-04-21,150,Wholesale,USD,NXH382,50,11,12,931.3,11175.6,540.15
SO - 0009196,2017-04-21,27,Export,USD,AXW291,9,14,12,3939.6,47275.2,2087.99
SO - 0010244,2017-04-21,169,Distributor,USD,NXH382,55,16,7,3973.1,27811.7,2383.86
SO - 0010337,2017-04-21,166,Wholesale,USD,GUT930,40,5,10,2579.5,25795,1315.55
SO - 0010451,2017-04-21,139,Export,USD,AXW291,10,26,7,1118.9,7832.3,525.88
SO - 0010468,2017-04-21,61,Wholesale,USD,GUT930,37,15,9,214.4,1929.6,135.07
SO - 0010481,2017-04-21,109,Wholesale,USD,AXW291,13,26,11,6023.3,66256.3,3734.45
SO - 0010716,2017-04-21,70,Wholesale,USD,GUT930,43,14,9,3932.9,35396.1,2831.69
SO - 0010755,2017-04-21,69,Distributor,USD,AXW291,7,7,7,174.2,1219.4,74.91
SO - 0008184,2017-04-22,7,Wholesale,USD,AXW291,27,15,5,174.2,871,81.87
SO - 0008895,2017-04-22,15,Wholesale,USD,AXW291,10,13,7,1078.7,7550.9,862.96
SO - 0009864,2017-04-22,13,Wholesale,USD,GUT930,39,15,11,2452.2,26974.2,1029.92
SO - 0010724,2017-04-22,74,Wholesale,USD,AXW291,29,5,12,3886,46632,1904.14
SO - 0008225,2017-04-23,59,Export,USD,NXH382,51,9,9,1018.4,9165.6,407.36
SO - 0008358,2017-04-23,141,Distributor,USD,AXW291,23,2,8,5554.3,44434.4,4276.81
SO - 0008696,2017-04-23,42,Wholesale,USD,NXH382,57,12,7,3953,27671,1976.5
SO - 0008698,2017-04-23,81,Wholesale,USD,NXH382,49,15,7,1943,13601,913.21
SO - 0008723,2017-04-23,22,Wholesale,USD,AXW291,25,17,9,234.5,2110.5,194.64
SO - 0009136,2017-04-23,50,Wholesale,USD,GUT930,37,13,11,3979.8,43777.8,3343.03
SO - 0009819,2017-04-23,64,Wholesale,USD,AXW291,24,26,9,1889.4,17004.6,1171.43
SO - 0010518,2017-04-23,51,Wholesale,USD,AXW291,27,21,6,837.5,5025,619.75
SO - 0010546,2017-04-23,76,Wholesale,USD,GUT930,43,1,12,2452.2,29426.4,1814.63
SO - 0010578,2017-04-23,137,Wholesale,USD,GUT930,36,22,7,1125.6,7879.2,596.57
SO - 0010619,2017-04-23,24,Distributor,USD,NXH382,51,26,11,2338.3,25721.3,1286.07
SO - 0010685,2017-04-23,79,Export,USD,GUT930,43,13,8,978.2,7825.6,401.06
SO - 0010735,2017-04-23,42,Wholesale,USD,FLR025,65,29,11,1996.6,21962.6,1098.13
SO - 0010749,2017-04-23,128,Wholesale,USD,NXH382,49,13,6,167.5,1005,125.63
SO - 0010753,2017-04-23,53,Distributor,USD,AXW291,5,25,5,167.5,837.5,142.38
SO - 0009728,2017-04-24,136,Distributor,USD,AXW291,19,3,12,3845.8,46149.6,2076.73
SO - 0010024,2017-04-24,25,Distributor,USD,AXW291,16,15,5,1092.1,5460.5,775.39
SO - 0010186,2017-04-24,145,Wholesale,USD,AXW291,31,26,7,227.8,1594.6,166.29
SO - 0010372,2017-04-24,103,Wholesale,USD,AXW291,19,23,6,1963.1,11778.6,1472.33
SO - 0008111,2017-04-25,53,Wholesale,USD,AXW291,7,8,5,1139,5695,466.99
SO - 0008192,2017-04-25,9,Wholesale,USD,NXH382,50,5,8,1031.8,8254.4,825.44
SO - 0008314,2017-04-25,153,Distributor,USD,GUT930,38,15,9,2693.4,24240.6,2289.39
SO - 0008533,2017-04-25,92,Distributor,USD,GUT930,42,15,7,2680,18760,2278
SO - 0008817,2017-04-25,52,Wholesale,USD,NXH382,52,26,7,3939.6,27577.2,3151.68
SO - 0008893,2017-04-25,104,Wholesale,USD,AXW291,25,1,9,3919.5,35275.5,2978.82
SO - 0008947,2017-04-25,106,Wholesale,USD,AXW291,1,13,7,1159.1,8113.7,788.19
SO - 0008991,2017-04-25,15,Wholesale,USD,AXW291,1,26,9,1072,9648,600.32
SO - 0009052,2017-04-25,35,Wholesale,USD,NXH382,56,11,8,1768.8,14150.4,760.58
SO - 0009613,2017-04-25,33,Distributor,USD,AXW291,4,21,11,268,2948,112.56
SO - 0009975,2017-04-25,157,Export,USD,AXW291,17,1,5,3819,19095,2864.25
SO - 0009997,2017-04-25,22,Wholesale,USD,AXW291,2,17,5,944.7,4723.5,755.76
SO - 0010002,2017-04-25,152,Wholesale,USD,AXW291,30,28,12,1092.1,13105.2,546.05
SO - 0010135,2017-04-25,123,Wholesale,USD,NXH382,59,4,10,777.2,7772,512.95
SO - 0010143,2017-04-25,150,Wholesale,USD,AXW291,27,17,6,1038.5,6231,664.64
SO - 0010314,2017-04-25,128,Wholesale,USD,FLR025,64,20,7,1051.9,7363.3,841.52
SO - 0010680,2017-04-25,168,Distributor,USD,AXW291,14,21,10,1748.7,17487,1381.47
SO - 0008583,2017-04-26,131,Wholesale,USD,AXW291,19,20,6,3979.8,23878.8,1790.91
SO - 0008876,2017-04-26,3,Wholesale,USD,GUT930,42,25,6,1996.6,11979.6,1217.93
SO - 0009040,2017-04-26,128,Wholesale,USD,NXH382,59,25,6,2217.7,13306.2,1618.92
SO - 0009054,2017-04-26,17,Wholesale,USD,GUT930,42,4,11,3242.8,35670.8,2756.38
SO - 0009446,2017-04-26,55,Distributor,USD,NXH382,51,16,12,2010,24120,824.1
SO - 0009519,2017-04-26,18,Distributor,USD,NXH382,58,18,8,3879.3,31034.4,2715.51
SO - 0009676,2017-04-26,39,Wholesale,USD,NXH382,56,25,11,1882.7,20709.7,1487.33
SO - 0010292,2017-04-26,68,Wholesale,USD,GUT930,42,23,8,2479,19832,1884.04
SO - 0008307,2017-04-27,100,Export,USD,NXH382,54,4,8,1842.5,14740,921.25
SO - 0008818,2017-04-27,136,Distributor,USD,FLR025,60,21,10,2934.6,29346,1291.22
SO - 0009200,2017-04-27,30,Wholesale,USD,GUT930,41,15,11,817.4,8991.4,580.35
SO - 0009280,2017-04-27,137,Distributor,USD,FLR025,64,4,8,1078.7,8629.6,442.27
SO - 0009419,2017-04-27,64,Export,USD,NXH382,53,8,6,3953,23718,1620.73
SO - 0009725,2017-04-27,75,Distributor,USD,AXW291,23,5,12,2345,28140,1031.8
SO - 0009928,2017-04-27,130,Wholesale,USD,AXW291,30,25,11,1172.5,12897.5,492.45
SO - 0009971,2017-04-27,109,Distributor,USD,AXW291,12,26,10,187.6,1876,75.04
SO - 0010016,2017-04-27,36,Export,USD,AXW291,13,6,8,1018.4,8147.2,570.3
SO - 0010263,2017-04-27,124,Wholesale,USD,GUT930,44,5,12,1072,12864,846.88
SO - 0010696,2017-04-27,129,Wholesale,USD,AXW291,27,2,5,5487.3,27436.5,3292.38
SO - 0008106,2017-04-28,136,Distributor,USD,GUT930,40,4,9,1025.1,9225.9,830.33
SO - 0008421,2017-04-28,121,Distributor,USD,NXH382,54,15,10,2244.5,22445,1167.14
SO - 0008429,2017-04-28,142,Export,USD,AXW291,13,27,6,3477.3,20863.8,2677.52
SO - 0009630,2017-04-28,29,Export,USD,GUT930,38,6,12,194.3,2331.6,130.18
SO - 0009655,2017-04-28,164,Wholesale,USD,AXW291,5,15,11,1072,11792,536
SO - 0010036,2017-04-28,104,Wholesale,USD,AXW291,8,16,5,1005,5025,592.95
SO - 0010048,2017-04-28,146,Distributor,USD,GUT930,39,25,5,5540.9,27704.5,2438
SO - 0010574,2017-04-28,6,Wholesale,USD,AXW291,5,22,5,227.8,1139,157.18
SO - 0010637,2017-04-28,79,Wholesale,USD,NXH382,50,25,8,837.5,6700,711.88
SO - 0010663,2017-04-28,88,Distributor,USD,AXW291,31,16,5,5165.7,25828.5,4235.87
SO - 0008514,2017-04-29,41,Wholesale,USD,NXH382,51,26,12,1118.9,13426.8,951.07
SO - 0008564,2017-04-29,48,Distributor,USD,NXH382,49,19,6,3289.7,19738.2,1480.37
SO - 0008776,2017-04-29,72,Wholesale,USD,GUT930,35,20,7,1085.4,7597.8,651.24
SO - 0008781,2017-04-29,140,Wholesale,USD,GUT930,32,16,7,2680,18760,1206
SO - 0008880,2017-04-29,139,Export,USD,AXW291,17,14,10,5058.5,50585,3844.46
SO - 0009178,2017-04-29,130,Wholesale,USD,GUT930,35,11,7,2298.1,16086.7,1493.77
SO - 0009259,2017-04-29,125,Wholesale,USD,GUT930,40,29,11,1815.7,19972.7,726.28
SO - 0009546,2017-04-29,116,Wholesale,USD,FLR025,65,17,7,1058.6,7410.2,868.05
SO - 0010231,2017-04-29,88,Wholesale,USD,AXW291,15,5,7,1105.5,7738.5,818.07
SO - 0010524,2017-04-29,83,Wholesale,USD,AXW291,3,3,9,3939.6,35456.4,2718.32
SO - 0008165,2017-04-30,159,Distributor,USD,AXW291,31,19,12,964.8,11577.6,530.64
SO - 0008329,2017-04-30,123,Wholesale,USD,NXH382,55,26,8,1916.2,15329.6,1494.64
SO - 0008373,2017-04-30,173,Distributor,USD,NXH382,49,14,10,3028.4,30284,2150.16
SO - 0008473,2017-04-30,86,Wholesale,USD,NXH382,57,5,9,5460.5,49144.5,3767.75
SO - 0008712,2017-04-30,19,Distributor,USD,GUT930,37,5,10,2613,26130,1332.63
SO - 0008952,2017-04-30,85,Wholesale,USD,NXH382,50,26,12,221.1,2653.2,172.46
SO - 0009338,2017-04-30,157,Wholesale,USD,NXH382,49,5,10,1058.6,10586,582.23
SO - 0009445,2017-04-30,63,Distributor,USD,AXW291,6,16,7,2780.5,19463.5,2057.57
SO - 0009961,2017-04-30,63,Wholesale,USD,GUT930,34,26,8,2860.9,22887.2,1773.76
SO - 0010585,2017-04-30,66,Export,USD,GUT930,37,17,11,944.7,10391.7,472.35
SO - 0008143,2017-05-01,122,Distributor,USD,AXW291,15,16,7,1125.6,7879.2,697.87
SO - 0008491,2017-05-01,110,Distributor,USD,AXW291,30,13,8,1085.4,8683.2,759.78
SO - 0009165,2017-05-01,125,Wholesale,USD,GUT930,40,26,6,3530.9,21185.4,1482.98
SO - 0009417,2017-05-01,101,Wholesale,USD,AXW291,23,28,6,1688.4,10130.4,1435.14
SO - 0009496,2017-05-01,19,Distributor,USD,GUT930,38,25,6,5386.8,32320.8,3070.48
SO - 0009660,2017-05-01,76,Wholesale,USD,AXW291,17,14,5,1782.2,8911,1283.18
SO - 0009704,2017-05-01,113,Wholesale,USD,AXW291,12,4,11,1132.3,12455.3,713.35
SO - 0009706,2017-05-01,139,Export,USD,NXH382,57,26,8,971.5,7772,757.77
SO - 0009783,2017-05-01,75,Distributor,USD,FLR025,61,25,7,1018.4,7128.8,672.14
SO - 0009788,2017-05-01,131,Distributor,USD,GUT930,33,13,10,2827.4,28274,2261.92
SO - 0010522,2017-05-01,110,Export,USD,NXH382,48,25,9,3142.3,28280.7,1445.46
SO - 0010654,2017-05-01,18,Wholesale,USD,AXW291,15,18,11,3879.3,42672.3,2366.37
SO - 0008973,2017-05-02,69,Export,USD,AXW291,15,30,7,3872.6,27108.2,2865.72
SO - 0009094,2017-05-02,20,Distributor,USD,AXW291,28,26,10,2539.3,25393,1498.19
SO - 0009260,2017-05-02,63,Distributor,USD,AXW291,5,13,9,1092.1,9828.9,709.87
SO - 0009305,2017-05-02,120,Distributor,USD,AXW291,27,6,5,3624.7,18123.5,1812.35
SO - 0009955,2017-05-02,16,Wholesale,USD,NXH382,50,3,11,2720.2,29922.2,2176.16
SO - 0010112,2017-05-02,78,Distributor,USD,AXW291,19,17,11,5480.6,60286.6,3288.36
SO - 0010743,2017-05-02,165,Wholesale,USD,NXH382,47,25,9,1132.3,10190.7,622.77
SO - 0010764,2017-05-02,91,Distributor,USD,GUT930,32,1,11,227.8,2505.8,100.23
SO - 0010778,2017-05-02,128,Distributor,USD,FLR025,62,9,12,1748.7,20984.4,1206.6
SO - 0010779,2017-05-02,74,Distributor,USD,NXH382,48,19,7,1252.9,8770.3,764.27
SO - 0008191,2017-05-03,119,Distributor,USD,FLR025,60,10,5,3805.6,19028,1636.41
SO - 0008203,2017-05-03,91,Wholesale,USD,NXH382,49,25,8,1862.6,14900.8,819.54
SO - 0008430,2017-05-03,175,Wholesale,USD,AXW291,20,7,7,1005,7035,713.55
SO - 0008838,2017-05-03,3,Distributor,USD,AXW291,13,18,12,1165.8,13989.6,920.98
SO - 0009354,2017-05-03,4,Wholesale,USD,GUT930,34,11,11,944.7,10391.7,765.21
SO - 0009621,2017-05-03,65,Export,USD,AXW291,10,26,10,247.9,2479,188.4
SO - 0009774,2017-05-03,110,Wholesale,USD,AXW291,19,21,11,3953,43483,2134.62
SO - 0010185,2017-05-03,60,Wholesale,USD,FLR025,62,2,10,1132.3,11323,566.15
SO - 0010377,2017-05-03,43,Distributor,USD,AXW291,5,20,12,2546,30552,1654.9
SO - 0010482,2017-05-03,114,Wholesale,USD,GUT930,32,12,11,1835.8,20193.8,844.47
SO - 0010624,2017-05-03,165,Wholesale,USD,FLR025,63,14,8,3999.9,31999.2,2919.93
SO - 0010664,2017-05-03,85,Export,USD,GUT930,37,25,7,6291.3,44039.1,5158.87
SO - 0010772,2017-05-03,89,Wholesale,USD,NXH382,55,14,11,1078.7,11865.7,701.16
SO - 0008374,2017-05-05,11,Wholesale,USD,AXW291,6,5,7,2546,17822,1476.68
SO - 0008854,2017-05-05,50,Distributor,USD,AXW291,19,25,11,2680,29480,1608
SO - 0008858,2017-05-05,97,Distributor,USD,AXW291,29,30,8,757.1,6056.8,386.12
SO - 0008943,2017-05-05,13,Distributor,USD,AXW291,10,15,9,227.8,2050.2,184.52
SO - 0009398,2017-05-05,4,Export,USD,GUT930,39,3,9,2425.4,21828.6,1115.68
SO - 0009434,2017-05-05,73,Wholesale,USD,AXW291,22,14,7,1085.4,7597.8,738.07
SO - 0009904,2017-05-05,63,Distributor,USD,AXW291,11,25,8,3175.8,25406.4,2540.64
SO - 0010220,2017-05-05,100,Wholesale,USD,AXW291,1,26,7,2345,16415,1219.4
SO - 0010471,2017-05-05,106,Export,USD,NXH382,49,20,5,1882.7,9413.5,1016.66
SO - 0010699,2017-05-05,17,Wholesale,USD,AXW291,19,30,6,1092.1,6552.6,797.23
SO - 0008342,2017-05-06,87,Distributor,USD,AXW291,27,2,8,1728.6,13828.8,1417.45
SO - 0008474,2017-05-06,155,Export,USD,NXH382,50,21,7,1165.8,8160.6,781.09
SO - 0008558,2017-05-06,26,Wholesale,USD,NXH382,55,22,7,917.9,6425.3,504.85
SO - 0008832,2017-05-06,150,Distributor,USD,AXW291,20,30,11,207.7,2284.7,114.24
SO - 0009005,2017-05-06,132,Wholesale,USD,GUT930,31,16,12,991.6,11899.2,743.7
SO - 0009132,2017-05-06,13,Wholesale,USD,GUT930,44,13,10,3845.8,38458,1884.44
SO - 0009822,2017-05-06,24,Wholesale,USD,FLR025,61,24,8,201,1608,86.43
SO - 0010251,2017-05-06,64,Wholesale,USD,AXW291,14,19,8,261.3,2090.4,107.13
SO - 0010700,2017-05-06,45,Wholesale,USD,FLR025,66,26,9,6539.2,58852.8,2942.64
SO - 0008147,2017-05-07,72,Distributor,USD,GUT930,34,4,7,1989.9,13929.3,1492.43
SO - 0008232,2017-05-07,113,Wholesale,USD,AXW291,12,29,9,4020,36180,3015
SO - 0008350,2017-05-07,159,Wholesale,USD,AXW291,9,23,6,951.4,5708.4,589.87
SO - 0008408,2017-05-07,59,Distributor,USD,AXW291,12,26,7,3966.4,27764.8,2379.84
SO - 0008565,2017-05-07,165,Wholesale,USD,NXH382,58,20,5,5514.1,27570.5,2536.49
SO - 0008972,2017-05-07,105,Wholesale,USD,NXH382,57,1,12,3859.2,46310.4,2817.22
SO - 0008977,2017-05-07,141,Wholesale,USD,NXH382,59,26,5,2479,12395,1041.18
SO - 0009785,2017-05-07,81,Wholesale,USD,GUT930,44,18,11,2626.4,28890.4,2048.59
SO - 0010141,2017-05-07,124,Wholesale,USD,AXW291,15,14,5,1989.9,9949.5,1691.42
SO - 0010264,2017-05-07,100,Distributor,USD,NXH382,51,25,8,1768.8,14150.4,1468.1
SO - 0010407,2017-05-07,19,Distributor,USD,AXW291,23,12,11,6237.7,68614.7,4304.01
SO - 0008185,2017-05-08,107,Wholesale,USD,NXH382,59,22,11,1058.6,11644.6,561.06
SO - 0008413,2017-05-08,51,Wholesale,USD,AXW291,5,9,11,1172.5,12897.5,750.4
SO - 0008446,2017-05-08,44,Wholesale,USD,AXW291,8,18,5,971.5,4857.5,650.91
SO - 0008617,2017-05-08,31,Wholesale,USD,NXH382,58,26,10,5829,58290,3730.56
SO - 0009046,2017-05-08,53,Wholesale,USD,NXH382,54,14,12,214.4,2572.8,150.08
SO - 0009472,2017-05-08,57,Wholesale,USD,NXH382,54,14,7,3979.8,27858.6,3144.04
SO - 0009967,2017-05-08,172,Export,USD,FLR025,63,4,7,2613,18291,2142.66
SO - 0010258,2017-05-08,8,Export,USD,AXW291,23,20,11,3490.7,38397.7,1815.16
SO - 0008285,2017-05-09,58,Distributor,USD,AXW291,21,15,6,857.6,5145.6,531.71
SO - 0008546,2017-05-09,101,Export,USD,AXW291,21,16,7,757.1,5299.7,499.69
SO - 0008570,2017-05-09,51,Wholesale,USD,FLR025,66,26,9,261.3,2351.7,169.85
SO - 0008601,2017-05-09,101,Distributor,USD,AXW291,31,17,12,696.8,8361.6,564.41
SO - 0008664,2017-05-09,39,Wholesale,USD,AXW291,13,19,10,1092.1,10921,556.97
SO - 0008907,2017-05-09,99,Wholesale,USD,GUT930,38,15,12,3939.6,47275.2,2481.95
SO - 0009170,2017-05-09,126,Wholesale,USD,AXW291,7,4,7,201,1407,120.6
SO - 0010146,2017-05-09,27,Distributor,USD,GUT930,44,12,7,2324.9,16274.3,1069.45
SO - 0010770,2017-05-09,99,Distributor,USD,NXH382,56,8,9,4006.6,36059.4,2283.76
SO - 0008152,2017-05-10,38,Export,USD,GUT930,41,29,8,3993.2,31945.6,1637.21
SO - 0008269,2017-05-10,14,Wholesale,USD,NXH382,50,26,9,1005,9045,452.25
SO - 0008451,2017-05-10,121,Wholesale,USD,AXW291,27,29,9,207.7,1869.3,137.08
SO - 0008567,2017-05-10,125,Wholesale,USD,NXH382,59,25,8,3611.3,28890.4,2058.44
SO - 0008658,2017-05-10,102,Export,USD,AXW291,22,27,7,3993.2,27952.4,1637.21
SO - 0008724,2017-05-10,148,Wholesale,USD,AXW291,25,20,11,4013.3,44146.3,2528.38
SO - 0008801,2017-05-10,130,Export,USD,GUT930,41,18,6,3966.4,23798.4,2776.48
SO - 0008925,2017-05-10,91,Distributor,USD,NXH382,57,28,5,3162.4,15812,1865.82
SO - 0009257,2017-05-10,97,Distributor,USD,NXH382,52,14,9,2733.6,24602.4,1503.48
SO - 0009711,2017-05-10,68,Wholesale,USD,FLR025,65,13,9,6478.9,58310.1,5183.12
SO - 0010467,2017-05-10,114,Distributor,USD,GUT930,39,26,6,1038.5,6231,768.49
SO - 0010655,2017-05-10,90,Distributor,USD,NXH382,50,3,7,2351.7,16461.9,1787.29
SO - 0008103,2017-05-11,15,Wholesale,USD,AXW291,31,1,10,1045.2,10452,480.79
SO - 0008153,2017-05-11,52,Distributor,USD,GUT930,37,30,5,2398.6,11993,1199.3
SO - 0008293,2017-05-11,109,Distributor,USD,NXH382,56,26,7,2479,17353,1958.41
SO - 0008494,2017-05-11,154,Export,USD,NXH382,51,26,11,1065.3,11718.3,490.04
SO - 0008596,2017-05-11,26,Distributor,USD,AXW291,27,15,6,2391.9,14351.4,1602.57
SO - 0008769,2017-05-11,105,Wholesale,USD,FLR025,65,17,12,2519.2,30230.4,1058.06
SO - 0009330,2017-05-11,71,Wholesale,USD,FLR025,60,13,10,1996.6,19966,1277.82
SO - 0010279,2017-05-11,143,Wholesale,USD,AXW291,24,19,10,2492.4,24924,1071.73
SO - 0010320,2017-05-11,120,Distributor,USD,FLR025,60,14,6,2251.2,13507.2,1508.3
SO - 0010505,2017-05-11,15,Distributor,USD,AXW291,10,13,7,1326.6,9286.2,703.1
SO - 0010526,2017-05-11,19,Distributor,USD,NXH382,56,21,8,964.8,7718.4,742.9
SO - 0010554,2017-05-11,125,Export,USD,GUT930,37,15,6,207.7,1246.2,153.7
SO - 0010676,2017-05-11,9,Wholesale,USD,AXW291,18,29,9,3899.4,35094.6,3275.5
SO - 0008355,2017-05-12,44,Wholesale,USD,AXW291,25,4,11,1748.7,19235.7,699.48
SO - 0008403,2017-05-12,103,Export,USD,AXW291,6,22,8,991.6,7932.8,545.38
SO - 0008670,2017-05-12,74,Wholesale,USD,GUT930,40,5,7,737,5159,390.61
SO - 0008932,2017-05-12,130,Wholesale,USD,GUT930,33,2,12,6110.4,73324.8,3299.62
SO - 0008990,2017-05-12,82,Wholesale,USD,NXH382,55,26,8,1051.9,8415.2,852.04
SO - 0009053,2017-05-12,117,Wholesale,USD,GUT930,32,28,9,3999.9,35999.1,2159.95
SO - 0009664,2017-05-12,2,Export,USD,NXH382,47,20,8,2244.5,17956,1728.27
SO - 0010065,2017-05-12,63,Wholesale,USD,NXH382,58,14,10,1078.7,10787,474.63
SO - 0010230,2017-05-12,7,Distributor,USD,AXW291,14,16,6,991.6,5949.6,485.88
SO - 0008612,2017-05-13,147,Export,USD,AXW291,3,25,10,1031.8,10318,453.99
SO - 0008786,2017-05-13,104,Wholesale,USD,AXW291,12,23,10,3859.2,38592,2431.3
SO - 0009034,2017-05-13,129,Distributor,USD,AXW291,4,11,6,5936.2,35617.2,2849.38
SO - 0009075,2017-05-13,155,Wholesale,USD,NXH382,53,2,8,1943,15544,952.07
SO - 0009208,2017-05-13,87,Wholesale,USD,AXW291,8,6,5,2438.8,12194,1926.65
SO - 0009267,2017-05-13,60,Distributor,USD,AXW291,30,10,6,3879.3,23275.8,3142.23
SO - 0010272,2017-05-13,148,Distributor,USD,NXH382,54,17,7,6143.9,43007.3,4054.97
SO - 0010504,2017-05-13,5,Distributor,USD,AXW291,21,20,5,3859.2,19296,2469.89
SO - 0008296,2017-05-14,131,Distributor,USD,AXW291,30,3,9,207.7,1869.3,97.62
SO - 0008707,2017-05-14,100,Wholesale,USD,NXH382,50,14,5,2378.5,11892.5,1974.16
SO - 0008822,2017-05-14,138,Export,USD,AXW291,18,20,9,3926.2,35335.8,2473.51
SO - 0008950,2017-05-14,49,Distributor,USD,GUT930,47,13,10,1989.9,19899,895.46
SO - 0009146,2017-05-14,81,Wholesale,USD,AXW291,8,22,8,227.8,1822.4,95.68
SO - 0009184,2017-05-14,26,Wholesale,USD,AXW291,29,15,6,2572.8,15436.8,1312.13
SO - 0010545,2017-05-14,144,Wholesale,USD,AXW291,17,4,10,1092.1,10921,502.37
SO - 0008170,2017-05-15,106,Wholesale,USD,AXW291,15,20,8,3128.9,25031.2,1439.29
SO - 0008300,2017-05-15,131,Wholesale,USD,NXH382,47,6,7,1909.5,13366.5,954.75
SO - 0008505,2017-05-15,24,Wholesale,USD,AXW291,26,4,7,3155.7,22089.9,2208.99
SO - 0008537,2017-05-15,90,Distributor,USD,AXW291,26,15,6,180.9,1085.4,101.3
SO - 0008721,2017-05-15,124,Export,USD,GUT930,33,18,6,2572.8,15436.8,2186.88
SO - 0009253,2017-05-15,92,Distributor,USD,AXW291,29,1,9,2244.5,20200.5,1391.59
SO - 0010521,2017-05-15,166,Wholesale,USD,NXH382,50,26,8,938,7504,731.64
SO - 0010553,2017-05-15,52,Wholesale,USD,FLR025,61,15,6,716.9,4301.4,509
SO - 0010666,2017-05-15,175,Wholesale,USD,GUT930,35,2,8,3959.7,31677.6,2930.18
SO - 0008179,2017-05-16,7,Distributor,USD,FLR025,61,5,11,5460.5,60065.5,2348.02
SO - 0008349,2017-05-16,71,Export,USD,GUT930,46,3,7,2706.8,18947.6,1569.94
SO - 0008627,2017-05-16,17,Export,USD,GUT930,36,13,6,1293.1,7758.6,995.69
SO - 0008920,2017-05-16,153,Wholesale,USD,GUT930,44,3,8,3450.5,27604,2070.3
SO - 0009295,2017-05-16,20,Wholesale,USD,NXH382,58,2,12,1112.2,13346.4,811.91
SO - 0009384,2017-05-16,103,Wholesale,USD,GUT930,34,30,5,1882.7,9413.5,1299.06
SO - 0009487,2017-05-16,113,Wholesale,USD,AXW291,25,5,8,1038.5,8308,654.26
SO - 0009568,2017-05-16,29,Wholesale,USD,AXW291,22,3,7,5654.8,39583.6,3110.14
SO - 0008359,2017-05-17,136,Wholesale,USD,FLR025,62,16,6,3926.2,23557.2,2630.55
SO - 0008367,2017-05-17,93,Export,USD,GUT930,32,21,12,227.8,2733.6,111.62
SO - 0008860,2017-05-17,171,Distributor,USD,AXW291,10,4,10,5768.7,57687,4268.84
SO - 0009057,2017-05-17,76,Wholesale,USD,GUT930,39,5,10,971.5,9715,437.18
SO - 0010023,2017-05-17,7,Wholesale,USD,GUT930,34,2,9,2505.8,22552.2,1077.49
SO - 0010313,2017-05-17,96,Distributor,USD,NXH382,59,19,7,194.3,1360.1,147.67
SO - 0010614,2017-05-17,50,Distributor,USD,FLR025,64,15,10,931.3,9313,530.84
SO - 0010621,2017-05-17,19,Distributor,USD,AXW291,11,3,6,214.4,1286.4,145.79
SO - 0010678,2017-05-17,155,Wholesale,USD,GUT930,39,13,8,683.4,5467.2,444.21
SO - 0008449,2017-05-18,4,Distributor,USD,AXW291,30,26,11,261.3,2874.3,222.11
SO - 0008726,2017-05-18,105,Wholesale,USD,AXW291,9,4,9,1098.8,9889.2,922.99
SO - 0008936,2017-05-18,161,Export,USD,NXH382,49,21,7,971.5,6800.5,573.19
SO - 0009145,2017-05-18,62,Wholesale,USD,AXW291,18,14,6,3262.9,19577.4,1925.11
SO - 0009187,2017-05-18,80,Distributor,USD,FLR025,66,3,8,2626.4,21011.2,1943.54
SO - 0009483,2017-05-18,37,Wholesale,USD,GUT930,36,15,10,804,8040,329.64
SO - 0009565,2017-05-18,116,Wholesale,USD,NXH382,48,13,5,1829.1,9145.5,1207.21
SO - 0009724,2017-05-18,109,Wholesale,USD,AXW291,24,2,5,194.3,971.5,81.61
SO - 0009974,2017-05-18,1,Distributor,USD,GUT930,43,2,7,2606.3,18244.1,1329.21
SO - 0010160,2017-05-18,160,Distributor,USD,AXW291,19,25,6,1018.4,6110.4,692.51
SO - 0008383,2017-05-19,22,Wholesale,USD,AXW291,2,17,11,1192.6,13118.6,632.08
SO - 0008470,2017-05-19,36,Wholesale,USD,GUT930,46,25,8,5266.2,42129.6,2580.44
SO - 0008487,2017-05-19,4,Wholesale,USD,AXW291,17,5,9,2505.8,22552.2,1453.36
SO - 0008785,2017-05-19,15,Export,USD,AXW291,18,14,10,1051.9,10519,704.77
SO - 0009723,2017-05-19,167,Wholesale,USD,AXW291,9,11,8,3028.4,24227.2,1423.35
SO - 0009895,2017-05-19,97,Distributor,USD,GUT930,43,4,10,2613,26130,1829.1
SO - 0010007,2017-05-19,126,Distributor,USD,AXW291,17,4,7,978.2,6847.4,430.41
SO - 0010031,2017-05-19,88,Distributor,USD,NXH382,55,13,9,2613,23517,1541.67
SO - 0010379,2017-05-19,96,Export,USD,GUT930,33,25,8,2546,20368,1196.62
SO - 0010640,2017-05-19,42,Export,USD,AXW291,19,17,8,1695.1,13560.8,983.16
SO - 0010773,2017-05-19,118,Distributor,USD,AXW291,18,6,5,2525.9,12629.5,1288.21
SO - 0008242,2017-05-20,82,Distributor,USD,AXW291,26,20,8,5949.6,47596.8,3272.28
SO - 0009600,2017-05-20,3,Wholesale,USD,AXW291,29,24,10,3953,39530,2885.69
SO - 0010000,2017-05-20,18,Distributor,USD,NXH382,55,2,7,261.3,1829.1,209.04
SO - 0010452,2017-05-20,73,Wholesale,USD,GUT930,44,12,6,194.3,1165.8,110.75
SO - 0010568,2017-05-20,119,Wholesale,USD,AXW291,22,14,10,1768.8,17688,1238.16
SO - 0010608,2017-05-20,174,Wholesale,USD,AXW291,8,10,10,2646.5,26465,1482.04
SO - 0010657,2017-05-20,4,Wholesale,USD,GUT930,33,2,12,2010,24120,1005
SO - 0008425,2017-05-21,147,Wholesale,USD,GUT930,31,20,6,1815.7,10894.2,1379.93
SO - 0009049,2017-05-21,45,Wholesale,USD,AXW291,6,9,10,3886,38860,1748.7
SO - 0009098,2017-05-21,49,Wholesale,USD,AXW291,21,26,8,5688.3,45506.4,2673.5
SO - 0009321,2017-05-21,4,Wholesale,USD,GUT930,38,25,11,3939.6,43335.6,2206.18
SO - 0009377,2017-05-21,87,Wholesale,USD,AXW291,24,1,6,2010,12060,1065.3
SO - 0009693,2017-05-21,1,Wholesale,USD,AXW291,15,17,8,1118.9,8951.2,615.4
SO - 0009966,2017-05-21,19,Wholesale,USD,GUT930,47,1,12,3912.8,46953.6,2856.34
SO - 0010009,2017-05-21,20,Export,USD,GUT930,45,1,9,783.9,7055.1,509.54
SO - 0009571,2017-05-22,16,Wholesale,USD,AXW291,5,26,6,3048.5,18291,2438.8
SO - 0009581,2017-05-22,59,Distributor,USD,AXW291,1,17,5,2680,13400,2117.2
SO - 0009652,2017-05-22,152,Wholesale,USD,AXW291,15,6,6,891.1,5346.6,570.3
SO - 0009808,2017-05-22,89,Distributor,USD,AXW291,29,13,6,194.3,1165.8,110.75
SO - 0010349,2017-05-22,175,Export,USD,AXW291,17,18,6,1105.5,6633,840.18
SO - 0010579,2017-05-22,154,Wholesale,USD,AXW291,15,19,7,5889.3,41225.1,4711.44
SO - 0008527,2017-05-23,21,Distributor,USD,AXW291,16,30,8,951.4,7611.2,732.58
SO - 0008598,2017-05-23,100,Export,USD,FLR025,62,3,8,6036.7,48293.6,3923.86
SO - 0008661,2017-05-23,118,Wholesale,USD,GUT930,36,25,8,3517.5,28140,2743.65
SO - 0008743,2017-05-23,58,Distributor,USD,AXW291,1,10,7,3966.4,27764.8,1903.87
SO - 0008881,2017-05-23,116,Distributor,USD,NXH382,57,25,9,1206,10854,747.72
SO - 0009639,2017-05-23,70,Wholesale,USD,AXW291,5,5,12,3859.2,46310.4,3241.73
SO - 0009707,2017-05-23,39,Wholesale,USD,AXW291,18,23,7,2432.1,17024.7,2067.29
SO - 0009736,2017-05-23,132,Wholesale,USD,AXW291,9,4,8,1855.9,14847.2,1410.48
SO - 0009743,2017-05-23,173,Distributor,USD,FLR025,64,6,7,2566.1,17962.7,1103.42
SO - 0009893,2017-05-23,70,Wholesale,USD,FLR025,61,3,7,1098.8,7691.6,582.36
SO - 0010059,2017-05-23,101,Distributor,USD,AXW291,10,30,9,1279.7,11517.3,627.05
SO - 0010446,2017-05-23,69,Wholesale,USD,NXH382,49,15,6,4013.3,24079.8,3130.37
SO - 0008224,2017-05-24,29,Distributor,USD,GUT930,35,9,12,227.8,2733.6,159.46
SO - 0008577,2017-05-24,79,Wholesale,USD,FLR025,63,15,7,891.1,6237.7,427.73
SO - 0008871,2017-05-24,68,Distributor,USD,AXW291,30,25,11,3564.4,39208.4,1639.62
SO - 0009511,2017-05-24,126,Wholesale,USD,AXW291,24,3,5,5601.2,28006,4032.86
SO - 0009797,2017-05-24,28,Distributor,USD,FLR025,64,17,11,964.8,10612.8,646.42
SO - 0009884,2017-05-24,76,Wholesale,USD,NXH382,48,20,12,1775.5,21306,1083.06
SO - 0010391,2017-05-24,128,Distributor,USD,GUT930,37,6,12,1842.5,22110,1510.85
SO - 0008161,2017-05-25,136,Distributor,USD,AXW291,27,13,12,1728.6,20743.2,968.02
SO - 0008206,2017-05-25,2,Wholesale,USD,GUT930,32,2,9,3979.8,35818.2,3024.65
SO - 0008793,2017-05-25,93,Wholesale,USD,AXW291,28,2,5,3142.3,15711.5,2419.57
SO - 0008935,2017-05-25,47,Wholesale,USD,GUT930,38,15,12,3966.4,47596.8,2498.83
SO - 0009254,2017-05-25,86,Distributor,USD,AXW291,26,25,11,2391.9,26310.9,1530.82
SO - 0009447,2017-05-25,129,Export,USD,NXH382,59,16,8,1822.4,14579.2,1530.82
SO - 0009542,2017-05-25,18,Export,USD,AXW291,9,27,12,2532.6,30391.2,2000.75
SO - 0010041,2017-05-25,7,Distributor,USD,AXW291,29,5,11,850.9,9359.9,714.76
SO - 0010237,2017-05-25,118,Wholesale,USD,AXW291,18,26,12,3825.7,45908.4,2869.28
SO - 0010275,2017-05-25,152,Wholesale,USD,AXW291,2,4,8,2619.7,20957.6,2174.35
SO - 0010529,2017-05-25,3,Distributor,USD,GUT930,36,3,10,1085.4,10854,651.24
SO - 0008183,2017-05-26,148,Export,USD,NXH382,60,2,10,3343.3,33433,2240.01
SO - 0008233,2017-05-26,80,Wholesale,USD,AXW291,16,5,5,5916.1,29580.5,3253.86
SO - 0008802,2017-05-26,109,Export,USD,FLR025,66,26,6,1031.8,6190.8,577.81
SO - 0009009,2017-05-26,11,Wholesale,USD,GUT930,35,15,5,2378.5,11892.5,1902.8
SO - 0009069,2017-05-26,116,Distributor,USD,FLR025,65,28,5,268,1340,184.92
SO - 0009127,2017-05-26,55,Distributor,USD,GUT930,32,15,5,1896.1,9480.5,948.05
SO - 0009242,2017-05-26,85,Distributor,USD,NXH382,52,16,12,234.5,2814,126.63
SO - 0009255,2017-05-26,32,Distributor,USD,AXW291,4,25,10,1038.5,10385,571.18
SO - 0010125,2017-05-26,72,Wholesale,USD,AXW291,9,26,8,1132.3,9058.4,894.52
SO - 0010328,2017-05-26,47,Wholesale,USD,GUT930,41,1,7,1058.6,7410.2,783.36
SO - 0008330,2017-05-27,70,Distributor,USD,AXW291,13,1,6,2512.5,15075,1055.25
SO - 0008774,2017-05-27,109,Wholesale,USD,GUT930,39,25,5,1125.6,5628,630.34
SO - 0009361,2017-05-27,146,Wholesale,USD,AXW291,1,18,11,1159.1,12750.1,602.73
SO - 0009452,2017-05-27,41,Wholesale,USD,AXW291,20,1,7,737,5159,574.86
SO - 0009507,2017-05-27,23,Wholesale,USD,NXH382,51,2,10,3028.4,30284,1877.61
SO - 0009570,2017-05-27,19,Wholesale,USD,GUT930,36,7,12,1782.2,21386.4,1372.29
SO - 0009800,2017-05-27,145,Wholesale,USD,GUT930,37,13,8,3886,31088,2215.02
SO - 0009848,2017-05-27,45,Distributor,USD,FLR025,66,25,11,830.8,9138.8,548.33
SO - 0010297,2017-05-27,56,Export,USD,NXH382,57,15,9,1112.2,10009.8,912
SO - 0010342,2017-05-27,71,Wholesale,USD,AXW291,26,5,9,1916.2,17245.8,1034.75
SO - 0010692,2017-05-27,140,Distributor,USD,AXW291,15,30,12,2479,29748,1041.18
SO - 0008116,2017-05-28,99,Distributor,USD,AXW291,17,18,7,6123.8,42866.6,4041.71
SO - 0008339,2017-05-28,65,Wholesale,USD,AXW291,26,8,11,2378.5,26163.5,1403.32
SO - 0008798,2017-05-28,5,Distributor,USD,GUT930,35,5,8,5125.5,41004,2408.99
SO - 0009003,2017-05-28,63,Distributor,USD,AXW291,30,3,12,2003.3,24039.6,1201.98
SO - 0009091,2017-05-28,76,Distributor,USD,GUT930,35,25,6,3986.5,23919,2710.82
SO - 0009485,2017-05-28,149,Distributor,USD,NXH382,56,13,9,2680,24120,1259.6
SO - 0009685,2017-05-28,160,Export,USD,AXW291,27,13,9,1105.5,9949.5,884.4
SO - 0009742,2017-05-28,110,Distributor,USD,GUT930,44,12,7,1286.4,9004.8,1003.39
SO - 0009749,2017-05-28,128,Wholesale,USD,NXH382,51,26,5,5132.2,25661,2925.35
SO - 0009756,2017-05-28,173,Wholesale,USD,AXW291,19,11,6,1105.5,6633,475.37
SO - 0009852,2017-05-28,12,Export,USD,FLR025,62,20,8,917.9,7343.2,541.56
SO - 0010055,2017-05-28,104,Wholesale,USD,GUT930,32,20,10,227.8,2278,95.68
SO - 0010134,2017-05-28,82,Wholesale,USD,GUT930,32,26,6,2619.7,15718.2,2121.96
SO - 0010310,2017-05-28,61,Export,USD,AXW291,8,26,7,5125.5,35878.5,3792.87
SO - 0010660,2017-05-28,166,Wholesale,USD,AXW291,3,28,11,5246.1,57707.1,3042.74
SO - 0008503,2017-05-29,152,Distributor,USD,NXH382,49,14,11,3175.8,34933.8,2318.33
SO - 0008933,2017-05-29,109,Export,USD,GUT930,44,19,11,167.5,1842.5,132.33
SO - 0009176,2017-05-29,51,Export,USD,GUT930,39,12,9,1159.1,10431.9,475.23
SO - 0009610,2017-05-29,114,Export,USD,NXH382,52,18,11,2834.1,31175.1,1303.69
SO - 0010043,2017-05-29,1,Wholesale,USD,AXW291,9,16,9,167.5,1507.5,112.23
SO - 0010150,2017-05-29,135,Export,USD,GUT930,39,3,11,1098.8,12086.8,813.11
SO - 0010242,2017-05-29,59,Export,USD,AXW291,12,23,7,1011.7,7081.9,819.48
SO - 0010290,2017-05-29,56,Wholesale,USD,NXH382,57,26,5,2391.9,11959.5,1148.11
SO - 0010472,2017-05-29,45,Distributor,USD,GUT930,46,15,11,1125.6,12381.6,506.52
SO - 0008195,2017-05-30,113,Wholesale,USD,AXW291,22,9,11,2231.1,24542.1,1070.93
SO - 0009086,2017-05-30,35,Wholesale,USD,GUT930,45,14,10,1889.4,18894,1322.58
SO - 0009421,2017-05-30,163,Wholesale,USD,GUT930,42,2,7,884.4,6190.8,459.89
SO - 0009932,2017-05-30,124,Wholesale,USD,GUT930,38,10,7,1018.4,7128.8,855.46
SO - 0010196,2017-05-30,30,Export,USD,NXH382,59,5,12,5922.8,71073.6,4205.19
SO - 0008316,2017-05-31,85,Distributor,USD,GUT930,39,15,8,1212.7,9701.6,557.84
SO - 0009464,2017-05-31,48,Wholesale,USD,FLR025,61,13,8,3162.4,25299.2,1612.82
SO - 0009860,2017-05-31,66,Wholesale,USD,AXW291,18,6,9,1018.4,9165.6,712.88
SO - 0010603,2017-05-31,143,Export,USD,NXH382,49,2,11,2425.4,26679.4,1600.76
SO - 0008255,2017-06-01,88,Wholesale,USD,AXW291,9,30,6,5681.6,34089.6,4090.75
SO - 0008259,2017-06-01,123,Wholesale,USD,AXW291,9,26,5,174.2,871,146.33
SO - 0008276,2017-06-01,6,Wholesale,USD,AXW291,26,26,6,1018.4,6110.4,661.96
SO - 0009021,2017-06-01,175,Export,USD,NXH382,54,16,6,1226.1,7356.6,514.96
SO - 0009559,2017-06-01,74,Wholesale,USD,AXW291,27,26,6,3819,22914,1909.5
SO - 0009669,2017-06-01,109,Wholesale,USD,NXH382,50,6,10,1286.4,12864,514.56
SO - 0009941,2017-06-01,62,Wholesale,USD,NXH382,57,5,5,1721.9,8609.5,1343.08
SO - 0010365,2017-06-01,14,Export,USD,AXW291,28,26,5,5735.2,28676,2580.84
SO - 0010511,2017-06-01,83,Wholesale,USD,NXH382,54,25,11,1092.1,12013.1,436.84
SO - 0010774,2017-06-01,142,Wholesale,USD,GUT930,32,5,8,2385.2,19081.6,1645.79
SO - 0008639,2017-06-02,56,Wholesale,USD,GUT930,39,21,6,1802.3,10813.8,1315.68
SO - 0008713,2017-06-02,98,Distributor,USD,AXW291,4,14,7,1058.6,7410.2,899.81
SO - 0009681,2017-06-02,43,Distributor,USD,GUT930,44,3,11,1051.9,11570.9,557.51
SO - 0009889,2017-06-02,87,Wholesale,USD,GUT930,39,25,7,1139,7973,706.18
SO - 0009964,2017-06-02,78,Distributor,USD,NXH382,49,7,5,1045.2,5226,804.8
SO - 0010205,2017-06-02,134,Export,USD,FLR025,60,25,8,897.8,7182.4,763.13
SO - 0010206,2017-06-02,89,Wholesale,USD,AXW291,11,13,9,1896.1,17064.9,1156.62
SO - 0010247,2017-06-02,80,Wholesale,USD,GUT930,35,26,9,991.6,8924.4,763.53
SO - 0010403,2017-06-02,169,Wholesale,USD,NXH382,53,25,9,6204.2,55837.8,4280.9
SO - 0010541,2017-06-02,50,Distributor,USD,FLR025,62,26,12,1889.4,22672.8,963.59
SO - 0009593,2017-06-03,98,Wholesale,USD,NXH382,54,10,6,2003.3,12019.8,1242.05
SO - 0009609,2017-06-03,113,Distributor,USD,NXH382,53,23,7,1259.6,8817.2,617.2
SO - 0009775,2017-06-03,3,Wholesale,USD,AXW291,23,21,6,2847.5,17085,2021.73
SO - 0009845,2017-06-03,158,Export,USD,GUT930,46,25,8,3886,31088,2331.6
SO - 0010669,2017-06-03,15,Export,USD,GUT930,44,14,9,201,1809,102.51
SO - 0008193,2017-06-04,98,Wholesale,USD,AXW291,20,1,8,6090.3,48722.4,2618.83
SO - 0008304,2017-06-04,109,Export,USD,GUT930,43,26,7,2552.7,17868.9,1480.57
SO - 0008488,2017-06-04,148,Wholesale,USD,GUT930,36,24,6,891.1,5346.6,588.13
SO - 0009270,2017-06-04,126,Wholesale,USD,AXW291,20,2,11,3865.9,42524.9,2087.59
SO - 0009314,2017-06-04,155,Wholesale,USD,AXW291,8,25,12,2532.6,30391.2,2152.71
SO - 0010154,2017-06-04,5,Distributor,USD,FLR025,61,25,9,2485.7,22371.3,1267.71
SO - 0010343,2017-06-04,163,Wholesale,USD,AXW291,20,2,10,2499.1,24991,2099.24
SO - 0010650,2017-06-04,165,Wholesale,USD,AXW291,5,10,9,3758.7,33828.3,2706.26
SO - 0008234,2017-06-05,21,Wholesale,USD,NXH382,52,17,9,1092.1,9828.9,567.89
SO - 0008292,2017-06-05,119,Wholesale,USD,AXW291,23,26,5,1058.6,5293,571.64
SO - 0008370,2017-06-05,51,Wholesale,USD,GUT930,35,15,10,4006.6,40066,3285.41
SO - 0008742,2017-06-05,112,Wholesale,USD,FLR025,65,15,8,5654.8,45238.4,3166.69
SO - 0008909,2017-06-05,78,Wholesale,USD,AXW291,31,20,5,1956.4,9782,1584.68
SO - 0009169,2017-06-05,24,Wholesale,USD,AXW291,15,21,11,167.5,1842.5,118.93
SO - 0009306,2017-06-05,148,Wholesale,USD,AXW291,11,4,5,3999.9,19999.5,2319.94
SO - 0009580,2017-06-05,6,Distributor,USD,NXH382,51,3,8,2331.6,18652.8,1025.9
SO - 0009789,2017-06-05,164,Wholesale,USD,AXW291,28,3,8,1145.7,9165.6,618.68
SO - 0010333,2017-06-05,52,Export,USD,AXW291,17,4,9,1005,9045,663.3
SO - 0010444,2017-06-05,127,Wholesale,USD,AXW291,10,13,6,5473.9,32843.4,2408.52
SO - 0010697,2017-06-05,124,Export,USD,AXW291,13,29,12,2639.8,31677.6,1293.5
SO - 0008388,2017-06-06,7,Wholesale,USD,AXW291,3,1,6,1969.8,11818.8,1181.88
SO - 0008418,2017-06-06,122,Distributor,USD,FLR025,62,1,12,3906.1,46873.2,1874.93
SO - 0008709,2017-06-06,123,Wholesale,USD,AXW291,21,29,9,1842.5,16582.5,1068.65
SO - 0009390,2017-06-06,50,Distributor,USD,AXW291,30,27,8,3973.1,31784.8,2622.25
SO - 0009545,2017-06-06,39,Wholesale,USD,NXH382,56,30,5,3839.1,19195.5,2956.11
SO - 0010214,2017-06-06,16,Wholesale,USD,FLR025,64,15,9,710.2,6391.8,482.94
SO - 0010352,2017-06-06,39,Wholesale,USD,GUT930,39,3,6,1855.9,11135.4,1429.04
SO - 0008600,2017-06-07,70,Wholesale,USD,GUT930,39,23,5,167.5,837.5,72.03
SO - 0008910,2017-06-07,80,Wholesale,USD,GUT930,43,27,7,1105.5,7738.5,784.91
SO - 0008922,2017-06-07,168,Distributor,USD,NXH382,52,3,11,2606.3,28669.3,1068.58
SO - 0009072,2017-06-07,62,Wholesale,USD,AXW291,15,30,5,1025.1,5125.5,584.31
SO - 0009203,2017-06-07,21,Distributor,USD,FLR025,60,24,10,2211,22110,906.51
SO - 0009375,2017-06-07,124,Wholesale,USD,AXW291,2,3,10,1065.3,10653,628.53
SO - 0009759,2017-06-07,111,Distributor,USD,NXH382,55,21,7,1139,7973,877.03
SO - 0009880,2017-06-07,18,Export,USD,FLR025,60,16,6,6291.3,37747.8,3837.69
SO - 0009995,2017-06-07,172,Wholesale,USD,AXW291,15,7,5,3678.3,18391.5,2427.68
SO - 0010097,2017-06-07,144,Wholesale,USD,AXW291,23,19,6,6398.5,38391,4606.92
SO - 0008181,2017-06-08,73,Wholesale,USD,NXH382,50,13,5,5996.5,29982.5,4557.34
SO - 0008376,2017-06-08,94,Wholesale,USD,AXW291,24,13,8,214.4,1715.2,96.48
SO - 0008500,2017-06-08,114,Wholesale,USD,AXW291,21,8,12,6559.3,78711.6,3279.65
SO - 0009096,2017-06-08,94,Wholesale,USD,AXW291,20,25,9,5594.5,50350.5,4083.99
SO - 0009194,2017-06-08,88,Wholesale,USD,AXW291,23,5,8,1078.7,8629.6,528.56
SO - 0009954,2017-06-08,117,Wholesale,USD,AXW291,1,25,7,1145.7,8019.9,515.57
SO - 0008202,2017-06-09,35,Distributor,USD,GUT930,41,15,8,1112.2,8897.6,767.42
SO - 0008728,2017-06-09,93,Export,USD,AXW291,31,25,9,6177.4,55596.6,3397.57
SO - 0008878,2017-06-09,173,Wholesale,USD,GUT930,43,14,8,3155.7,25245.6,1388.51
SO - 0008940,2017-06-09,16,Distributor,USD,GUT930,45,26,6,2278,13668,1321.24
SO - 0009160,2017-06-09,111,Distributor,USD,GUT930,38,15,5,3973.1,19865.5,1907.09
SO - 0009382,2017-06-09,40,Wholesale,USD,GUT930,34,13,11,1728.6,19014.6,1175.45
SO - 0009836,2017-06-09,24,Wholesale,USD,GUT930,33,22,11,911.2,10023.2,601.39
SO - 0010012,2017-06-09,24,Wholesale,USD,NXH382,55,6,5,2733.6,13668,1448.81
SO - 0010132,2017-06-09,1,Wholesale,USD,AXW291,28,21,10,3906.1,39061,1757.75
SO - 0010596,2017-06-09,165,Wholesale,USD,GUT930,39,26,7,2338.3,16368.1,1823.87
SO - 0008301,2017-06-10,53,Distributor,USD,AXW291,7,5,5,6244.4,31222,5057.96
SO - 0008412,2017-06-10,2,Distributor,USD,GUT930,42,6,5,931.3,4656.5,689.16
SO - 0008591,2017-06-10,24,Distributor,USD,AXW291,13,25,9,797.3,7175.7,422.57
SO - 0008659,2017-06-10,103,Wholesale,USD,FLR025,60,2,8,221.1,1768.8,174.67
SO - 0008766,2017-06-10,91,Wholesale,USD,AXW291,22,27,7,3705.1,25935.7,2778.83
SO - 0009275,2017-06-10,130,Wholesale,USD,AXW291,8,16,7,1098.8,7691.6,560.39
SO - 0009772,2017-06-10,96,Export,USD,FLR025,64,18,7,1031.8,7222.6,680.99
SO - 0009920,2017-06-10,28,Export,USD,AXW291,26,1,11,214.4,2358.4,177.95
SO - 0008182,2017-06-11,125,Wholesale,USD,FLR025,62,13,12,1728.6,20743.2,726.01
SO - 0008942,2017-06-11,141,Export,USD,AXW291,30,8,5,5902.7,29513.5,4958.27
SO - 0009209,2017-06-11,97,Wholesale,USD,NXH382,54,25,12,207.7,2492.4,85.16
SO - 0009590,2017-06-11,28,Wholesale,USD,NXH382,49,15,7,3611.3,25279.1,2383.46
SO - 0009804,2017-06-11,81,Distributor,USD,FLR025,66,17,5,5366.7,26833.5,2951.69
SO - 0009996,2017-06-11,80,Wholesale,USD,AXW291,18,27,9,1273,11457,1069.32
SO - 0008378,2017-06-12,20,Wholesale,USD,AXW291,4,18,10,1038.5,10385,737.34
SO - 0008434,2017-06-12,80,Wholesale,USD,GUT930,37,25,6,3879.3,23275.8,1862.06
SO - 0008573,2017-06-12,98,Wholesale,USD,AXW291,13,26,6,180.9,1085.4,139.29
SO - 0008963,2017-06-12,48,Export,USD,AXW291,25,25,10,1125.6,11256,574.06
SO - 0009809,2017-06-12,157,Distributor,USD,NXH382,57,25,5,1098.8,5494,505.45
SO - 0010071,2017-06-12,36,Export,USD,FLR025,62,25,7,1085.4,7597.8,792.34
SO - 0010266,2017-06-12,74,Distributor,USD,GUT930,38,4,9,3979.8,35818.2,1830.71
SO - 0010305,2017-06-12,114,Wholesale,USD,AXW291,24,1,5,5621.3,28106.5,3260.35
SO - 0008394,2017-06-13,102,Export,USD,NXH382,47,1,11,2278,25058,1070.66
SO - 0008621,2017-06-13,150,Wholesale,USD,GUT930,41,14,10,1085.4,10854,716.36
SO - 0008772,2017-06-13,54,Distributor,USD,FLR025,65,14,5,2613,13065,1045.2
SO - 0010014,2017-06-13,175,Wholesale,USD,AXW291,13,26,10,1105.5,11055,497.48
SO - 0010162,2017-06-13,50,Distributor,USD,AXW291,20,25,12,3993.2,47918.4,3034.83
SO - 0010498,2017-06-13,104,Wholesale,USD,GUT930,38,25,8,4006.6,32052.8,2323.83
SO - 0008869,2017-06-14,98,Export,USD,FLR025,60,26,10,1085.4,10854,803.2
SO - 0009420,2017-06-14,132,Wholesale,USD,NXH382,54,12,5,5286.3,26431.5,3013.19
SO - 0009734,2017-06-14,93,Wholesale,USD,AXW291,24,26,10,3926.2,39262,2591.29
SO - 0009792,2017-06-14,97,Wholesale,USD,AXW291,29,10,7,1809,12663,1139.67
SO - 0009799,2017-06-14,24,Wholesale,USD,NXH382,56,26,6,2974.8,17848.8,1338.66
SO - 0008112,2017-06-15,159,Distributor,USD,AXW291,5,5,10,1011.7,10117,667.72
SO - 0008475,2017-06-15,69,Wholesale,USD,AXW291,18,26,9,3879.3,34913.7,3142.23
SO - 0008837,2017-06-15,91,Wholesale,USD,AXW291,3,3,9,1078.7,9708.3,571.71
SO - 0008966,2017-06-15,150,Distributor,USD,FLR025,64,16,12,2244.5,26934,1122.25
SO - 0008995,2017-06-15,136,Export,USD,FLR025,62,14,5,1869.3,9346.5,972.04
SO - 0009432,2017-06-15,83,Wholesale,USD,FLR025,64,13,5,3993.2,19966,1597.28
SO - 0009773,2017-06-15,128,Wholesale,USD,AXW291,13,26,5,1025.1,5125.5,717.57
SO - 0010235,2017-06-15,49,Export,USD,GUT930,37,4,12,167.5,2010,93.8
SO - 0010609,2017-06-15,115,Export,USD,GUT930,37,25,12,951.4,11416.8,780.15
SO - 0010612,2017-06-15,63,Wholesale,USD,AXW291,12,25,8,1139,9112,694.79
SO - 0008311,2017-06-16,108,Wholesale,USD,AXW291,18,3,12,1065.3,12783.6,532.65
SO - 0008536,2017-06-16,142,Distributor,USD,AXW291,25,25,6,2592.9,15557.4,1685.39
SO - 0009041,2017-06-16,129,Export,USD,NXH382,47,5,5,1045.2,5226,533.05
SO - 0010219,2017-06-16,100,Export,USD,GUT930,35,2,6,5085.3,30511.8,2186.68
SO - 0010462,2017-06-16,148,Wholesale,USD,AXW291,5,17,6,3912.8,23476.8,2425.94
SO - 0008229,2017-06-17,38,Distributor,USD,AXW291,22,13,10,227.8,2278,166.29
SO - 0008336,2017-06-17,100,Distributor,USD,NXH382,50,13,8,5681.6,45452.8,2727.17
SO - 0008605,2017-06-17,53,Export,USD,GUT930,44,23,9,6438.7,57948.3,4185.16
SO - 0008887,2017-06-17,155,Wholesale,USD,AXW291,13,25,5,5735.2,28676,3670.53
SO - 0009513,2017-06-17,15,Wholesale,USD,AXW291,2,5,8,1038.5,8308,726.95
SO - 0009978,2017-06-17,113,Distributor,USD,AXW291,15,6,5,984.9,4924.5,610.64
SO - 0010412,2017-06-17,107,Distributor,USD,AXW291,27,14,7,4020,28140,2452.2
SO - 0010413,2017-06-17,170,Wholesale,USD,AXW291,28,25,6,201,1206,104.52
SO - 0010756,2017-06-17,127,Wholesale,USD,AXW291,30,17,7,3463.9,24247.3,2909.68
SO - 0008093,2017-06-18,81,Distributor,USD,GUT930,41,14,5,1011.7,5058.5,566.55
SO - 0008131,2017-06-18,24,Wholesale,USD,AXW291,28,1,8,2231.1,17848.8,892.44
SO - 0010049,2017-06-18,82,Distributor,USD,AXW291,29,14,5,201,1005,158.79
SO - 0010116,2017-06-18,127,Export,USD,GUT930,45,23,11,2659.9,29258.9,1861.93
SO - 0010350,2017-06-18,74,Distributor,USD,AXW291,18,6,11,1112.2,12234.2,656.2
SO - 0010388,2017-06-18,21,Export,USD,AXW291,9,21,9,1273,11457,814.72
SO - 0008217,2017-06-19,148,Export,USD,AXW291,9,2,6,2412,14472,1736.64
SO - 0008284,2017-06-19,129,Wholesale,USD,AXW291,15,17,11,1125.6,12381.6,607.82
SO - 0008807,2017-06-19,145,Export,USD,GUT930,45,3,5,3001.6,15008,2251.2
SO - 0009291,2017-06-19,160,Distributor,USD,GUT930,47,11,12,5695,68340,2847.5
SO - 0010107,2017-06-19,144,Wholesale,USD,AXW291,3,2,12,1132.3,13587.6,849.23
SO - 0010502,2017-06-19,169,Wholesale,USD,AXW291,15,2,11,5896,64856,3183.84
SO - 0010572,2017-06-19,173,Export,USD,NXH382,57,3,7,3919.5,27436.5,2508.48
SO - 0008198,2017-06-20,167,Distributor,USD,AXW291,1,28,8,2626.4,21011.2,1365.73
SO - 0008299,2017-06-20,116,Export,USD,NXH382,54,14,10,1165.8,11658,909.32
SO - 0008369,2017-06-20,101,Wholesale,USD,GUT930,36,13,7,2412,16884,1712.52
SO - 0008595,2017-06-20,73,Distributor,USD,NXH382,59,21,9,1996.6,17969.4,1437.55
SO - 0009116,2017-06-20,100,Export,USD,AXW291,16,15,11,5554.3,61097.3,2777.15
SO - 0009886,2017-06-20,77,Wholesale,USD,AXW291,16,13,11,3906.1,42967.1,3203
SO - 0010641,2017-06-20,156,Wholesale,USD,AXW291,13,14,5,1701.8,8509,1412.49
SO - 0008177,2017-06-21,33,Distributor,USD,NXH382,55,18,10,897.8,8978,466.86
SO - 0008219,2017-06-21,122,Wholesale,USD,FLR025,62,14,5,5293,26465,3122.87
SO - 0008266,2017-06-21,4,Distributor,USD,AXW291,17,18,11,877.7,9654.7,728.49
SO - 0008297,2017-06-21,40,Wholesale,USD,AXW291,26,26,9,931.3,8381.7,605.35
SO - 0008806,2017-06-21,122,Export,USD,FLR025,65,3,5,1313.2,6566,958.64
SO - 0009016,2017-06-21,122,Wholesale,USD,NXH382,53,25,8,6344.9,50759.2,3743.49
SO - 0009177,2017-06-21,67,Wholesale,USD,GUT930,44,5,7,2499.1,17493.7,1074.61
SO - 0009296,2017-06-21,69,Wholesale,USD,NXH382,52,13,10,3966.4,39664,2895.47
SO - 0009520,2017-06-21,113,Wholesale,USD,FLR025,60,14,9,1742,15678,1323.92
SO - 0009991,2017-06-21,33,Wholesale,USD,NXH382,49,11,12,5494,65928,4010.62
SO - 0010037,2017-06-21,120,Wholesale,USD,FLR025,63,18,5,917.9,4589.5,743.5
SO - 0010537,2017-06-21,42,Distributor,USD,AXW291,25,15,7,991.6,6941.2,485.88
SO - 0010552,2017-06-21,159,Wholesale,USD,AXW291,28,30,6,1011.7,6070.2,829.59
SO - 0010748,2017-06-21,51,Wholesale,USD,FLR025,61,25,11,214.4,2358.4,126.5
SO - 0008282,2017-06-22,47,Export,USD,GUT930,36,26,6,6130.5,36783,3310.47
SO - 0008540,2017-06-22,95,Distributor,USD,NXH382,48,4,10,2278,22780,1526.26
SO - 0008613,2017-06-22,129,Distributor,USD,NXH382,59,1,6,3859.2,23155.2,1620.86
SO - 0008714,2017-06-22,59,Distributor,USD,GUT930,36,29,6,187.6,1125.6,76.92
SO - 0008948,2017-06-22,82,Distributor,USD,GUT930,38,26,9,5226,47034,4442.1
SO - 0008979,2017-06-22,160,Wholesale,USD,NXH382,52,24,11,2412,26532,1688.4
SO - 0009043,2017-06-22,4,Wholesale,USD,AXW291,18,17,9,3859.2,34732.8,1813.82
SO - 0009406,2017-06-22,93,Wholesale,USD,AXW291,28,12,6,2659.9,15959.4,1649.14
SO - 0009720,2017-06-22,144,Distributor,USD,AXW291,13,5,7,1025.1,7175.7,420.29
SO - 0010261,2017-06-22,52,Wholesale,USD,NXH382,49,4,12,5406.9,64882.8,2487.17
SO - 0010620,2017-06-22,99,Distributor,USD,AXW291,7,27,5,2445.5,12227.5,1760.76
SO - 0008765,2017-06-23,162,Wholesale,USD,AXW291,26,7,6,2485.7,14914.2,1889.13
SO - 0009008,2017-06-23,23,Wholesale,USD,AXW291,27,1,8,1849.2,14793.6,1275.95
SO - 0009576,2017-06-23,154,Distributor,USD,GUT930,41,3,6,1078.7,6472.2,862.96
SO - 0009628,2017-06-23,140,Wholesale,USD,GUT930,35,7,12,1762.1,21145.2,757.7
SO - 0009690,2017-06-23,172,Export,USD,AXW291,15,13,11,871,9581,418.08
SO - 0008528,2017-06-24,37,Wholesale,USD,FLR025,64,13,5,1232.8,6164,715.02
SO - 0008697,2017-06-24,119,Export,USD,AXW291,5,25,6,3671.6,22029.6,1468.64
SO - 0008753,2017-06-24,143,Wholesale,USD,AXW291,15,17,10,174.2,1742,121.94
SO - 0009173,2017-06-24,68,Wholesale,USD,GUT930,46,5,7,3343.3,23403.1,2407.18
SO - 0009807,2017-06-24,1,Wholesale,USD,AXW291,3,9,5,2599.6,12998,1637.75
SO - 0008380,2017-06-25,125,Export,USD,GUT930,34,14,12,904.5,10854,443.21
SO - 0008614,2017-06-25,79,Wholesale,USD,NXH382,60,14,5,2686.7,13433.5,2122.49
SO - 0010030,2017-06-25,35,Distributor,USD,AXW291,12,26,5,998.3,4991.5,778.67
SO - 0008172,2017-06-26,173,Wholesale,USD,GUT930,33,6,10,1735.3,17353,1145.3
SO - 0008337,2017-06-26,77,Distributor,USD,AXW291,27,18,10,1105.5,11055,442.2
SO - 0008559,2017-06-26,42,Export,USD,AXW291,19,14,11,5125.5,56380.5,3895.38
SO - 0010280,2017-06-26,124,Export,USD,NXH382,52,18,8,1058.6,8468.8,529.3
SO - 0010500,2017-06-26,103,Export,USD,AXW291,2,9,10,790.6,7906,545.51
SO - 0008530,2017-06-27,73,Export,USD,NXH382,58,1,9,1005,9045,542.7
SO - 0008656,2017-06-27,108,Wholesale,USD,AXW291,14,23,12,1922.9,23074.8,788.39
SO - 0009088,2017-06-27,113,Wholesale,USD,AXW291,26,29,6,1259.6,7557.6,831.34
SO - 0009802,2017-06-27,81,Distributor,USD,GUT930,38,2,6,207.7,1246.2,87.23
SO - 0009973,2017-06-27,135,Distributor,USD,AXW291,16,18,9,1876,16884,1575.84
SO - 0010011,2017-06-27,80,Distributor,USD,AXW291,23,14,10,2278,22780,1116.22
SO - 0010378,2017-06-27,156,Wholesale,USD,AXW291,5,26,11,1862.6,20488.6,745.04
SO - 0008767,2017-06-28,154,Export,USD,AXW291,16,6,5,3443.8,17219,2307.35
SO - 0009362,2017-06-28,47,Wholesale,USD,AXW291,10,30,8,5406.9,43255.2,4217.38
SO - 0009495,2017-06-28,170,Wholesale,USD,FLR025,65,8,11,1005,11055,482.4
SO - 0009622,2017-06-28,48,Export,USD,AXW291,21,24,7,2304.8,16133.6,1682.5
SO - 0009694,2017-06-28,44,Wholesale,USD,AXW291,22,14,10,911.2,9112,637.84
SO - 0010476,2017-06-28,125,Wholesale,USD,FLR025,66,16,7,3618,25326,2026.08
SO - 0010617,2017-06-28,169,Distributor,USD,NXH382,56,25,9,944.7,8502.3,566.82
SO - 0008848,2017-06-29,34,Wholesale,USD,NXH382,50,26,10,167.5,1675,117.25
SO - 0009356,2017-06-29,90,Export,USD,AXW291,21,29,12,3912.8,46953.6,1995.53
SO - 0010326,2017-06-29,155,Wholesale,USD,NXH382,58,26,11,254.6,2800.6,173.13
SO - 0008534,2017-06-30,97,Wholesale,USD,AXW291,13,23,6,2914.5,17487,2156.73
SO - 0008538,2017-06-30,57,Wholesale,USD,AXW291,6,13,12,4006.6,48079.2,1682.77
SO - 0008665,2017-06-30,164,Wholesale,USD,AXW291,22,20,5,1132.3,5661.5,702.03
SO - 0009048,2017-06-30,20,Export,USD,AXW291,22,25,10,1212.7,12127,1006.54
SO - 0009074,2017-06-30,69,Export,USD,GUT930,41,13,6,5212.6,31275.6,2814.8
SO - 0009189,2017-06-30,134,Wholesale,USD,AXW291,12,26,7,2968.1,20776.7,1869.9
SO - 0009617,2017-06-30,77,Wholesale,USD,NXH382,51,13,8,2519.2,20153.6,1158.83
SO - 0009661,2017-06-30,18,Export,USD,AXW291,10,5,6,924.6,5547.6,545.51
SO - 0009787,2017-06-30,161,Export,USD,AXW291,24,6,10,917.9,9179,514.02
SO - 0010027,2017-06-30,132,Distributor,USD,GUT930,42,15,8,3852.5,30820,2311.5
SO - 0008136,2017-07-01,153,Export,USD,AXW291,5,14,11,5996.5,65961.5,2818.36
SO - 0008466,2017-07-01,4,Distributor,USD,AXW291,19,26,5,3323.2,16616,1860.99
SO - 0008626,2017-07-01,171,Export,USD,GUT930,32,6,5,1078.7,5393.5,852.17
SO - 0008900,2017-07-01,144,Wholesale,USD,AXW291,15,2,5,964.8,4824,791.14
SO - 0008901,2017-07-01,88,Wholesale,USD,GUT930,38,12,9,2901.1,26109.9,2146.81
SO - 0008923,2017-07-01,103,Wholesale,USD,NXH382,48,1,7,1902.8,13319.6,1427.1
SO - 0009646,2017-07-01,113,Distributor,USD,AXW291,23,26,5,1005,5025,603
SO - 0009970,2017-07-01,89,Wholesale,USD,AXW291,19,3,9,3879.3,34913.7,2521.55
SO - 0010277,2017-07-01,15,Wholesale,USD,NXH382,52,27,10,1025.1,10251,645.81
SO - 0008094,2017-07-02,83,Wholesale,USD,AXW291,29,14,12,3926.2,47114.4,2944.65
SO - 0008588,2017-07-02,125,Wholesale,USD,AXW291,15,4,7,1051.9,7363.3,736.33
SO - 0008667,2017-07-02,55,Distributor,USD,NXH382,53,1,6,3959.7,23758.2,2930.18
SO - 0008700,2017-07-02,35,Distributor,USD,AXW291,4,18,8,174.2,1393.6,142.84
SO - 0008994,2017-07-02,7,Wholesale,USD,NXH382,47,26,11,241.2,2653.2,161.6
SO - 0009103,2017-07-02,61,Wholesale,USD,AXW291,18,13,12,1721.9,20662.8,843.73
SO - 0009381,2017-07-02,101,Distributor,USD,AXW291,9,3,7,1675,11725,1323.25
SO - 0009407,2017-07-02,62,Distributor,USD,AXW291,22,16,9,3356.7,30210.3,1779.05
SO - 0009820,2017-07-02,141,Distributor,USD,NXH382,53,5,11,1822.4,20046.4,1221.01
SO - 0009887,2017-07-02,157,Wholesale,USD,AXW291,18,4,10,737,7370,449.57
SO - 0010103,2017-07-02,164,Distributor,USD,AXW291,28,13,9,2432.1,21888.9,1653.83
SO - 0010577,2017-07-02,156,Wholesale,USD,AXW291,19,8,5,2800.6,14003,2380.51
SO - 0010613,2017-07-02,55,Export,USD,GUT930,45,25,12,2546,30552,1884.04
SO - 0008159,2017-07-03,137,Distributor,USD,FLR025,61,25,7,201,1407,120.6
SO - 0008477,2017-07-03,41,Distributor,USD,GUT930,46,9,5,2619.7,13098.5,1152.67
SO - 0008518,2017-07-03,14,Wholesale,USD,AXW291,26,1,12,1072,12864,621.76
SO - 0008575,2017-07-03,49,Distributor,USD,AXW291,15,10,9,958.1,8622.9,469.47
SO - 0008652,2017-07-03,77,Distributor,USD,FLR025,62,30,8,2740.3,21922.4,2137.43
SO - 0008773,2017-07-03,1,Export,USD,AXW291,3,2,5,227.8,1139,186.8
SO - 0008833,2017-07-03,126,Wholesale,USD,NXH382,53,4,10,6371.7,63717,2803.55
SO - 0009139,2017-07-03,67,Export,USD,AXW291,29,14,9,2512.5,22612.5,1231.13
SO - 0009737,2017-07-03,163,Distributor,USD,AXW291,27,26,12,3664.9,43978.8,1795.8
SO - 0010210,2017-07-03,151,Wholesale,USD,NXH382,58,6,7,1098.8,7691.6,933.98
SO - 0010698,2017-07-03,135,Wholesale,USD,AXW291,6,5,6,1165.8,6994.8,512.95
SO - 0008313,2017-07-04,152,Wholesale,USD,FLR025,62,15,11,1989.9,21888.9,1154.14
SO - 0008432,2017-07-04,94,Distributor,USD,AXW291,8,16,7,2586.2,18103.4,2068.96
SO - 0009122,2017-07-04,18,Wholesale,USD,AXW291,16,3,9,1005,9045,743.7
SO - 0009137,2017-07-04,3,Distributor,USD,AXW291,15,25,6,1949.7,11698.2,1559.76
SO - 0009418,2017-07-04,17,Wholesale,USD,AXW291,7,5,5,984.9,4924.5,630.34
SO - 0009422,2017-07-04,95,Distributor,USD,AXW291,2,6,9,1038.5,9346.5,571.18
SO - 0010099,2017-07-04,97,Distributor,USD,GUT930,33,6,10,207.7,2077,128.77
SO - 0010490,2017-07-04,167,Distributor,USD,AXW291,11,13,7,1085.4,7597.8,846.61
SO - 0010566,2017-07-04,66,Wholesale,USD,AXW291,7,4,7,2519.2,17634.4,1662.67
SO - 0010710,2017-07-04,76,Distributor,USD,NXH382,56,27,11,891.1,9802.1,356.44
SO - 0008124,2017-07-05,74,Distributor,USD,AXW291,5,26,8,1018.4,8147.2,794.35
SO - 0008238,2017-07-05,27,Distributor,USD,NXH382,57,17,5,268,1340,131.32
SO - 0008262,2017-07-05,30,Distributor,USD,AXW291,2,26,5,227.8,1139,161.74
SO - 0008826,2017-07-05,106,Wholesale,USD,GUT930,33,2,5,3504.1,17520.5,2417.83
SO - 0008914,2017-07-05,79,Distributor,USD,AXW291,29,13,11,1078.7,11865.7,787.45
SO - 0009717,2017-07-05,113,Wholesale,USD,FLR025,66,19,9,1835.8,16522.2,771.04
SO - 0010095,2017-07-05,153,Wholesale,USD,FLR025,63,4,12,3624.7,43496.4,2646.03
SO - 0008115,2017-07-06,23,Wholesale,USD,NXH382,48,20,9,1065.3,9587.7,522
SO - 0008457,2017-07-06,128,Distributor,USD,AXW291,22,25,8,1922.9,15383.2,999.91
SO - 0008604,2017-07-06,70,Export,USD,NXH382,51,25,7,234.5,1641.5,192.29
SO - 0008897,2017-07-06,50,Distributor,USD,AXW291,29,28,6,3879.3,23275.8,2599.13
SO - 0009626,2017-07-06,116,Distributor,USD,NXH382,54,13,11,201,2211,150.75
SO - 0009640,2017-07-06,41,Wholesale,USD,AXW291,27,5,12,6157.3,73887.6,4433.26
SO - 0009688,2017-07-06,74,Wholesale,USD,NXH382,53,3,5,2224.4,11122,1267.91
SO - 0009747,2017-07-06,43,Distributor,USD,GUT930,41,5,5,1025.1,5125.5,645.81
SO - 0009906,2017-07-06,45,Wholesale,USD,NXH382,59,23,9,3698.4,33285.6,2773.8
SO - 0010267,2017-07-06,79,Wholesale,USD,AXW291,3,5,8,1226.1,9808.8,956.36
SO - 0010580,2017-07-06,172,Export,USD,NXH382,57,26,12,1045.2,12542.4,846.61
SO - 0010714,2017-07-06,27,Wholesale,USD,GUT930,38,6,5,3450.5,17252.5,2346.34
SO - 0008208,2017-07-07,36,Export,USD,GUT930,32,16,10,214.4,2144,109.34
SO - 0008622,2017-07-07,8,Distributor,USD,NXH382,49,26,5,6465.5,32327.5,4073.27
SO - 0008951,2017-07-07,45,Wholesale,USD,GUT930,35,4,12,3959.7,47516.4,3167.76
SO - 0009331,2017-07-07,54,Export,USD,AXW291,22,13,7,911.2,6378.4,400.93
SO - 0009765,2017-07-07,157,Distributor,USD,NXH382,55,17,12,2666.6,31999.2,1466.63
SO - 0009914,2017-07-07,145,Distributor,USD,NXH382,58,25,11,3926.2,43188.2,1688.27
SO - 0010254,2017-07-07,110,Distributor,USD,GUT930,45,16,12,5212.6,62551.2,4378.58
SO - 0010539,2017-07-07,74,Wholesale,USD,NXH382,54,4,8,891.1,7128.8,623.77
SO - 0008464,2017-07-08,44,Distributor,USD,GUT930,35,15,5,3852.5,19262.5,1695.1
SO - 0008744,2017-07-08,143,Export,USD,AXW291,24,8,6,3564.4,21386.4,2708.94
SO - 0008759,2017-07-08,5,Distributor,USD,NXH382,50,4,10,1005,10050,532.65
SO - 0009374,2017-07-08,5,Export,USD,AXW291,15,7,11,2278,25058,956.76
SO - 0009547,2017-07-08,25,Wholesale,USD,AXW291,6,16,12,167.5,2010,98.83
SO - 0009583,2017-07-08,120,Wholesale,USD,FLR025,66,18,8,1159.1,9272.8,776.6
SO - 0009879,2017-07-08,132,Wholesale,USD,NXH382,49,4,11,1802.3,19825.3,1063.36
SO - 0010345,2017-07-08,12,Wholesale,USD,FLR025,66,30,7,6291.3,44039.1,3774.78
SO - 0010622,2017-07-08,27,Wholesale,USD,AXW291,13,15,10,877.7,8777,561.73
SO - 0008620,2017-07-09,170,Wholesale,USD,AXW291,20,6,6,2606.3,15637.8,1485.59
SO - 0008641,2017-07-09,126,Export,USD,NXH382,53,30,8,1259.6,10076.8,705.38
SO - 0008758,2017-07-09,17,Wholesale,USD,NXH382,48,15,8,1005,8040,713.55
SO - 0008827,2017-07-09,138,Export,USD,GUT930,42,25,11,3082,33902,2311.5
SO - 0009007,2017-07-09,3,Export,USD,FLR025,66,4,5,690.1,3450.5,496.87
SO - 0009337,2017-07-09,37,Distributor,USD,AXW291,11,27,10,1681.7,16817,1294.91
SO - 0009697,2017-07-09,163,Wholesale,USD,AXW291,19,28,8,2572.8,20582.4,1054.85
SO - 0010032,2017-07-09,40,Wholesale,USD,AXW291,15,26,5,5212.6,26063,3283.94
SO - 0010591,2017-07-09,163,Distributor,USD,FLR025,61,15,8,1045.2,8361.6,637.57
SO - 0008589,2017-07-10,31,Distributor,USD,GUT930,40,25,9,4013.3,36119.7,2327.71
SO - 0008930,2017-07-10,138,Wholesale,USD,AXW291,21,22,10,1051.9,10519,788.93
SO - 0009121,2017-07-10,140,Export,USD,FLR025,63,13,9,1969.8,17728.2,1398.56
SO - 0009769,2017-07-10,55,Distributor,USD,NXH382,60,24,6,984.9,5909.4,748.52
SO - 0009977,2017-07-10,112,Wholesale,USD,NXH382,50,27,10,3932.9,39329,2084.44
SO - 0008754,2017-07-11,147,Distributor,USD,AXW291,19,3,5,1286.4,6432,630.34
SO - 0008849,2017-07-11,40,Wholesale,USD,FLR025,62,23,9,187.6,1688.4,116.31
SO - 0008978,2017-07-11,14,Distributor,USD,GUT930,46,30,10,2211,22110,1127.61
SO - 0009039,2017-07-11,94,Distributor,USD,AXW291,21,25,8,1011.7,8093.6,576.67
SO - 0009135,2017-07-11,122,Distributor,USD,NXH382,47,14,10,1889.4,18894,1549.31
SO - 0009162,2017-07-11,111,Export,USD,AXW291,9,2,12,3926.2,47114.4,1845.31
SO - 0009246,2017-07-11,156,Wholesale,USD,GUT930,45,5,7,5587.8,39114.6,3017.41
SO - 0009882,2017-07-11,26,Distributor,USD,NXH382,50,6,12,1125.6,13507.2,956.76
SO - 0010429,2017-07-11,32,Wholesale,USD,FLR025,62,26,8,1011.7,8093.6,758.78
SO - 0008428,2017-07-12,1,Wholesale,USD,NXH382,57,25,9,214.4,1929.6,139.36
SO - 0008850,2017-07-12,7,Wholesale,USD,AXW291,1,20,12,234.5,2814,189.95
SO - 0008874,2017-07-12,121,Export,USD,AXW291,18,17,11,2311.5,25426.5,1502.48
SO - 0009501,2017-07-12,80,Wholesale,USD,NXH382,48,13,11,783.9,8622.9,399.79
SO - 0009514,2017-07-12,57,Wholesale,USD,FLR025,64,19,11,904.5,9949.5,587.93
SO - 0009578,2017-07-12,155,Wholesale,USD,AXW291,5,13,12,241.2,2894.4,149.54
SO - 0009994,2017-07-12,47,Wholesale,USD,AXW291,14,6,10,2613,26130,2221.05
SO - 0010148,2017-07-12,14,Export,USD,AXW291,5,25,6,1005,6030,502.5
SO - 0010281,2017-07-12,157,Wholesale,USD,GUT930,38,26,6,6391.8,38350.8,4218.59
SO - 0008320,2017-07-13,14,Distributor,USD,FLR025,65,25,10,6123.8,61238,3919.23
SO - 0008606,2017-07-13,83,Wholesale,USD,AXW291,11,4,6,5319.8,31918.8,4521.83
SO - 0008783,2017-07-13,94,Wholesale,USD,NXH382,51,3,9,2003.3,18029.7,1482.44
SO - 0008886,2017-07-13,134,Wholesale,USD,AXW291,12,26,12,2525.9,30310.8,1288.21
SO - 0009277,2017-07-13,5,Distributor,USD,AXW291,9,25,6,3390.2,20341.2,1966.32
SO - 0009518,2017-07-13,35,Distributor,USD,NXH382,48,20,7,1266.3,8864.1,810.43
SO - 0009833,2017-07-13,112,Distributor,USD,GUT930,33,1,8,1869.3,14954.4,1383.28
SO - 0010309,2017-07-13,168,Wholesale,USD,NXH382,51,16,11,1018.4,11202.4,824.9
SO - 0010344,2017-07-13,60,Wholesale,USD,FLR025,63,8,6,2666.6,15999.6,1546.63
SO - 0008734,2017-07-14,33,Wholesale,USD,AXW291,20,25,7,971.5,6800.5,505.18
SO - 0008823,2017-07-14,156,Distributor,USD,AXW291,1,15,5,1058.6,5293,783.36
SO - 0009400,2017-07-14,51,Wholesale,USD,AXW291,29,14,9,857.6,7718.4,728.96
SO - 0009619,2017-07-14,154,Export,USD,GUT930,40,19,6,3886,23316,2176.16
SO - 0010106,2017-07-14,90,Wholesale,USD,AXW291,12,17,9,998.3,8984.7,748.73
SO - 0010168,2017-07-14,69,Wholesale,USD,NXH382,49,15,8,2646.5,21172,1931.95
SO - 0010358,2017-07-14,51,Wholesale,USD,GUT930,44,2,8,2472.3,19778.4,1013.64
SO - 0010367,2017-07-14,137,Distributor,USD,AXW291,17,12,8,1132.3,9058.4,724.67
SO - 0010453,2017-07-14,105,Distributor,USD,FLR025,60,3,11,6070.2,66772.2,3702.82
SO - 0010560,2017-07-14,35,Export,USD,NXH382,52,16,6,2994.9,17969.4,2455.82
SO - 0010571,2017-07-14,58,Export,USD,AXW291,18,23,11,3819,42009,2902.44
SO - 0008273,2017-07-15,70,Wholesale,USD,NXH382,54,14,12,1132.3,13587.6,600.12
SO - 0008303,2017-07-15,57,Wholesale,USD,AXW291,26,11,12,1762.1,21145.2,1180.61
SO - 0008496,2017-07-15,118,Export,USD,NXH382,47,20,5,871,4355,365.82
SO - 0009161,2017-07-15,10,Wholesale,USD,AXW291,7,20,7,1078.7,7550.9,539.35
SO - 0009287,2017-07-15,80,Wholesale,USD,AXW291,6,18,11,1078.7,11865.7,852.17
SO - 0009654,2017-07-15,20,Wholesale,USD,GUT930,35,20,11,3088.7,33975.7,1945.88
SO - 0009778,2017-07-15,46,Distributor,USD,AXW291,2,22,7,5507.4,38551.8,2533.4
SO - 0010385,2017-07-15,83,Wholesale,USD,NXH382,58,26,6,763.8,4582.8,565.21
SO - 0010439,2017-07-15,97,Distributor,USD,GUT930,36,3,5,1038.5,5192.5,446.56
SO - 0010506,2017-07-15,154,Distributor,USD,AXW291,15,5,10,5266.2,52662,3528.35
SO - 0010533,2017-07-15,62,Wholesale,USD,AXW291,23,9,8,2499.1,19992.8,1499.46
SO - 0008118,2017-07-16,31,Distributor,USD,AXW291,19,26,7,3906.1,27342.7,2226.48
SO - 0008968,2017-07-16,65,Wholesale,USD,AXW291,1,16,7,3906.1,27342.7,2538.97
SO - 0009193,2017-07-16,76,Distributor,USD,GUT930,40,3,5,891.1,4455.5,730.7
SO - 0009239,2017-07-16,38,Export,USD,AXW291,8,14,11,1896.1,20857.1,777.4
SO - 0009241,2017-07-16,112,Wholesale,USD,NXH382,59,27,7,5326.5,37285.5,3036.11
SO - 0009572,2017-07-16,137,Wholesale,USD,GUT930,45,5,10,924.6,9246,453.05
SO - 0009857,2017-07-16,142,Distributor,USD,GUT930,42,26,8,1065.3,8522.4,426.12
SO - 0010033,2017-07-16,16,Wholesale,USD,AXW291,8,3,6,1159.1,6954.6,498.41
SO - 0010140,2017-07-16,16,Wholesale,USD,GUT930,41,2,9,5674.9,51074.1,3575.19
SO - 0010485,2017-07-16,66,Export,USD,NXH382,59,26,6,1005,6030,633.15
SO - 0008169,2017-07-17,8,Distributor,USD,NXH382,47,18,9,1755.4,15798.6,1299
SO - 0008750,2017-07-17,131,Wholesale,USD,AXW291,2,13,7,1996.6,13976.2,1557.35
SO - 0008808,2017-07-17,53,Distributor,USD,AXW291,24,25,11,234.5,2579.5,187.6
SO - 0009032,2017-07-17,152,Wholesale,USD,NXH382,57,5,11,261.3,2874.3,175.07
SO - 0009631,2017-07-17,90,Wholesale,USD,AXW291,10,13,11,1842.5,20267.5,810.7
SO - 0009710,2017-07-17,100,Wholesale,USD,GUT930,43,26,5,5239.4,26197,3615.19
SO - 0010131,2017-07-17,14,Wholesale,USD,GUT930,36,17,7,5654.8,39583.6,3279.78
SO - 0010519,2017-07-17,136,Wholesale,USD,GUT930,39,11,10,2271.3,22713,1748.9
SO - 0008168,2017-07-18,15,Wholesale,USD,AXW291,25,4,7,5822.3,40756.1,4541.39
SO - 0008197,2017-07-18,12,Export,USD,AXW291,26,4,8,931.3,7450.4,726.41
SO - 0008701,2017-07-18,65,Wholesale,USD,AXW291,14,8,11,1011.7,11128.7,708.19
SO - 0008908,2017-07-18,151,Wholesale,USD,NXH382,57,14,7,214.4,1500.8,122.21
SO - 0009055,2017-07-18,134,Distributor,USD,GUT930,42,25,5,2566.1,12830.5,1796.27
SO - 0009469,2017-07-18,128,Wholesale,USD,AXW291,15,8,8,1929.6,15436.8,1080.58
SO - 0009835,2017-07-18,142,Export,USD,GUT930,36,17,10,1273,12730,840.18
SO - 0009909,2017-07-18,45,Wholesale,USD,AXW291,16,25,10,1045.2,10452,679.38
SO - 0010025,2017-07-18,45,Wholesale,USD,AXW291,28,28,10,3999.9,39999,2999.93
SO - 0010094,2017-07-18,118,Wholesale,USD,AXW291,15,26,7,2391.9,16743.3,1698.25
SO - 0010285,2017-07-18,26,Export,USD,AXW291,9,8,9,964.8,8683.2,520.99
SO - 0010463,2017-07-18,109,Wholesale,USD,AXW291,6,15,11,3128.9,34417.9,2628.28
SO - 0010599,2017-07-18,97,Wholesale,USD,GUT930,36,15,9,1038.5,9346.5,747.72
SO - 0008156,2017-07-19,125,Wholesale,USD,GUT930,32,4,12,897.8,10773.6,475.83
SO - 0008268,2017-07-19,147,Wholesale,USD,AXW291,17,26,10,958.1,9581,469.47
SO - 0008346,2017-07-19,106,Wholesale,USD,AXW291,16,5,10,1051.9,10519,641.66
SO - 0008463,2017-07-19,13,Wholesale,USD,AXW291,12,26,8,1862.6,14900.8,949.93
SO - 0008704,2017-07-19,99,Wholesale,USD,AXW291,8,3,10,1118.9,11189,861.55
SO - 0009126,2017-07-19,116,Distributor,USD,GUT930,32,3,7,743.7,5205.9,557.78
SO - 0009197,2017-07-19,18,Wholesale,USD,AXW291,27,19,7,891.1,6237.7,623.77
SO - 0009405,2017-07-19,113,Distributor,USD,FLR025,66,15,9,1018.4,9165.6,621.22
SO - 0010165,2017-07-19,127,Distributor,USD,GUT930,35,2,9,3323.2,29908.8,1927.46
SO - 0010631,2017-07-19,110,Wholesale,USD,AXW291,20,1,6,4020,24120,2653.2
SO - 0010733,2017-07-19,73,Wholesale,USD,NXH382,58,24,9,958.1,8622.9,603.6
SO - 0009521,2017-07-20,30,Wholesale,USD,GUT930,35,26,12,3242.8,38913.6,1751.11
SO - 0009813,2017-07-20,14,Wholesale,USD,AXW291,31,23,8,1929.6,15436.8,1234.94
SO - 0009976,2017-07-20,23,Distributor,USD,FLR025,60,26,9,6103.7,54933.3,3051.85
SO - 0009990,2017-07-20,65,Wholesale,USD,GUT930,32,30,11,991.6,10907.6,644.54
SO - 0010469,2017-07-20,48,Distributor,USD,GUT930,40,25,6,1065.3,6391.8,671.14
SO - 0010611,2017-07-20,151,Distributor,USD,FLR025,62,8,5,5916.1,29580.5,4673.72
SO - 0010687,2017-07-20,113,Export,USD,GUT930,37,15,9,1038.5,9346.5,695.8
SO - 0008706,2017-07-21,171,Wholesale,USD,FLR025,63,18,5,3845.8,19229,1730.61
SO - 0008946,2017-07-21,159,Wholesale,USD,NXH382,54,12,7,1085.4,7597.8,716.36
SO - 0009985,2017-07-21,9,Wholesale,USD,AXW291,18,9,5,6425.3,32126.5,3662.42
SO - 0010228,2017-07-21,25,Distributor,USD,AXW291,24,15,12,1159.1,13909.2,707.05
SO - 0010538,2017-07-21,162,Wholesale,USD,NXH382,48,26,9,5936.2,53425.8,3561.72
SO - 0008416,2017-07-22,72,Wholesale,USD,GUT930,39,21,5,5272.9,26364.5,2267.35
SO - 0008873,2017-07-22,79,Wholesale,USD,AXW291,1,13,5,1132.3,5661.5,600.12
SO - 0009339,2017-07-22,144,Export,USD,GUT930,46,11,6,3845.8,23074.8,2961.27
SO - 0009567,2017-07-22,89,Wholesale,USD,AXW291,22,13,10,2974.8,29748,1784.88
SO - 0009867,2017-07-22,139,Distributor,USD,GUT930,34,2,11,3075.3,33828.3,1599.16
SO - 0009956,2017-07-22,132,Distributor,USD,AXW291,26,19,6,4020,24120,2613
SO - 0010246,2017-07-22,148,Distributor,USD,AXW291,29,21,6,3169.1,19014.6,2440.21
SO - 0010306,2017-07-22,140,Wholesale,USD,NXH382,57,1,6,194.3,1165.8,95.21
SO - 0010362,2017-07-22,30,Wholesale,USD,AXW291,10,4,6,1051.9,6311.4,873.08
SO - 0010422,2017-07-22,41,Wholesale,USD,AXW291,22,6,6,1943,11658,893.78
SO - 0010702,2017-07-22,125,Wholesale,USD,AXW291,16,27,8,1098.8,8790.4,879.04
SO - 0008151,2017-07-23,153,Wholesale,USD,GUT930,39,15,7,1728.6,12100.2,1400.17
SO - 0008362,2017-07-23,33,Export,USD,NXH382,49,24,6,2552.7,15316.2,1327.4
SO - 0008572,2017-07-23,95,Distributor,USD,AXW291,4,25,6,944.7,5668.2,699.08
SO - 0008842,2017-07-23,75,Wholesale,USD,AXW291,13,13,8,2485.7,19885.6,2063.13
SO - 0009811,2017-07-23,39,Wholesale,USD,AXW291,4,26,9,958.1,8622.9,699.41
SO - 0009931,2017-07-23,83,Wholesale,USD,AXW291,7,13,6,6525.8,39154.8,3589.19
SO - 0010563,2017-07-23,55,Wholesale,USD,AXW291,2,3,6,3966.4,23798.4,2974.8
SO - 0008119,2017-07-24,93,Wholesale,USD,FLR025,63,24,7,2351.7,16461.9,1622.67
SO - 0008717,2017-07-24,104,Wholesale,USD,NXH382,50,5,7,810.7,5674.9,567.49
SO - 0008816,2017-07-24,31,Wholesale,USD,AXW291,28,13,12,1045.2,12542.4,491.24
SO - 0008885,2017-07-24,163,Wholesale,USD,AXW291,1,2,5,1943,9715,1651.55
SO - 0009010,2017-07-24,107,Distributor,USD,GUT930,40,26,11,3953,43483,2767.1
SO - 0009479,2017-07-24,156,Export,USD,NXH382,48,13,6,1072,6432,503.84
SO - 0009794,2017-07-24,45,Wholesale,USD,GUT930,34,26,5,6083.6,30418,2980.96
SO - 0010190,2017-07-24,39,Wholesale,USD,GUT930,38,6,9,1762.1,15858.9,1145.37
SO - 0008482,2017-07-25,131,Export,USD,AXW291,3,1,5,1192.6,5963,477.04
SO - 0008644,2017-07-25,30,Wholesale,USD,AXW291,2,7,9,1876,16884,1275.68
SO - 0008668,2017-07-25,57,Wholesale,USD,GUT930,32,10,11,5460.5,60065.5,4259.19
SO - 0008870,2017-07-25,129,Export,USD,AXW291,18,14,5,180.9,904.5,86.83
SO - 0008917,2017-07-25,53,Wholesale,USD,AXW291,28,25,9,1132.3,10190.7,702.03
SO - 0009310,2017-07-25,53,Wholesale,USD,AXW291,5,5,12,2452.2,29426.4,1642.97
SO - 0009945,2017-07-25,146,Distributor,USD,GUT930,32,5,8,3879.3,31034.4,1784.48
SO - 0010068,2017-07-25,87,Distributor,USD,AXW291,23,17,9,3839.1,34551.9,2418.63
SO - 0010161,2017-07-25,78,Wholesale,USD,AXW291,6,25,12,2465.6,29587.2,1799.89
SO - 0010187,2017-07-25,3,Wholesale,USD,AXW291,26,26,8,2003.3,16026.4,1422.34
SO - 0010653,2017-07-25,141,Wholesale,USD,GUT930,35,27,11,1929.6,21225.6,1138.46
SO - 0008201,2017-07-26,105,Distributor,USD,AXW291,15,26,8,3356.7,26853.6,1879.75
SO - 0008218,2017-07-26,140,Distributor,USD,AXW291,16,5,8,5875.9,47007.2,4289.41
SO - 0008778,2017-07-26,106,Wholesale,USD,NXH382,47,15,11,1185.9,13044.9,794.55
SO - 0009302,2017-07-26,24,Wholesale,USD,AXW291,25,7,6,3946.3,23677.8,2525.63
SO - 0009348,2017-07-26,40,Wholesale,USD,AXW291,5,25,9,1065.3,9587.7,490.04
SO - 0009522,2017-07-26,56,Distributor,USD,FLR025,64,23,8,1051.9,8415.2,715.29
SO - 0009605,2017-07-26,96,Wholesale,USD,AXW291,29,26,5,1159.1,5795.5,915.69
SO - 0009846,2017-07-26,40,Distributor,USD,GUT930,37,1,11,864.3,9507.3,388.94
SO - 0010004,2017-07-26,69,Wholesale,USD,AXW291,26,19,8,1045.2,8361.6,700.28
SO - 0010404,2017-07-26,45,Wholesale,USD,AXW291,30,19,12,2472.3,29667.6,1236.15
SO - 0010480,2017-07-26,35,Distributor,USD,NXH382,57,25,10,1118.9,11189,883.93
SO - 0010722,2017-07-26,74,Distributor,USD,AXW291,23,13,6,991.6,5949.6,743.7
SO - 0008382,2017-07-27,59,Distributor,USD,GUT930,44,23,9,743.7,6693.3,312.35
SO - 0008569,2017-07-27,70,Wholesale,USD,AXW291,3,1,5,3370.1,16850.5,2527.58
SO - 0009509,2017-07-27,173,Export,USD,AXW291,29,17,12,904.5,10854,407.03
SO - 0009770,2017-07-27,112,Distributor,USD,AXW291,3,3,7,241.2,1688.4,178.49
SO - 0010005,2017-07-27,138,Wholesale,USD,AXW291,4,11,10,1132.3,11323,690.7
SO - 0010127,2017-07-27,123,Wholesale,USD,GUT930,41,15,12,247.9,2974.8,153.7
SO - 0010222,2017-07-27,137,Distributor,USD,AXW291,6,8,9,3986.5,35878.5,2631.09
SO - 0010363,2017-07-27,143,Wholesale,USD,AXW291,2,9,6,3879.3,23275.8,2094.82
SO - 0010470,2017-07-27,110,Distributor,USD,AXW291,1,25,11,1125.6,12381.6,619.08
SO - 0008646,2017-07-28,113,Wholesale,USD,GUT930,42,5,5,1849.2,9246,1128.01
SO - 0009031,2017-07-28,41,Wholesale,USD,FLR025,66,2,12,857.6,10291.2,548.86
SO - 0009138,2017-07-28,90,Export,USD,AXW291,7,26,9,2244.5,20200.5,1683.38
SO - 0009492,2017-07-28,40,Wholesale,USD,NXH382,52,21,6,1996.6,11979.6,1098.13
SO - 0009505,2017-07-28,139,Wholesale,USD,AXW291,16,7,8,2385.2,19081.6,1025.64
SO - 0010110,2017-07-28,165,Wholesale,USD,AXW291,3,18,9,5293,47637,3334.59
SO - 0010226,2017-07-28,68,Export,USD,AXW291,7,1,10,5581.1,55811,3069.61
SO - 0010658,2017-07-28,91,Export,USD,NXH382,57,9,6,1172.5,7035,961.45
SO - 0008688,2017-07-29,143,Export,USD,FLR025,66,7,9,187.6,1688.4,95.68
SO - 0009081,2017-07-29,100,Wholesale,USD,AXW291,10,7,12,3463.9,41566.8,2909.68
SO - 0009211,2017-07-29,165,Distributor,USD,NXH382,51,25,11,5038.4,55422.4,3778.8
SO - 0009394,2017-07-29,65,Wholesale,USD,NXH382,52,25,12,261.3,3135.6,193.36
SO - 0009637,2017-07-29,133,Wholesale,USD,AXW291,22,13,9,716.9,6452.1,379.96
SO - 0009683,2017-07-29,154,Wholesale,USD,NXH382,58,26,5,5762,28810,3514.82
SO - 0009733,2017-07-29,71,Distributor,USD,NXH382,56,2,11,1916.2,21078.2,1207.21
SO - 0010551,2017-07-29,53,Wholesale,USD,AXW291,15,11,9,5440.4,48963.6,4461.13
SO - 0008580,2017-07-30,65,Wholesale,USD,AXW291,20,16,10,1132.3,11323,905.84
SO - 0009155,2017-07-30,82,Distributor,USD,AXW291,5,25,11,904.5,9949.5,515.57
SO - 0009360,2017-07-30,154,Wholesale,USD,GUT930,38,15,9,1125.6,10130.4,810.43
SO - 0009624,2017-07-30,146,Wholesale,USD,NXH382,49,14,12,2365.1,28381.2,1821.13
SO - 0009713,2017-07-30,172,Export,USD,NXH382,54,11,11,2278,25058,1047.88
SO - 0009987,2017-07-30,65,Wholesale,USD,GUT930,32,13,8,3912.8,31302.4,3325.88
SO - 0010091,2017-07-30,85,Wholesale,USD,AXW291,12,24,9,1025.1,9225.9,461.3
SO - 0010120,2017-07-30,137,Wholesale,USD,GUT930,39,10,10,207.7,2077,139.16
SO - 0010180,2017-07-30,140,Distributor,USD,AXW291,14,22,12,804,9648,538.68
SO - 0010438,2017-07-30,115,Distributor,USD,AXW291,17,25,11,2257.9,24836.9,1174.11
SO - 0010629,2017-07-30,105,Distributor,USD,AXW291,30,9,8,696.8,5574.4,292.66
SO - 0010639,2017-07-30,149,Distributor,USD,NXH382,59,30,10,1011.7,10117,799.24
SO - 0008288,2017-07-31,48,Export,USD,NXH382,57,21,8,857.6,6860.8,660.35
SO - 0009315,2017-07-31,52,Wholesale,USD,FLR025,64,1,7,227.8,1594.6,175.41
SO - 0009387,2017-07-31,112,Wholesale,USD,AXW291,14,19,9,3999.9,35999.1,2439.94
SO - 0009436,2017-07-31,63,Export,USD,AXW291,18,18,10,3953,39530,3360.05
SO - 0009573,2017-07-31,123,Distributor,USD,AXW291,29,14,10,864.3,8643,432.15
SO - 0009791,2017-07-31,101,Wholesale,USD,GUT930,42,20,5,3792.2,18961,2919.99
SO - 0009982,2017-07-31,17,Wholesale,USD,NXH382,48,17,9,790.6,7115.4,672.01
SO - 0010336,2017-07-31,85,Wholesale,USD,AXW291,4,15,9,911.2,8200.8,583.17
SO - 0010360,2017-07-31,71,Wholesale,USD,AXW291,22,18,5,1092.1,5460.5,797.23
SO - 0008134,2017-08-01,146,Wholesale,USD,FLR025,60,26,7,2371.8,16602.6,996.16
SO - 0008247,2017-08-01,139,Wholesale,USD,AXW291,17,25,6,2432.1,14592.6,1361.98
SO - 0008400,2017-08-01,22,Wholesale,USD,AXW291,14,9,6,2539.3,15235.8,1904.48
SO - 0008715,2017-08-01,2,Wholesale,USD,NXH382,51,10,6,1855.9,11135.4,816.6
SO - 0009402,2017-08-01,5,Export,USD,AXW291,19,5,8,1025.1,8200.8,656.06
SO - 0009443,2017-08-01,147,Distributor,USD,FLR025,65,18,7,958.1,6706.7,747.32
SO - 0010296,2017-08-01,22,Wholesale,USD,AXW291,13,26,9,2231.1,20079.9,1249.42
SO - 0010329,2017-08-01,76,Export,USD,AXW291,4,3,6,864.3,5185.8,726.01
SO - 0008180,2017-08-02,43,Wholesale,USD,AXW291,23,15,8,2391.9,19135.2,1841.76
SO - 0008223,2017-08-02,130,Wholesale,USD,AXW291,23,5,5,3912.8,19564,1956.4
SO - 0008857,2017-08-02,48,Distributor,USD,AXW291,11,25,8,187.6,1500.8,80.67
SO - 0009719,2017-08-02,65,Wholesale,USD,NXH382,53,27,12,2606.3,31275.6,2215.36
SO - 0009944,2017-08-02,24,Distributor,USD,AXW291,6,20,7,5473.9,38317.3,2463.26
SO - 0010074,2017-08-02,66,Wholesale,USD,FLR025,63,26,12,964.8,11577.6,549.94
SO - 0010087,2017-08-02,67,Distributor,USD,GUT930,38,23,5,1005,5025,592.95
SO - 0010259,2017-08-02,48,Export,USD,NXH382,55,28,6,6224.3,37345.8,3921.31
SO - 0010501,2017-08-02,122,Wholesale,USD,AXW291,23,3,11,1031.8,11349.8,722.26
SO - 0008305,2017-08-03,54,Export,USD,GUT930,36,17,6,1005,6030,502.5
SO - 0008915,2017-08-03,73,Wholesale,USD,AXW291,1,8,8,2291.4,18331.2,1260.27
SO - 0009560,2017-08-03,84,Wholesale,USD,AXW291,6,25,11,1011.7,11128.7,819.48
SO - 0009761,2017-08-03,52,Wholesale,USD,AXW291,24,20,5,1232.8,6164,875.29
SO - 0009839,2017-08-03,86,Distributor,USD,FLR025,64,17,11,1051.9,11570.9,568.03
SO - 0010459,2017-08-03,18,Wholesale,USD,AXW291,23,1,10,1226.1,12261,674.36
SO - 0008318,2017-08-04,108,Wholesale,USD,AXW291,24,25,8,3845.8,30766.4,2499.77
SO - 0008635,2017-08-04,108,Export,USD,FLR025,65,25,6,194.3,1165.8,101.04
SO - 0008971,2017-08-04,131,Export,USD,FLR025,61,2,7,1246.2,8723.4,660.49
SO - 0009601,2017-08-04,128,Export,USD,AXW291,14,13,11,261.3,2874.3,198.59
SO - 0010053,2017-08-04,146,Wholesale,USD,GUT930,45,25,9,998.3,8984.7,838.57
SO - 0010145,2017-08-04,140,Distributor,USD,AXW291,28,1,11,3524.2,38766.2,1515.41
SO - 0010540,2017-08-04,164,Wholesale,USD,AXW291,5,16,10,1708.5,17085,1008.02
SO - 0008762,2017-08-05,160,Wholesale,USD,GUT930,33,8,9,3892.7,35034.3,2257.77
SO - 0008825,2017-08-05,111,Wholesale,USD,NXH382,51,9,5,1125.6,5628,945.5
SO - 0009195,2017-08-05,33,Wholesale,USD,AXW291,4,21,7,3845.8,26920.6,2768.98
SO - 0009218,2017-08-05,36,Wholesale,USD,AXW291,26,14,5,1742,8710,1463.28
SO - 0009219,2017-08-05,141,Export,USD,AXW291,17,27,6,261.3,1567.8,164.62
SO - 0009470,2017-08-05,103,Wholesale,USD,AXW291,14,13,7,2934.6,20542.2,2230.3
SO - 0009524,2017-08-05,96,Distributor,USD,GUT930,46,23,11,5159,56749,2321.55
SO - 0009786,2017-08-05,29,Distributor,USD,AXW291,14,5,8,837.5,6700,469
SO - 0010183,2017-08-05,84,Export,USD,GUT930,42,22,7,180.9,1266.3,141.1
SO - 0010184,2017-08-05,112,Wholesale,USD,AXW291,21,25,9,254.6,2291.4,152.76
SO - 0010330,2017-08-05,117,Export,USD,AXW291,3,19,7,174.2,1219.4,128.91
SO - 0010102,2017-08-06,165,Distributor,USD,AXW291,13,5,8,3999.9,31999.2,3319.92
SO - 0010430,2017-08-06,171,Export,USD,AXW291,28,5,12,6251.1,75013.2,2938.02
SO - 0008128,2017-08-07,121,Wholesale,USD,GUT930,40,4,7,6539.2,45774.4,4708.22
SO - 0008173,2017-08-07,50,Wholesale,USD,AXW291,16,28,12,3879.3,46551.6,1551.72
SO - 0008384,2017-08-07,43,Wholesale,USD,GUT930,38,26,7,2211,15477,1392.93
SO - 0008499,2017-08-07,161,Wholesale,USD,AXW291,8,8,9,1051.9,9467.1,557.51
SO - 0008551,2017-08-07,131,Wholesale,USD,AXW291,3,6,10,3953,39530,2411.33
SO - 0008554,2017-08-07,113,Export,USD,GUT930,33,14,12,917.9,11014.8,495.67
SO - 0008673,2017-08-07,61,Wholesale,USD,NXH382,53,25,9,830.8,7477.2,689.56
SO - 0008851,2017-08-07,51,Wholesale,USD,GUT930,45,27,7,1829.1,12803.7,1518.15
SO - 0008961,2017-08-07,97,Distributor,USD,AXW291,11,5,9,268,2412,203.68
SO - 0009223,2017-08-07,151,Wholesale,USD,GUT930,32,2,6,830.8,4984.8,589.87
SO - 0009388,2017-08-07,27,Wholesale,USD,AXW291,27,28,12,1802.3,21627.6,1189.52
SO - 0009438,2017-08-07,58,Wholesale,USD,AXW291,27,20,8,2492.4,19939.2,2043.77
SO - 0009979,2017-08-07,79,Wholesale,USD,AXW291,31,2,8,1313.2,10505.6,840.45
SO - 0010284,2017-08-07,139,Distributor,USD,GUT930,44,26,9,864.3,7778.7,406.22
SO - 0010303,2017-08-07,156,Wholesale,USD,FLR025,61,26,6,1118.9,6713.4,514.69
SO - 0008294,2017-08-08,103,Export,USD,AXW291,31,15,5,1742,8710,1480.7
SO - 0008354,2017-08-08,30,Distributor,USD,NXH382,49,10,8,2244.5,17956,1773.16
SO - 0008407,2017-08-08,140,Export,USD,NXH382,50,15,6,1058.6,6351.6,868.05
SO - 0009500,2017-08-08,151,Wholesale,USD,AXW291,29,14,5,1715.2,8576,1080.58
SO - 0009866,2017-08-08,31,Distributor,USD,AXW291,9,25,7,201,1407,164.82
SO - 0008387,2017-08-09,84,Wholesale,USD,AXW291,29,29,6,194.3,1165.8,114.64
SO - 0008599,2017-08-09,30,Export,USD,NXH382,48,8,12,1159.1,13909.2,822.96
SO - 0008788,2017-08-09,53,Distributor,USD,AXW291,5,29,9,743.7,6693.3,632.15
SO - 0009232,2017-08-09,172,Wholesale,USD,AXW291,26,3,6,3973.1,23838.6,3377.14
SO - 0009269,2017-08-09,58,Distributor,USD,AXW291,24,23,5,5681.6,28408,4829.36
SO - 0009963,2017-08-09,41,Distributor,USD,GUT930,34,6,5,1835.8,9179,972.97
SO - 0010052,2017-08-09,87,Wholesale,USD,FLR025,63,12,9,1681.7,15135.3,924.94
SO - 0010375,2017-08-09,130,Distributor,USD,AXW291,16,25,6,2010,12060,964.8
SO - 0008227,2017-08-10,81,Wholesale,USD,GUT930,44,25,9,227.8,2050.2,102.51
SO - 0008445,2017-08-10,86,Distributor,USD,GUT930,43,4,10,1031.8,10318,526.22
SO - 0008784,2017-08-10,60,Distributor,USD,FLR025,63,14,10,2398.6,23986,1631.05
SO - 0008898,2017-08-10,12,Wholesale,USD,GUT930,31,14,10,1011.7,10117,566.55
SO - 0009674,2017-08-10,79,Wholesale,USD,AXW291,10,5,10,1058.6,10586,624.57
SO - 0009938,2017-08-10,150,Wholesale,USD,GUT930,40,26,5,1715.2,8576,1234.94
SO - 0010464,2017-08-10,121,Export,USD,GUT930,40,16,10,3510.8,35108,1930.94
SO - 0008092,2017-08-11,52,Wholesale,USD,AXW291,8,5,7,1038.5,7269.5,498.48
SO - 0009258,2017-08-11,158,Wholesale,USD,FLR025,65,2,12,1098.8,13185.6,868.05
SO - 0009667,2017-08-11,106,Distributor,USD,GUT930,33,5,11,6378.4,70162.4,4783.8
SO - 0009752,2017-08-11,87,Wholesale,USD,GUT930,35,1,7,2666.6,18666.2,2079.95
SO - 0009905,2017-08-11,50,Wholesale,USD,AXW291,11,30,12,3872.6,46471.2,1549.04
SO - 0010302,2017-08-11,162,Wholesale,USD,AXW291,26,15,10,167.5,1675,137.35
SO - 0010635,2017-08-11,161,Distributor,USD,GUT930,42,5,8,3959.7,31677.6,2098.64
SO - 0010726,2017-08-11,142,Wholesale,USD,NXH382,59,20,9,3973.1,35757.9,2185.21
SO - 0008101,2017-08-12,77,Distributor,USD,AXW291,1,16,12,3845.8,46149.6,2230.56
SO - 0008453,2017-08-12,115,Export,USD,AXW291,11,12,10,5969.7,59697,4656.37
SO - 0008810,2017-08-12,109,Wholesale,USD,GUT930,35,17,8,1018.4,8147.2,682.33
SO - 0009063,2017-08-12,172,Wholesale,USD,NXH382,55,3,10,241.2,2412,130.25
SO - 0010195,2017-08-12,174,Wholesale,USD,AXW291,31,22,9,2599.6,23396.4,2209.66
SO - 0010334,2017-08-12,94,Distributor,USD,AXW291,5,26,5,254.6,1273,175.67
SO - 0010741,2017-08-12,151,Distributor,USD,AXW291,21,5,11,2860.9,31469.9,1316.01
SO - 0008154,2017-08-13,166,Distributor,USD,AXW291,4,26,8,884.4,7075.2,548.33
SO - 0008347,2017-08-13,44,Wholesale,USD,AXW291,26,13,8,214.4,1715.2,107.2
SO - 0009341,2017-08-13,86,Distributor,USD,AXW291,25,14,6,1695.1,10170.6,1373.03
SO - 0009459,2017-08-13,80,Export,USD,AXW291,4,28,5,1963.1,9815.5,1138.6
SO - 0009489,2017-08-13,107,Wholesale,USD,AXW291,9,29,9,1118.9,10070.1,525.88
SO - 0009917,2017-08-13,89,Wholesale,USD,AXW291,12,25,12,2666.6,31999.2,1626.63
SO - 0009953,2017-08-13,146,Wholesale,USD,AXW291,17,25,9,1762.1,15858.9,792.95
SO - 0010499,2017-08-13,156,Wholesale,USD,GUT930,42,4,5,6043.4,30217,2659.1
SO - 0010516,2017-08-13,109,Wholesale,USD,NXH382,54,19,6,3926.2,23557.2,2316.46
SO - 0010729,2017-08-13,107,Distributor,USD,AXW291,12,27,6,1051.9,6311.4,662.7
SO - 0008335,2017-08-14,158,Wholesale,USD,GUT930,44,26,5,1045.2,5226,836.16
SO - 0008687,2017-08-14,138,Export,USD,AXW291,15,2,9,261.3,2351.7,182.91
SO - 0008761,2017-08-14,34,Distributor,USD,FLR025,64,6,6,1232.8,7396.8,850.63
SO - 0008889,2017-08-14,42,Wholesale,USD,NXH382,49,9,6,1239.5,7437,607.36
SO - 0009412,2017-08-14,117,Wholesale,USD,AXW291,14,4,10,1715.2,17152,1457.92
SO - 0009634,2017-08-14,61,Distributor,USD,NXH382,53,28,8,3591.2,28729.6,2082.9
SO - 0010019,2017-08-14,139,Wholesale,USD,GUT930,45,29,7,3155.7,22089.9,1988.09
SO - 0010437,2017-08-14,143,Distributor,USD,AXW291,31,5,12,3276.3,39315.6,1998.54
SO - 0010487,2017-08-14,32,Export,USD,NXH382,47,14,11,5092,56012,4226.36
SO - 0010691,2017-08-14,142,Wholesale,USD,GUT930,34,26,5,1902.8,9514,761.12
SO - 0008693,2017-08-15,119,Wholesale,USD,FLR025,62,10,9,6050.1,54450.9,3025.05
SO - 0008727,2017-08-15,164,Wholesale,USD,FLR025,62,2,9,1045.2,9406.8,585.31
SO - 0009000,2017-08-15,96,Wholesale,USD,GUT930,42,17,9,5313.1,47817.9,3028.47
SO - 0009370,2017-08-15,13,Wholesale,USD,FLR025,62,12,6,6385.1,38310.6,2745.59
SO - 0009448,2017-08-15,53,Distributor,USD,FLR025,60,6,9,2010,18090,884.4
SO - 0009862,2017-08-15,43,Wholesale,USD,AXW291,5,25,7,3865.9,27061.3,2706.13
SO - 0009965,2017-08-15,170,Wholesale,USD,GUT930,42,26,5,1105.5,5527.5,563.81
SO - 0010544,2017-08-15,152,Wholesale,USD,AXW291,24,14,6,864.3,5185.8,656.87
SO - 0008289,2017-08-16,169,Distributor,USD,AXW291,6,1,7,871,6097,644.54
SO - 0008672,2017-08-16,69,Wholesale,USD,AXW291,17,13,12,1051.9,12622.8,525.95
SO - 0010535,2017-08-16,117,Wholesale,USD,NXH382,48,10,12,1715.2,20582.4,874.75
SO - 0010715,2017-08-16,117,Distributor,USD,GUT930,42,12,12,998.3,11979.6,628.93
SO - 0008568,2017-08-17,136,Wholesale,USD,AXW291,5,23,9,6344.9,57104.1,4124.19
SO - 0009004,2017-08-17,51,Distributor,USD,AXW291,13,25,9,1132.3,10190.7,713.35
SO - 0009077,2017-08-17,99,Export,USD,AXW291,15,28,7,696.8,4877.6,383.24
SO - 0009530,2017-08-17,134,Wholesale,USD,FLR025,60,26,6,5038.4,30230.4,3375.73
SO - 0008519,2017-08-18,4,Wholesale,USD,AXW291,23,6,11,1098.8,12086.8,681.26
SO - 0008980,2017-08-18,22,Wholesale,USD,FLR025,65,25,8,1855.9,14847.2,1280.57
SO - 0009540,2017-08-18,13,Wholesale,USD,FLR025,63,19,7,3973.1,27811.7,2622.25
SO - 0009550,2017-08-18,158,Export,USD,NXH382,47,4,12,864.3,10371.6,579.08
SO - 0009935,2017-08-18,37,Distributor,USD,AXW291,7,26,9,1072,9648,621.76
SO - 0009983,2017-08-18,19,Distributor,USD,AXW291,18,7,5,2458.9,12294.5,1549.11
SO - 0010192,2017-08-18,29,Wholesale,USD,AXW291,20,29,11,1031.8,11349.8,567.49
SO - 0010374,2017-08-18,35,Wholesale,USD,FLR025,65,4,5,1038.5,5192.5,488.1
SO - 0010564,2017-08-18,171,Distributor,USD,NXH382,51,3,8,944.7,7557.6,651.84
SO - 0008628,2017-08-19,164,Distributor,USD,AXW291,29,25,5,1306.5,6532.5,718.58
SO - 0008674,2017-08-19,96,Export,USD,AXW291,22,5,11,3993.2,43925.2,3354.29
SO - 0008863,2017-08-19,146,Wholesale,USD,NXH382,56,13,10,3825.7,38257,1836.34
SO - 0009180,2017-08-19,175,Wholesale,USD,AXW291,21,15,5,1835.8,9179,1542.07
SO - 0009389,2017-08-19,8,Distributor,USD,AXW291,22,2,8,1172.5,9380,527.63
SO - 0009657,2017-08-19,121,Export,USD,AXW291,18,25,11,2512.5,27637.5,1381.88
SO - 0009847,2017-08-19,65,Distributor,USD,NXH382,47,6,11,2492.4,27416.4,1246.2
SO - 0009850,2017-08-19,131,Distributor,USD,AXW291,19,26,8,207.7,1661.6,93.47
SO - 0008356,2017-08-20,48,Distributor,USD,AXW291,6,16,12,3845.8,46149.6,1615.24
SO - 0008660,2017-08-20,95,Export,USD,GUT930,38,7,11,1051.9,11570.9,631.14
SO - 0009252,2017-08-20,112,Distributor,USD,FLR025,64,4,6,2485.7,14914.2,1292.56
SO - 0009397,2017-08-20,121,Wholesale,USD,NXH382,56,15,10,2405.3,24053,1635.6
SO - 0010109,2017-08-20,1,Wholesale,USD,GUT930,38,17,12,683.4,8200.8,492.05
SO - 0010530,2017-08-20,49,Distributor,USD,GUT930,39,26,8,690.1,5520.8,503.77
SO - 0008794,2017-08-21,48,Wholesale,USD,GUT930,46,23,5,3852.5,19262.5,2080.35
SO - 0008918,2017-08-21,66,Distributor,USD,FLR025,64,1,8,1025.1,8200.8,563.81
SO - 0009087,2017-08-21,18,Wholesale,USD,NXH382,57,1,9,2211,19899,1238.16
SO - 0009633,2017-08-21,69,Wholesale,USD,NXH382,60,25,5,3450.5,17252.5,1725.25
SO - 0009910,2017-08-21,148,Wholesale,USD,AXW291,20,26,7,214.4,1500.8,96.48
SO - 0010232,2017-08-21,36,Wholesale,USD,AXW291,5,6,6,1139,6834,865.64
SO - 0010304,2017-08-21,67,Wholesale,USD,NXH382,47,16,10,2894.4,28944,1910.3
SO - 0010311,2017-08-21,23,Wholesale,USD,GUT930,43,15,8,1058.6,8468.8,508.13
SO - 0010324,2017-08-21,84,Wholesale,USD,FLR025,66,14,6,1045.2,6271.2,721.19
SO - 0010709,2017-08-21,71,Wholesale,USD,GUT930,35,6,12,2579.5,30954,1212.37
SO - 0008442,2017-08-22,17,Wholesale,USD,AXW291,19,5,9,167.5,1507.5,130.65
SO - 0008448,2017-08-22,31,Wholesale,USD,AXW291,30,15,9,2680,24120,2170.8
SO - 0009185,2017-08-22,128,Wholesale,USD,NXH382,50,27,7,227.8,1594.6,177.68
SO - 0009340,2017-08-22,142,Distributor,USD,GUT930,45,26,6,3343.3,20059.8,1972.55
SO - 0010080,2017-08-22,137,Wholesale,USD,AXW291,13,3,12,268,3216,176.88
SO - 0008344,2017-08-23,167,Distributor,USD,GUT930,45,14,11,1118.9,12307.9,637.77
SO - 0009790,2017-08-23,98,Wholesale,USD,AXW291,4,13,8,844.2,6753.6,641.59
SO - 0009805,2017-08-23,117,Wholesale,USD,GUT930,40,7,11,1145.7,12602.7,458.28
SO - 0010166,2017-08-23,38,Wholesale,USD,NXH382,59,24,6,1078.7,6472.2,431.48
SO - 0010382,2017-08-23,169,Distributor,USD,GUT930,34,27,12,214.4,2572.8,120.06
SO - 0008319,2017-08-24,41,Distributor,USD,AXW291,28,11,5,2398.6,11993,1703.01
SO - 0008340,2017-08-24,113,Wholesale,USD,AXW291,8,3,7,5038.4,35268.8,2418.43
SO - 0008576,2017-08-24,59,Wholesale,USD,AXW291,11,7,7,2405.3,16837.1,2044.51
SO - 0008725,2017-08-24,7,Wholesale,USD,GUT930,34,26,7,1065.3,7457.1,788.32
SO - 0009205,2017-08-24,132,Wholesale,USD,GUT930,46,2,8,2659.9,21279.2,2260.92
SO - 0009620,2017-08-24,57,Wholesale,USD,GUT930,40,6,7,6137.2,42960.4,4480.16
SO - 0009936,2017-08-24,13,Wholesale,USD,GUT930,38,27,10,1226.1,12261,895.05
SO - 0010677,2017-08-24,2,Wholesale,USD,AXW291,18,1,5,1118.9,5594.5,850.36
SO - 0008245,2017-08-25,94,Export,USD,AXW291,3,17,6,5862.5,35175,2872.63
SO - 0008341,2017-08-25,4,Wholesale,USD,AXW291,2,26,10,857.6,8576,497.41
SO - 0009324,2017-08-25,165,Distributor,USD,NXH382,50,15,11,187.6,2063.6,93.8
SO - 0009584,2017-08-25,88,Wholesale,USD,NXH382,47,1,5,2572.8,12864,1569.41
SO - 0010123,2017-08-25,89,Distributor,USD,AXW291,8,25,12,864.3,10371.6,535.87
SO - 0010238,2017-08-25,99,Wholesale,USD,FLR025,64,13,11,234.5,2579.5,117.25
SO - 0010503,2017-08-25,140,Wholesale,USD,NXH382,55,16,8,5272.9,42183.2,2372.81
SO - 0010679,2017-08-25,76,Wholesale,USD,AXW291,31,6,6,5333.2,31999.2,2986.59
SO - 0008207,2017-08-26,109,Wholesale,USD,GUT930,44,25,6,3859.2,23155.2,1852.42
SO - 0008263,2017-08-26,5,Export,USD,NXH382,52,28,8,6318.1,50544.8,4738.58
SO - 0008507,2017-08-26,77,Export,USD,FLR025,65,15,5,1058.6,5293,889.22
SO - 0008795,2017-08-26,116,Wholesale,USD,GUT930,36,6,7,917.9,6425.3,715.96
SO - 0010070,2017-08-26,86,Wholesale,USD,FLR025,66,16,9,3912.8,35215.2,2817.22
SO - 0010086,2017-08-26,120,Export,USD,NXH382,50,24,11,1132.3,12455.3,566.15
SO - 0010139,2017-08-26,29,Wholesale,USD,FLR025,64,15,6,1058.6,6351.6,455.2
SO - 0010359,2017-08-26,102,Distributor,USD,GUT930,43,16,8,1695.1,13560.8,830.6
SO - 0010738,2017-08-26,54,Wholesale,USD,AXW291,30,2,12,1896.1,22753.2,1573.76
SO - 0008231,2017-08-27,139,Distributor,USD,AXW291,1,4,12,2505.8,30069.6,1954.52
SO - 0008386,2017-08-27,144,Wholesale,USD,GUT930,32,17,10,2505.8,25058,1603.71
SO - 0008395,2017-08-27,14,Wholesale,USD,AXW291,26,1,8,6237.7,49901.6,4803.03
SO - 0008632,2017-08-27,14,Export,USD,AXW291,13,5,6,3229.4,19376.4,2389.76
SO - 0009047,2017-08-27,166,Distributor,USD,FLR025,62,8,11,1051.9,11570.9,673.22
SO - 0009289,2017-08-27,149,Wholesale,USD,NXH382,51,26,7,1246.2,8723.4,573.25
SO - 0009353,2017-08-27,148,Wholesale,USD,AXW291,22,4,5,3544.3,17721.5,1524.05
SO - 0010151,2017-08-27,139,Distributor,USD,NXH382,49,5,9,3825.7,34431.3,2486.71
SO - 0010390,2017-08-27,4,Distributor,USD,NXH382,54,14,5,3979.8,19899,2308.28
SO - 0008099,2017-08-28,68,Distributor,USD,AXW291,2,4,7,3825.7,26779.9,1874.59
SO - 0008471,2017-08-28,73,Wholesale,USD,GUT930,41,15,6,3899.4,23396.4,3002.54
SO - 0008587,2017-08-28,25,Wholesale,USD,FLR025,65,14,5,227.8,1139,186.8
SO - 0008690,2017-08-28,173,Distributor,USD,NXH382,59,13,6,2680,16080,2144
SO - 0008749,2017-08-28,59,Wholesale,USD,AXW291,1,20,5,3939.6,19698,2087.99
SO - 0008763,2017-08-28,154,Wholesale,USD,FLR025,61,5,10,3872.6,38726,3175.53
SO - 0008957,2017-08-28,36,Wholesale,USD,GUT930,44,11,12,958.1,11497.2,440.73
SO - 0009473,2017-08-28,156,Distributor,USD,AXW291,29,12,10,2881,28810,2362.42
SO - 0009992,2017-08-28,14,Wholesale,USD,AXW291,27,17,9,911.2,8200.8,628.73
SO - 0010138,2017-08-28,92,Wholesale,USD,NXH382,52,2,10,1835.8,18358,1321.78
SO - 0010216,2017-08-28,109,Wholesale,USD,AXW291,5,7,8,3711.8,29694.4,2375.55
SO - 0010241,2017-08-28,163,Wholesale,USD,AXW291,26,17,11,5092,56012,3360.72
SO - 0010474,2017-08-28,71,Distributor,USD,NXH382,49,29,7,931.3,6519.1,428.4
SO - 0010652,2017-08-28,78,Wholesale,USD,GUT930,35,28,11,254.6,2800.6,157.85
SO - 0010721,2017-08-28,134,Export,USD,AXW291,1,13,10,2391.9,23919,1363.38
SO - 0008666,2017-08-29,11,Wholesale,USD,AXW291,9,25,11,3256.2,35818.2,2767.77
SO - 0009045,2017-08-29,138,Wholesale,USD,AXW291,26,14,9,1855.9,16703.1,965.07
SO - 0009467,2017-08-29,137,Distributor,USD,GUT930,38,26,11,207.7,2284.7,103.85
SO - 0009498,2017-08-29,23,Wholesale,USD,GUT930,41,18,11,5185.8,57043.8,2644.76
SO - 0010269,2017-08-29,153,Wholesale,USD,NXH382,56,27,9,2231.1,20079.9,1338.66
SO - 0010681,2017-08-29,141,Wholesale,USD,FLR025,62,2,5,221.1,1105.5,101.71
SO - 0008113,2017-08-30,146,Wholesale,USD,GUT930,40,29,10,174.2,1742,90.58
SO - 0008760,2017-08-30,89,Wholesale,USD,AXW291,19,11,6,187.6,1125.6,93.8
SO - 0009011,2017-08-30,66,Wholesale,USD,NXH382,49,15,5,1072,5360,793.28
SO - 0009106,2017-08-30,168,Wholesale,USD,NXH382,52,4,6,3035.1,18210.6,1699.66
SO - 0009488,2017-08-30,16,Wholesale,USD,AXW291,16,4,5,2559.4,12797,1484.45
SO - 0009896,2017-08-30,114,Wholesale,USD,NXH382,51,5,6,1286.4,7718.4,617.47
SO - 0009929,2017-08-30,126,Export,USD,NXH382,51,19,8,1098.8,8790.4,933.98
SO - 0010133,2017-08-30,85,Distributor,USD,NXH382,48,21,12,917.9,11014.8,780.22
SO - 0010706,2017-08-30,89,Wholesale,USD,AXW291,21,5,12,1065.3,12783.6,458.08
SO - 0008423,2017-08-31,20,Distributor,USD,AXW291,20,22,5,1038.5,5192.5,830.8
SO - 0008489,2017-08-31,31,Wholesale,USD,FLR025,61,5,10,3953,39530,2213.68
SO - 0008625,2017-08-31,91,Wholesale,USD,GUT930,42,29,7,1045.2,7316.4,616.67
SO - 0008711,2017-08-31,6,Wholesale,USD,GUT930,37,18,10,2351.7,23517,1293.44
SO - 0008906,2017-08-31,10,Wholesale,USD,AXW291,17,25,8,3470.6,27764.8,1874.12
SO - 0009190,2017-08-31,59,Wholesale,USD,AXW291,3,25,10,3075.3,30753,1722.17
SO - 0009352,2017-08-31,167,Distributor,USD,FLR025,62,6,7,1078.7,7550.9,474.63
SO - 0009677,2017-08-31,18,Distributor,USD,GUT930,37,5,8,757.1,6056.8,499.69
SO - 0009959,2017-08-31,90,Distributor,USD,AXW291,19,28,11,2398.6,26384.6,1199.3
SO - 0010062,2017-08-31,120,Wholesale,USD,NXH382,49,4,12,2680,32160,1179.2
SO - 0008676,2017-09-01,49,Distributor,USD,AXW291,3,30,8,1045.2,8361.6,710.74
SO - 0008689,2017-09-01,170,Wholesale,USD,FLR025,61,22,8,911.2,7289.6,610.5
SO - 0008722,2017-09-01,150,Wholesale,USD,NXH382,47,5,11,1762.1,19383.1,933.91
SO - 0009080,2017-09-01,48,Distributor,USD,NXH382,58,26,12,2505.8,30069.6,1904.41
SO - 0009283,2017-09-01,121,Export,USD,AXW291,22,13,7,2458.9,17212.3,1254.04
SO - 0009423,2017-09-01,131,Wholesale,USD,FLR025,61,1,10,5138.9,51389,4162.51
SO - 0009494,2017-09-01,109,Export,USD,AXW291,28,3,10,3323.2,33232,2592.1
SO - 0009526,2017-09-01,86,Export,USD,AXW291,22,10,12,797.3,9567.6,518.25
SO - 0009556,2017-09-01,13,Distributor,USD,GUT930,41,13,10,2646.5,26465,1879.02
SO - 0009762,2017-09-01,158,Wholesale,USD,GUT930,37,19,5,1085.4,5427,727.22
SO - 0010172,2017-09-01,40,Distributor,USD,AXW291,19,25,7,1179.2,8254.4,896.19
SO - 0010321,2017-09-01,4,Wholesale,USD,AXW291,1,7,11,1031.8,11349.8,588.13
SO - 0010323,2017-09-01,29,Export,USD,NXH382,59,17,5,2331.6,11658,1142.48
SO - 0010420,2017-09-01,84,Wholesale,USD,AXW291,30,1,8,1038.5,8308,830.8
SO - 0010513,2017-09-01,115,Wholesale,USD,AXW291,18,19,9,1728.6,15557.4,933.44
SO - 0010520,2017-09-01,46,Wholesale,USD,AXW291,5,7,10,207.7,2077,137.08
SO - 0010558,2017-09-01,143,Wholesale,USD,AXW291,3,23,7,730.3,5112.1,496.6
SO - 0010594,2017-09-01,155,Wholesale,USD,AXW291,1,5,10,1011.7,10117,556.44
SO - 0010760,2017-09-01,114,Wholesale,USD,FLR025,63,13,8,2311.5,18492,1525.59
SO - 0008097,2017-09-02,7,Export,USD,NXH382,49,2,9,5071.9,45647.1,3246.02
SO - 0009084,2017-09-02,123,Distributor,USD,AXW291,7,15,9,3691.7,33225.3,2990.28
SO - 0009085,2017-09-02,40,Wholesale,USD,AXW291,6,28,8,3819,30552,2902.44
SO - 0009969,2017-09-02,174,Export,USD,AXW291,9,30,9,3973.1,35757.9,2661.98
SO - 0010056,2017-09-02,60,Wholesale,USD,GUT930,46,29,8,261.3,2090.4,112.36
SO - 0010115,2017-09-02,34,Distributor,USD,AXW291,11,1,11,1025.1,11276.1,543.3
SO - 0010157,2017-09-02,142,Distributor,USD,AXW291,4,5,12,1118.9,13426.8,626.58
SO - 0010346,2017-09-02,29,Export,USD,AXW291,22,4,5,5708.4,28542,2283.36
SO - 0010536,2017-09-02,6,Distributor,USD,NXH382,51,15,6,2331.6,13989.6,1095.85
SO - 0010719,2017-09-02,67,Distributor,USD,GUT930,34,21,6,971.5,5829,777.2
SO - 0008919,2017-09-03,154,Wholesale,USD,GUT930,42,20,9,2351.7,21165.3,1599.16
SO - 0009099,2017-09-03,108,Export,USD,AXW291,20,26,6,1748.7,10492.2,944.3
SO - 0009152,2017-09-03,89,Distributor,USD,AXW291,13,25,9,1065.3,9587.7,522
SO - 0009214,2017-09-03,95,Distributor,USD,FLR025,63,28,7,2391.9,16743.3,1865.68
SO - 0009416,2017-09-03,41,Wholesale,USD,AXW291,5,5,9,3959.7,35637.3,2336.22
SO - 0009471,2017-09-03,42,Wholesale,USD,GUT930,34,15,5,268,1340,160.8
SO - 0009510,2017-09-03,154,Wholesale,USD,NXH382,56,26,12,2425.4,29104.8,970.16
SO - 0009767,2017-09-03,60,Export,USD,AXW291,12,16,10,3966.4,39664,2102.19
SO - 0009854,2017-09-03,8,Distributor,USD,FLR025,64,13,10,3959.7,39597,2732.19
SO - 0010200,2017-09-03,108,Distributor,USD,NXH382,55,29,5,2499.1,12495.5,1299.53
SO - 0010602,2017-09-03,65,Distributor,USD,FLR025,60,15,6,2592.9,15557.4,2100.25
SO - 0008205,2017-09-04,149,Export,USD,GUT930,32,16,9,3919.5,35275.5,2822.04
SO - 0008321,2017-09-04,68,Export,USD,AXW291,15,1,6,1788.9,10733.4,1216.45
SO - 0008524,2017-09-04,42,Distributor,USD,GUT930,41,8,10,676.7,6767,514.29
SO - 0008615,2017-09-04,95,Distributor,USD,FLR025,62,3,12,2378.5,28542,1236.82
SO - 0008984,2017-09-04,109,Export,USD,AXW291,3,20,8,3919.5,31356,2665.26
SO - 0009451,2017-09-04,95,Export,USD,NXH382,51,16,6,2378.5,14271,1070.33
SO - 0010092,2017-09-04,45,Wholesale,USD,FLR025,61,12,11,5829,64119,4196.88
SO - 0008164,2017-09-05,158,Export,USD,NXH382,48,11,5,3953,19765,2688.04
SO - 0008392,2017-09-05,73,Export,USD,NXH382,51,2,11,3879.3,42672.3,3025.85
SO - 0010006,2017-09-05,31,Distributor,USD,NXH382,50,18,8,2291.4,18331.2,1718.55
SO - 0008252,2017-09-06,121,Distributor,USD,AXW291,14,25,7,5514.1,38598.7,2315.92
SO - 0009065,2017-09-06,47,Wholesale,USD,AXW291,4,25,11,1139,12529,933.98
SO - 0009264,2017-09-06,45,Distributor,USD,GUT930,45,17,9,3745.3,33707.7,2808.98
SO - 0009276,2017-09-06,175,Distributor,USD,GUT930,39,3,7,1688.4,11818.8,1215.65
SO - 0010042,2017-09-06,80,Distributor,USD,GUT930,38,14,6,2485.7,14914.2,1715.13
SO - 0010098,2017-09-06,135,Distributor,USD,AXW291,16,26,9,1118.9,10070.1,604.21
SO - 0010276,2017-09-06,40,Wholesale,USD,NXH382,57,8,5,1902.8,9514,932.37
SO - 0008105,2017-09-07,129,Export,USD,GUT930,35,26,9,1802.3,16220.7,1153.47
SO - 0008328,2017-09-07,157,Export,USD,AXW291,6,26,12,2318.2,27818.4,1877.74
SO - 0008525,2017-09-07,81,Export,USD,GUT930,44,6,8,1829.1,14632.8,786.51
SO - 0008592,2017-09-07,44,Wholesale,USD,NXH382,52,1,9,3504.1,31536.9,2943.44
SO - 0008636,2017-09-07,5,Wholesale,USD,GUT930,44,1,5,911.2,4556,455.6
SO - 0008999,2017-09-07,126,Distributor,USD,AXW291,18,15,8,5601.2,44809.6,2632.56
SO - 0009133,2017-09-07,122,Distributor,USD,GUT930,36,6,8,3202.6,25620.8,2049.66
SO - 0009294,2017-09-07,38,Export,USD,AXW291,13,13,9,1092.1,9828.9,688.02
SO - 0009383,2017-09-07,56,Distributor,USD,AXW291,2,10,7,1728.6,12100.2,1071.73
SO - 0009539,2017-09-07,133,Export,USD,GUT930,35,2,11,857.6,9433.6,514.56
SO - 0009908,2017-09-07,156,Wholesale,USD,AXW291,29,19,11,5232.7,57559.7,2459.37
SO - 0010010,2017-09-07,18,Wholesale,USD,GUT930,34,14,5,891.1,4455.5,623.77
SO - 0010126,2017-09-07,57,Wholesale,USD,GUT930,45,5,7,194.3,1360.1,77.72
SO - 0008638,2017-09-08,118,Wholesale,USD,NXH382,57,14,9,3966.4,35697.6,1586.56
SO - 0008738,2017-09-08,35,Distributor,USD,GUT930,39,25,8,3859.2,30873.6,2045.38
SO - 0009968,2017-09-08,33,Wholesale,USD,GUT930,46,26,8,3859.2,30873.6,2431.3
SO - 0010283,2017-09-08,75,Wholesale,USD,NXH382,56,20,6,6411.9,38471.4,5001.28
SO - 0010415,2017-09-08,35,Export,USD,AXW291,5,25,5,3979.8,19899,3144.04
SO - 0008139,2017-09-09,146,Wholesale,USD,AXW291,30,25,8,1916.2,15329.6,1341.34
SO - 0008406,2017-09-09,47,Distributor,USD,AXW291,12,28,12,174.2,2090.4,123.68
SO - 0008455,2017-09-09,41,Wholesale,USD,NXH382,58,15,6,2318.2,13909.2,1414.1
SO - 0008671,2017-09-09,83,Wholesale,USD,GUT930,34,11,5,3953,19765,2095.09
SO - 0009558,2017-09-09,108,Distributor,USD,NXH382,50,22,10,1232.8,12328,862.96
SO - 0010289,2017-09-09,62,Wholesale,USD,AXW291,7,2,7,837.5,5862.5,695.13
SO - 0010371,2017-09-09,79,Wholesale,USD,AXW291,16,26,6,1721.9,10331.4,947.05
SO - 0008353,2017-09-10,162,Distributor,USD,GUT930,39,25,11,3999.9,43998.9,3119.92
SO - 0008396,2017-09-10,6,Wholesale,USD,NXH382,48,17,6,5098.7,30592.2,4180.93
SO - 0008964,2017-09-10,104,Distributor,USD,NXH382,55,15,6,1078.7,6472.2,722.73
SO - 0009671,2017-09-10,98,Distributor,USD,AXW291,22,5,7,1105.5,7738.5,928.62
SO - 0010121,2017-09-10,60,Wholesale,USD,GUT930,45,30,7,1969.8,13788.6,1634.93
SO - 0010260,2017-09-10,43,Distributor,USD,FLR025,66,13,10,1855.9,18559,1113.54
SO - 0010550,2017-09-10,171,Distributor,USD,NXH382,48,23,5,3953,19765,1699.79
SO - 0008399,2017-09-11,131,Distributor,USD,NXH382,49,8,8,1072,8576,600.32
SO - 0008529,2017-09-11,112,Distributor,USD,FLR025,64,25,9,1011.7,9105.3,536.2
SO - 0008547,2017-09-11,154,Export,USD,AXW291,13,6,9,3115.5,28039.5,1682.37
SO - 0009062,2017-09-11,37,Wholesale,USD,GUT930,32,12,8,3906.1,31248.8,2421.78
SO - 0009134,2017-09-11,12,Distributor,USD,NXH382,58,3,9,730.3,6572.7,438.18
SO - 0009899,2017-09-11,117,Wholesale,USD,GUT930,38,20,6,5085.3,30511.8,3000.33
SO - 0010130,2017-09-11,94,Wholesale,USD,GUT930,46,26,9,180.9,1628.1,103.11
SO - 0008323,2017-09-12,99,Wholesale,USD,AXW291,6,1,8,180.9,1447.2,124.82
SO - 0008562,2017-09-12,96,Wholesale,USD,NXH382,52,14,5,234.5,1172.5,189.95
SO - 0008653,2017-09-12,24,Export,USD,AXW291,14,13,5,1078.7,5393.5,841.39
SO - 0008669,2017-09-12,162,Wholesale,USD,GUT930,35,19,8,1118.9,8951.2,928.69
SO - 0008805,2017-09-12,16,Wholesale,USD,AXW291,20,16,12,1319.9,15838.8,1042.72
SO - 0009818,2017-09-12,171,Distributor,USD,FLR025,63,3,6,1125.6,6753.6,720.38
SO - 0010268,2017-09-12,52,Wholesale,USD,AXW291,6,4,9,1125.6,10130.4,517.78
SO - 0010493,2017-09-12,39,Wholesale,USD,AXW291,4,19,9,2793.9,25145.1,2039.55
SO - 0010670,2017-09-12,86,Export,USD,AXW291,13,4,7,174.2,1219.4,120.2
SO - 0008447,2017-09-13,76,Wholesale,USD,AXW291,13,30,9,1045.2,9406.8,773.45
SO - 0008905,2017-09-13,43,Wholesale,USD,GUT930,33,2,7,1092.1,7644.7,589.73
SO - 0009105,2017-09-13,75,Distributor,USD,AXW291,27,2,9,1112.2,10009.8,800.78
SO - 0009236,2017-09-13,160,Distributor,USD,NXH382,51,15,6,911.2,5467.2,747.18
SO - 0009413,2017-09-13,22,Distributor,USD,GUT930,42,4,7,3845.8,26920.6,1538.32
SO - 0009869,2017-09-13,144,Export,USD,GUT930,43,9,6,180.9,1085.4,106.73
SO - 0010618,2017-09-13,125,Distributor,USD,AXW291,13,18,7,1239.5,8676.5,842.86
SO - 0010767,2017-09-13,22,Distributor,USD,AXW291,31,3,7,1005,7035,572.85
SO - 0008100,2017-09-14,38,Wholesale,USD,AXW291,22,26,7,1715.2,12006.4,806.14
SO - 0008298,2017-09-14,99,Export,USD,GUT930,36,5,5,5098.7,25493.5,3365.14
SO - 0009175,2017-09-14,7,Wholesale,USD,AXW291,24,26,12,991.6,11899.2,505.72
SO - 0009201,2017-09-14,100,Distributor,USD,GUT930,39,18,8,3946.3,31570.4,1933.69
SO - 0009741,2017-09-14,89,Wholesale,USD,FLR025,66,1,10,1795.6,17956,1113.27
SO - 0009776,2017-09-14,53,Distributor,USD,AXW291,6,16,7,2505.8,17540.6,1804.18
SO - 0010101,2017-09-14,44,Wholesale,USD,GUT930,42,1,10,5393.5,53935,3667.58
SO - 0010114,2017-09-14,106,Wholesale,USD,GUT930,47,18,9,6016.6,54149.4,3429.46
SO - 0009235,2017-09-15,93,Wholesale,USD,AXW291,31,23,12,6210.9,74530.8,3353.89
SO - 0009504,2017-09-15,127,Distributor,USD,NXH382,53,13,7,1695.1,11865.7,1101.82
SO - 0009636,2017-09-15,47,Distributor,USD,FLR025,61,24,6,1025.1,6150.6,697.07
SO - 0010040,2017-09-15,19,Wholesale,USD,AXW291,27,16,8,5152.3,41218.4,2524.63
SO - 0010174,2017-09-15,115,Distributor,USD,FLR025,62,16,9,3584.5,32260.5,2831.76
SO - 0010227,2017-09-15,78,Wholesale,USD,AXW291,9,16,12,241.2,2894.4,120.6
SO - 0010240,2017-09-15,83,Wholesale,USD,AXW291,6,5,11,194.3,2137.3,159.33
SO - 0010291,2017-09-15,88,Wholesale,USD,FLR025,63,28,8,2686.7,21493.6,1155.28
SO - 0010737,2017-09-15,42,Wholesale,USD,FLR025,63,5,9,6472.2,58249.8,5371.93
SO - 0008509,2017-09-16,142,Wholesale,USD,NXH382,57,26,8,4006.6,32052.8,2724.49
SO - 0008680,2017-09-16,154,Wholesale,USD,NXH382,55,2,6,1916.2,11497.2,900.61
SO - 0009076,2017-09-16,79,Distributor,USD,GUT930,42,17,12,5822.3,69867.6,4599.62
SO - 0009709,2017-09-16,127,Wholesale,USD,AXW291,22,5,8,2680,21440,2251.2
SO - 0010221,2017-09-16,29,Distributor,USD,NXH382,54,16,11,2432.1,26753.1,1605.19
SO - 0008123,2017-09-17,69,Wholesale,USD,GUT930,42,3,12,1051.9,12622.8,525.95
SO - 0008692,2017-09-17,154,Distributor,USD,GUT930,42,26,10,1721.9,17219,774.86
SO - 0008796,2017-09-17,64,Wholesale,USD,FLR025,62,23,6,234.5,1407,147.74
SO - 0008855,2017-09-17,128,Wholesale,USD,AXW291,19,26,12,4006.6,48079.2,3125.15
SO - 0009028,2017-09-17,125,Distributor,USD,NXH382,51,1,10,3852.5,38525,2234.45
SO - 0009109,2017-09-17,13,Wholesale,USD,AXW291,8,26,11,931.3,10244.3,754.35
SO - 0009188,2017-09-17,126,Export,USD,AXW291,11,21,9,783.9,7055.1,368.43
SO - 0009265,2017-09-17,90,Wholesale,USD,FLR025,63,18,11,5279.6,58075.6,3167.76
SO - 0009292,2017-09-17,92,Wholesale,USD,FLR025,62,18,7,904.5,6331.5,524.61
SO - 0009863,2017-09-17,37,Distributor,USD,GUT930,44,21,12,3504.1,42049.2,1401.64
SO - 0009951,2017-09-17,146,Wholesale,USD,AXW291,18,26,6,5460.5,32763,2839.46
SO - 0010050,2017-09-17,146,Export,USD,AXW291,26,7,5,3088.7,15443.5,2223.86
SO - 0010163,2017-09-17,154,Distributor,USD,AXW291,27,13,11,3685,40535,2247.85
SO - 0008220,2017-09-18,78,Wholesale,USD,NXH382,51,5,10,3912.8,39128,1995.53
SO - 0008287,2017-09-18,85,Wholesale,USD,AXW291,13,5,7,2010,14070,1045.2
SO - 0008523,2017-09-18,36,Distributor,USD,AXW291,10,19,7,5065.2,35456.4,2785.86
SO - 0008752,2017-09-18,47,Wholesale,USD,AXW291,6,22,7,2345,16415,1360.1
SO - 0008800,2017-09-18,41,Distributor,USD,AXW291,13,2,6,167.5,1005,78.73
SO - 0009309,2017-09-18,121,Wholesale,USD,GUT930,44,21,11,261.3,2874.3,151.55
SO - 0009379,2017-09-18,172,Wholesale,USD,AXW291,31,13,9,998.3,8984.7,718.78
SO - 0010218,2017-09-18,113,Distributor,USD,GUT930,46,1,9,2499.1,22491.9,1599.42
SO - 0010543,2017-09-18,38,Distributor,USD,NXH382,55,14,9,6003.2,54028.8,2401.28
SO - 0010768,2017-09-18,108,Wholesale,USD,NXH382,56,14,9,1085.4,9768.6,835.76
SO - 0008122,2017-09-19,20,Wholesale,USD,AXW291,12,21,11,5936.2,65298.2,3027.46
SO - 0009233,2017-09-19,18,Distributor,USD,AXW291,29,11,5,1152.4,5762,691.44
SO - 0009378,2017-09-19,93,Wholesale,USD,AXW291,15,26,12,3832.4,45988.8,1647.93
SO - 0009684,2017-09-19,41,Wholesale,USD,FLR025,65,15,5,2365.1,11825.5,1702.87
SO - 0009859,2017-09-19,133,Distributor,USD,AXW291,24,28,9,2458.9,22130.1,1180.27
SO - 0009872,2017-09-19,110,Distributor,USD,AXW291,13,3,5,1996.6,9983,1078.16
SO - 0009950,2017-09-19,54,Wholesale,USD,GUT930,39,12,11,261.3,2874.3,125.42
SO - 0009984,2017-09-19,86,Wholesale,USD,NXH382,47,1,8,1695.1,13560.8,1203.52
SO - 0010308,2017-09-19,84,Wholesale,USD,NXH382,51,14,12,1896.1,22753.2,1118.7
SO - 0010419,2017-09-19,14,Distributor,USD,NXH382,53,14,7,1172.5,8207.5,949.73
SO - 0010606,2017-09-19,55,Wholesale,USD,GUT930,43,23,5,1762.1,8810.5,1444.92
SO - 0008175,2017-09-20,168,Distributor,USD,AXW291,30,26,11,1045.2,11497.2,543.5
SO - 0008209,2017-09-20,21,Wholesale,USD,AXW291,7,23,10,1252.9,12529,989.79
SO - 0008490,2017-09-20,172,Wholesale,USD,GUT930,31,18,8,2599.6,20796.8,2105.68
SO - 0008859,2017-09-20,53,Wholesale,USD,GUT930,39,27,8,857.6,6860.8,360.19
SO - 0009027,2017-09-20,79,Export,USD,AXW291,25,15,11,1782.2,19604.2,1514.87
SO - 0009083,2017-09-20,25,Wholesale,USD,NXH382,52,13,11,2211,24321,950.73
SO - 0009129,2017-09-20,74,Distributor,USD,NXH382,52,19,6,3872.6,23235.6,3059.35
SO - 0009271,2017-09-20,100,Export,USD,AXW291,20,25,5,2666.6,13333,1093.31
SO - 0009814,2017-09-20,128,Wholesale,USD,FLR025,64,25,8,743.7,5949.6,312.35
SO - 0010057,2017-09-20,12,Wholesale,USD,NXH382,59,13,5,3886,19430,2681.34
SO - 0010730,2017-09-20,10,Wholesale,USD,NXH382,56,25,10,2217.7,22177,1153.2
SO - 0008835,2017-09-21,56,Distributor,USD,NXH382,52,1,10,5085.3,50853,2796.92
SO - 0008861,2017-09-21,27,Export,USD,GUT930,36,8,12,2291.4,27496.8,1695.64
SO - 0009299,2017-09-21,104,Wholesale,USD,AXW291,18,15,12,241.2,2894.4,103.72
SO - 0009554,2017-09-21,83,Distributor,USD,GUT930,39,6,11,1065.3,11718.3,511.34
SO - 0009760,2017-09-21,146,Wholesale,USD,GUT930,35,4,8,2472.3,19778.4,988.92
SO - 0010001,2017-09-21,40,Wholesale,USD,FLR025,61,26,8,3899.4,31195.2,2573.6
SO - 0010667,2017-09-21,117,Wholesale,USD,AXW291,23,4,6,2371.8,14230.8,1209.62
SO - 0008443,2017-09-22,67,Export,USD,FLR025,64,15,6,3845.8,23074.8,1653.69
SO - 0008545,2017-09-22,45,Export,USD,NXH382,52,5,6,6003.2,36019.2,3902.08
SO - 0008705,2017-09-22,120,Wholesale,USD,NXH382,48,26,9,1112.2,10009.8,556.1
SO - 0009141,2017-09-22,102,Wholesale,USD,NXH382,48,17,9,1118.9,10070.1,704.91
SO - 0009206,2017-09-22,131,Distributor,USD,FLR025,63,12,8,877.7,7021.6,351.08
SO - 0009408,2017-09-22,22,Wholesale,USD,FLR025,64,17,5,241.2,1206,159.19
SO - 0009705,2017-09-22,61,Distributor,USD,NXH382,60,17,11,3973.1,43704.1,2423.59
SO - 0009751,2017-09-22,141,Distributor,USD,AXW291,24,4,12,4013.3,48159.6,2568.51
SO - 0010581,2017-09-22,78,Distributor,USD,AXW291,3,3,9,5071.9,45647.1,4311.12
SO - 0010586,2017-09-22,150,Wholesale,USD,AXW291,14,6,5,3658.2,18291,2487.58
SO - 0008566,2017-09-23,48,Distributor,USD,NXH382,51,20,6,5380.1,32280.6,2205.84
SO - 0009157,2017-09-23,15,Wholesale,USD,FLR025,60,15,10,4013.3,40133,2688.91
SO - 0009569,2017-09-23,75,Distributor,USD,FLR025,64,1,8,944.7,7557.6,803
SO - 0009708,2017-09-23,58,Wholesale,USD,AXW291,11,19,7,3477.3,24341.1,1390.92
SO - 0010013,2017-09-23,137,Wholesale,USD,GUT930,38,3,6,797.3,4783.8,422.57
SO - 0010026,2017-09-23,148,Distributor,USD,AXW291,13,15,6,1038.5,6231,633.49
SO - 0010169,2017-09-23,147,Wholesale,USD,NXH382,54,1,11,2666.6,29332.6,1786.62
SO - 0008286,2017-09-24,55,Wholesale,USD,AXW291,20,25,5,1782.2,8911,1354.47
SO - 0008486,2017-09-24,30,Distributor,USD,AXW291,2,8,5,1072,5360,761.12
SO - 0008962,2017-09-24,157,Distributor,USD,NXH382,59,11,5,3437.1,17185.5,2199.74
SO - 0009587,2017-09-24,99,Distributor,USD,AXW291,8,15,6,5755.3,34531.8,4776.9
SO - 0009952,2017-09-24,49,Distributor,USD,NXH382,58,25,8,261.3,2090.4,154.17
SO - 0010357,2017-09-24,10,Distributor,USD,FLR025,64,19,9,2539.3,22853.7,1472.79
SO - 0010435,2017-09-24,3,Wholesale,USD,AXW291,8,15,11,207.7,2284.7,85.16
SO - 0010659,2017-09-24,49,Export,USD,GUT930,36,7,10,1333.3,13333,533.32
SO - 0010777,2017-09-24,161,Wholesale,USD,AXW291,16,13,6,911.2,5467.2,446.49
SO - 0008417,2017-09-25,81,Wholesale,USD,GUT930,36,29,5,2646.5,13232.5,1640.83
SO - 0008852,2017-09-25,30,Wholesale,USD,NXH382,60,14,7,737,5159,353.76
SO - 0009023,2017-09-25,164,Wholesale,USD,AXW291,21,5,12,2532.6,30391.2,1696.84
SO - 0009415,2017-09-25,126,Wholesale,USD,FLR025,64,1,5,1788.9,8944.5,983.9
SO - 0009534,2017-09-25,16,Wholesale,USD,AXW291,26,17,5,5219.3,26096.5,3027.19
SO - 0009597,2017-09-25,124,Wholesale,USD,GUT930,37,26,5,1118.9,5594.5,492.32
SO - 0010035,2017-09-25,38,Distributor,USD,AXW291,12,25,8,3242.8,25942.4,1426.83
SO - 0010249,2017-09-25,58,Distributor,USD,FLR025,61,26,10,3886,38860,2914.5
SO - 0008736,2017-09-26,174,Distributor,USD,AXW291,25,15,6,268,1608,174.2
SO - 0008875,2017-09-26,162,Wholesale,USD,FLR025,61,27,9,4013.3,36119.7,2207.32
SO - 0009325,2017-09-26,4,Wholesale,USD,AXW291,3,25,9,1105.5,9949.5,807.02
SO - 0009368,2017-09-26,57,Wholesale,USD,AXW291,2,3,6,1983.2,11899.2,1269.25
SO - 0009392,2017-09-26,8,Distributor,USD,NXH382,53,18,11,3946.3,43409.3,1657.45
SO - 0009627,2017-09-26,146,Export,USD,AXW291,8,22,9,1031.8,9286.2,753.21
SO - 0009702,2017-09-26,163,Wholesale,USD,AXW291,23,26,9,234.5,2110.5,194.64
SO - 0009946,2017-09-26,77,Wholesale,USD,AXW291,13,8,12,6023.3,72279.6,3132.12
SO - 0010072,2017-09-26,158,Wholesale,USD,GUT930,43,26,8,3296.4,26371.2,1911.91
SO - 0010188,2017-09-26,37,Distributor,USD,AXW291,1,25,8,2525.9,20207.2,1818.65
SO - 0009123,2017-09-27,141,Distributor,USD,AXW291,3,2,6,864.3,5185.8,380.29
SO - 0009147,2017-09-27,27,Export,USD,AXW291,27,26,7,3839.1,26873.7,1727.6
SO - 0009256,2017-09-27,9,Export,USD,AXW291,24,20,7,1916.2,13413.4,1092.23
SO - 0009359,2017-09-27,56,Distributor,USD,NXH382,55,1,9,2432.1,21888.9,1775.43
SO - 0010605,2017-09-27,22,Wholesale,USD,NXH382,51,5,5,1065.3,5326.5,543.3
SO - 0008468,2017-09-28,14,Wholesale,USD,FLR025,65,1,7,5621.3,39349.1,3541.42
SO - 0008593,2017-09-28,41,Distributor,USD,GUT930,40,17,12,3859.2,46310.4,2585.66
SO - 0009329,2017-09-28,17,Wholesale,USD,GUT930,39,29,10,1815.7,18157,1398.09
SO - 0009925,2017-09-28,99,Distributor,USD,AXW291,18,25,9,5380.1,48420.9,3604.67
SO - 0010063,2017-09-28,55,Wholesale,USD,GUT930,43,9,11,2666.6,29332.6,2239.94
SO - 0010078,2017-09-28,134,Distributor,USD,AXW291,22,6,11,844.2,9286.2,709.13
SO - 0010211,2017-09-28,168,Wholesale,USD,GUT930,36,3,9,214.4,1929.6,167.23
SO - 0010488,2017-09-28,8,Distributor,USD,GUT930,46,14,6,3845.8,23074.8,2845.89
SO - 0010736,2017-09-28,105,Distributor,USD,AXW291,24,19,5,3631.4,18157,2033.58
SO - 0008104,2017-09-29,145,Wholesale,USD,NXH382,53,13,9,268,2412,123.28
SO - 0008431,2017-09-29,15,Distributor,USD,AXW291,22,4,7,2606.3,18244.1,1172.84
SO - 0009104,2017-09-29,71,Wholesale,USD,GUT930,46,2,10,944.7,9447,472.35
SO - 0009949,2017-09-29,72,Distributor,USD,AXW291,8,21,8,3557.7,28461.6,1600.97
SO - 0010547,2017-09-29,107,Wholesale,USD,FLR025,65,27,7,207.7,1453.9,176.55
SO - 0008261,2017-09-30,113,Wholesale,USD,FLR025,61,15,5,227.8,1139,148.07
SO - 0009093,2017-09-30,130,Wholesale,USD,NXH382,52,26,11,1112.2,12234.2,567.22
SO - 0009426,2017-09-30,66,Wholesale,USD,AXW291,24,13,12,2311.5,27738,1109.52
SO - 0009515,2017-09-30,70,Wholesale,USD,GUT930,34,4,7,3102.1,21714.7,1271.86
SO - 0009589,2017-09-30,1,Wholesale,USD,AXW291,10,2,11,837.5,9212.5,644.88
SO - 0009648,2017-09-30,12,Wholesale,USD,AXW291,1,2,10,1078.7,10787,431.48
SO - 0009687,2017-09-30,103,Distributor,USD,AXW291,23,17,9,998.3,8984.7,469.2
SO - 0010341,2017-09-30,68,Export,USD,AXW291,5,13,9,3953,35577,2964.75
SO - 0010361,2017-09-30,142,Wholesale,USD,GUT930,42,19,10,1721.9,17219,1050.36
SO - 0010369,2017-09-30,100,Wholesale,USD,NXH382,59,14,11,6492.3,71415.3,3895.38
SO - 0010636,2017-09-30,87,Wholesale,USD,NXH382,58,1,6,1996.6,11979.6,1417.59
SO - 0008436,2017-10-01,141,Distributor,USD,NXH382,59,14,12,1755.4,21064.8,1018.13
SO - 0008799,2017-10-01,133,Wholesale,USD,NXH382,53,11,11,1963.1,21594.1,1531.22
SO - 0009328,2017-10-01,140,Export,USD,FLR025,66,26,5,6009.9,30049.5,3726.14
SO - 0010015,2017-10-01,53,Distributor,USD,AXW291,31,25,12,1259.6,15115.2,516.44
SO - 0010335,2017-10-01,80,Distributor,USD,FLR025,66,18,5,3959.7,19798.5,2296.63
SO - 0010428,2017-10-01,114,Distributor,USD,AXW291,23,14,12,174.2,2090.4,94.07
SO - 0010583,2017-10-01,53,Distributor,USD,GUT930,35,30,7,1909.5,13366.5,801.99
SO - 0010751,2017-10-01,44,Distributor,USD,GUT930,34,5,10,2519.2,25192,1435.94
SO - 0008108,2017-10-02,162,Wholesale,USD,NXH382,49,4,6,6257.8,37546.8,2816.01
SO - 0008244,2017-10-02,81,Wholesale,USD,AXW291,15,22,9,1969.8,17728.2,1536.44
SO - 0008517,2017-10-02,104,Wholesale,USD,AXW291,19,2,7,877.7,6143.9,526.62
SO - 0008868,2017-10-02,162,Wholesale,USD,AXW291,14,15,9,917.9,8261.1,468.13
SO - 0009066,2017-10-02,85,Wholesale,USD,GUT930,42,18,8,6344.9,50759.2,3616.59
SO - 0009396,2017-10-02,63,Distributor,USD,AXW291,15,12,10,850.9,8509,340.36
SO - 0009450,2017-10-02,123,Wholesale,USD,AXW291,4,17,6,1319.9,7919.4,989.93
SO - 0010217,2017-10-02,13,Wholesale,USD,NXH382,50,26,11,978.2,10760.2,538.01
SO - 0010449,2017-10-02,163,Export,USD,NXH382,59,6,8,1206,9648,844.2
SO - 0010458,2017-10-02,5,Distributor,USD,AXW291,24,21,9,1989.9,17909.1,1691.42
SO - 0010703,2017-10-02,44,Distributor,USD,FLR025,66,27,10,884.4,8844,725.21
SO - 0008315,2017-10-03,13,Wholesale,USD,GUT930,41,17,7,4020,28140,2613
SO - 0008402,2017-10-03,17,Wholesale,USD,NXH382,54,26,10,1025.1,10251,563.81
SO - 0008975,2017-10-03,123,Distributor,USD,AXW291,16,26,5,268,1340,163.48
SO - 0009376,2017-10-03,91,Wholesale,USD,GUT930,37,25,9,3912.8,35215.2,2738.96
SO - 0009607,2017-10-03,99,Wholesale,USD,AXW291,11,24,9,964.8,8683.2,482.4
SO - 0009635,2017-10-03,172,Export,USD,AXW291,10,15,12,3912.8,46953.6,1995.53
SO - 0010233,2017-10-03,130,Distributor,USD,AXW291,1,2,7,3899.4,27295.8,1598.75
SO - 0010318,2017-10-03,139,Wholesale,USD,AXW291,16,13,10,1963.1,19631,1217.12
SO - 0010445,2017-10-03,58,Wholesale,USD,GUT930,44,12,9,214.4,1929.6,180.1
SO - 0008427,2017-10-04,17,Wholesale,USD,GUT930,32,3,10,1125.6,11256,540.29
SO - 0008846,2017-10-04,41,Export,USD,AXW291,27,17,11,1058.6,11644.6,825.71
SO - 0009036,2017-10-04,14,Export,USD,AXW291,30,4,8,1005,8040,804
SO - 0009481,2017-10-04,49,Export,USD,AXW291,7,15,11,1125.6,12381.6,529.03
SO - 0009645,2017-10-04,61,Distributor,USD,AXW291,1,25,8,2465.6,19724.8,1873.86
SO - 0009692,2017-10-04,129,Distributor,USD,FLR025,63,25,5,1132.3,5661.5,781.29
SO - 0010479,2017-10-04,159,Wholesale,USD,FLR025,63,14,12,951.4,11416.8,447.16
SO - 0010507,2017-10-04,12,Wholesale,USD,FLR025,64,12,6,6009.9,36059.4,4928.12
SO - 0010587,2017-10-04,104,Export,USD,AXW291,18,13,12,730.3,8763.6,452.79
SO - 0010647,2017-10-04,147,Distributor,USD,NXH382,49,14,7,5648.1,39536.7,3501.82
SO - 0010688,2017-10-04,36,Wholesale,USD,AXW291,12,20,5,2452.2,12261,1741.06
SO - 0008949,2017-10-05,174,Wholesale,USD,GUT930,41,14,6,1849.2,11095.2,1423.88
SO - 0009102,2017-10-05,30,Wholesale,USD,GUT930,40,18,9,194.3,1748.7,106.87
SO - 0009073,2017-10-06,104,Distributor,USD,GUT930,41,25,11,241.2,2653.2,115.78
SO - 0009224,2017-10-06,70,Wholesale,USD,FLR025,62,20,7,174.2,1219.4,87.1
SO - 0009753,2017-10-06,45,Distributor,USD,AXW291,8,18,7,1996.6,13976.2,1397.62
SO - 0009943,2017-10-06,172,Export,USD,GUT930,40,1,9,201,1809,116.58
SO - 0008306,2017-10-07,124,Wholesale,USD,AXW291,15,16,9,1340,12060,978.2
SO - 0008791,2017-10-07,146,Wholesale,USD,GUT930,32,3,12,3484,41808,2160.08
SO - 0009592,2017-10-07,145,Wholesale,USD,GUT930,33,2,11,1889.4,20783.4,1265.9
SO - 0009795,2017-10-07,115,Wholesale,USD,AXW291,1,17,6,3370.1,20220.6,2257.97
SO - 0010340,2017-10-07,110,Wholesale,USD,AXW291,21,29,12,1159.1,13909.2,579.55
SO - 0010410,2017-10-07,100,Export,USD,GUT930,46,14,7,1755.4,12287.8,1299
SO - 0010525,2017-10-07,162,Wholesale,USD,FLR025,66,21,12,1829.1,21949.2,1280.37
SO - 0010695,2017-10-07,123,Wholesale,USD,FLR025,65,16,6,2626.4,15758.4,1680.9
SO - 0008508,2017-10-08,87,Wholesale,USD,FLR025,66,25,9,1112.2,10009.8,578.34
SO - 0008581,2017-10-08,131,Distributor,USD,GUT930,46,23,12,1969.8,23637.6,1615.24
SO - 0009020,2017-10-08,26,Wholesale,USD,GUT930,46,1,5,221.1,1105.5,145.93
SO - 0009168,2017-10-08,71,Wholesale,USD,AXW291,7,14,12,1139,13668,569.5
SO - 0009288,2017-10-08,16,Wholesale,USD,GUT930,42,15,9,951.4,8562.6,428.13
SO - 0009701,2017-10-08,72,Distributor,USD,AXW291,25,21,12,1145.7,13748.4,756.16
SO - 0009781,2017-10-08,78,Wholesale,USD,AXW291,24,15,9,6170.7,55536.3,3455.59
SO - 0009823,2017-10-08,43,Export,USD,AXW291,14,16,5,3886,19430,2253.88
SO - 0010607,2017-10-08,66,Distributor,USD,FLR025,64,1,7,2599.6,18197.2,1819.72
SO - 0009092,2017-10-09,75,Wholesale,USD,AXW291,18,26,11,1681.7,18498.7,1109.92
SO - 0009284,2017-10-09,111,Wholesale,USD,NXH382,50,2,8,1025.1,8200.8,840.58
SO - 0009320,2017-10-09,161,Distributor,USD,AXW291,5,16,10,1735.3,17353,815.59
SO - 0009868,2017-10-09,81,Export,USD,AXW291,16,27,12,261.3,3135.6,162.01
SO - 0010058,2017-10-09,26,Distributor,USD,AXW291,15,14,8,5802.2,46417.6,4177.58
SO - 0010100,2017-10-09,174,Wholesale,USD,NXH382,56,20,5,1025.1,5125.5,420.29
SO - 0008420,2017-10-10,59,Export,USD,NXH382,51,13,6,1159.1,6954.6,486.82
SO - 0008480,2017-10-10,165,Distributor,USD,GUT930,31,25,10,1085.4,10854,759.78
SO - 0008694,2017-10-10,79,Distributor,USD,AXW291,19,2,5,1085.4,5427,672.95
SO - 0008836,2017-10-10,25,Distributor,USD,GUT930,45,14,6,3912.8,23476.8,1839.02
SO - 0009078,2017-10-10,164,Wholesale,USD,GUT930,40,9,6,3993.2,23959.2,2076.46
SO - 0009149,2017-10-10,25,Wholesale,USD,NXH382,49,25,5,221.1,1105.5,148.14
SO - 0009871,2017-10-10,175,Wholesale,USD,AXW291,1,2,6,1206,7236,964.8
SO - 0009907,2017-10-10,90,Wholesale,USD,AXW291,17,4,7,3041.8,21292.6,2555.11
SO - 0010293,2017-10-10,66,Wholesale,USD,FLR025,62,4,7,938,6566,384.58
SO - 0010456,2017-10-10,151,Wholesale,USD,AXW291,1,1,5,4020,20100,3095.4
SO - 0010627,2017-10-10,94,Wholesale,USD,GUT930,39,18,8,2351.7,18813.6,1293.44
SO - 0008483,2017-10-11,130,Distributor,USD,AXW291,11,5,5,167.5,837.5,134
SO - 0008718,2017-10-11,56,Wholesale,USD,GUT930,37,18,5,187.6,938,138.82
SO - 0008864,2017-10-11,64,Wholesale,USD,FLR025,62,6,11,6184.1,68025.1,3339.41
SO - 0008997,2017-10-11,91,Distributor,USD,NXH382,54,26,10,1795.6,17956,1059.4
SO - 0009307,2017-10-11,150,Wholesale,USD,FLR025,61,26,9,254.6,2291.4,188.4
SO - 0009586,2017-10-11,141,Wholesale,USD,NXH382,51,26,7,6338.2,44367.4,4817.03
SO - 0010164,2017-10-11,75,Wholesale,USD,NXH382,56,17,9,2284.7,20562.3,1919.15
SO - 0010442,2017-10-11,150,Wholesale,USD,NXH382,49,18,9,1085.4,9768.6,510.14
SO - 0008343,2017-10-12,120,Wholesale,USD,GUT930,44,23,6,221.1,1326.6,163.61
SO - 0008465,2017-10-12,142,Wholesale,USD,AXW291,16,17,11,1078.7,11865.7,560.92
SO - 0008578,2017-10-12,73,Distributor,USD,AXW291,14,20,7,4013.3,28093.1,2809.31
SO - 0008756,2017-10-12,61,Wholesale,USD,GUT930,40,13,8,2633.1,21064.8,1922.16
SO - 0009113,2017-10-12,118,Wholesale,USD,GUT930,32,23,11,1172.5,12897.5,492.45
SO - 0009230,2017-10-12,34,Distributor,USD,FLR025,63,21,10,268,2680,198.32
SO - 0009286,2017-10-12,111,Wholesale,USD,AXW291,30,6,5,2371.8,11859,1043.59
SO - 0009535,2017-10-12,137,Export,USD,GUT930,34,27,12,1078.7,12944.4,776.66
SO - 0009777,2017-10-12,5,Wholesale,USD,AXW291,17,14,8,1065.3,8522.4,681.79
SO - 0010288,2017-10-12,73,Wholesale,USD,AXW291,21,16,10,6070.2,60702,2974.4
SO - 0010427,2017-10-12,130,Distributor,USD,NXH382,57,20,5,1018.4,5092,723.06
SO - 0008162,2017-10-13,41,Distributor,USD,AXW291,8,8,5,5132.2,25661,3028
SO - 0008401,2017-10-13,86,Wholesale,USD,AXW291,9,17,6,2345,14070,1195.95
SO - 0009199,2017-10-13,163,Wholesale,USD,AXW291,5,17,6,6277.9,37667.4,4959.54
SO - 0009274,2017-10-13,45,Wholesale,USD,GUT930,46,14,8,2237.8,17902.4,1253.17
SO - 0009798,2017-10-13,37,Wholesale,USD,GUT930,42,8,6,723.6,4341.6,586.12
SO - 0010167,2017-10-13,5,Wholesale,USD,AXW291,16,22,9,1045.2,9406.8,606.22
SO - 0010455,2017-10-13,175,Wholesale,USD,GUT930,45,4,7,2559.4,17915.8,1638.02
SO - 0010626,2017-10-13,22,Wholesale,USD,GUT930,33,22,10,2981.5,29815,1759.09
SO - 0010673,2017-10-13,66,Distributor,USD,AXW291,25,2,11,1112.2,12234.2,500.49
SO - 0010705,2017-10-13,158,Distributor,USD,AXW291,16,13,12,1098.8,13185.6,648.29
SO - 0010720,2017-10-13,139,Distributor,USD,NXH382,59,13,10,2525.9,25259,1742.87
SO - 0008126,2017-10-14,24,Wholesale,USD,NXH382,53,4,8,3276.3,26210.4,2588.28
SO - 0008381,2017-10-14,62,Wholesale,USD,AXW291,21,13,12,1728.6,20743.2,1019.87
SO - 0008624,2017-10-14,99,Distributor,USD,NXH382,60,25,8,3879.3,31034.4,2405.17
SO - 0008642,2017-10-14,44,Wholesale,USD,AXW291,13,25,10,696.8,6968,578.34
SO - 0009349,2017-10-14,73,Distributor,USD,FLR025,61,4,10,3329.9,33299,2497.43
SO - 0009543,2017-10-14,132,Distributor,USD,NXH382,47,5,12,3544.3,42531.6,2020.25
SO - 0009988,2017-10-14,151,Wholesale,USD,NXH382,54,9,12,2405.3,28863.6,1395.07
SO - 0010088,2017-10-14,16,Distributor,USD,AXW291,4,14,8,978.2,7825.6,616.27
SO - 0010406,2017-10-14,158,Wholesale,USD,FLR025,61,30,8,3993.2,31945.6,2795.24
SO - 0010711,2017-10-14,110,Distributor,USD,GUT930,33,25,12,1038.5,12462,591.95
SO - 0008174,2017-10-15,54,Distributor,USD,AXW291,14,28,12,3932.9,47194.8,1887.79
SO - 0009070,2017-10-15,17,Wholesale,USD,AXW291,21,26,12,1051.9,12622.8,599.58
SO - 0009082,2017-10-15,141,Export,USD,AXW291,6,5,6,5835.7,35014.2,2917.85
SO - 0009313,2017-10-15,58,Distributor,USD,NXH382,47,1,8,227.8,1822.4,182.24
SO - 0009372,2017-10-15,31,Wholesale,USD,AXW291,2,26,9,2338.3,21044.7,1286.07
SO - 0009888,2017-10-15,129,Wholesale,USD,FLR025,66,14,11,3102.1,34123.1,2047.39
SO - 0010090,2017-10-15,148,Distributor,USD,NXH382,55,20,9,1943,17487,1360.1
SO - 0010158,2017-10-15,138,Export,USD,AXW291,8,7,10,891.1,8911,561.39
SO - 0010675,2017-10-15,18,Wholesale,USD,GUT930,32,13,10,924.6,9246,499.28
SO - 0008178,2017-10-16,55,Wholesale,USD,NXH382,52,18,6,1139,6834,717.57
SO - 0010434,2017-10-16,32,Wholesale,USD,AXW291,20,9,12,2539.3,30471.6,1244.26
SO - 0008167,2017-10-17,115,Distributor,USD,FLR025,62,14,5,3892.7,19463.5,3075.23
SO - 0009042,2017-10-17,28,Wholesale,USD,AXW291,5,25,10,1313.2,13132,945.5
SO - 0009924,2017-10-17,100,Wholesale,USD,AXW291,1,12,10,2532.6,25326,1696.84
SO - 0010215,2017-10-17,91,Wholesale,USD,AXW291,17,25,7,911.2,6378.4,646.95
SO - 0010589,2017-10-17,15,Distributor,USD,NXH382,59,20,6,1045.2,6271.2,449.44
SO - 0010731,2017-10-17,41,Export,USD,NXH382,57,23,12,1132.3,13587.6,951.13
SO - 0008272,2017-10-18,61,Wholesale,USD,FLR025,61,16,7,5540.9,38786.3,2438
SO - 0008283,2017-10-18,136,Wholesale,USD,AXW291,15,26,12,2653.2,31838.4,1936.84
SO - 0008985,2017-10-18,155,Wholesale,USD,AXW291,16,20,9,1092.1,9828.9,917.36
SO - 0009071,2017-10-18,141,Wholesale,USD,AXW291,7,13,11,1058.6,11644.6,561.06
SO - 0010073,2017-10-18,34,Wholesale,USD,AXW291,12,12,8,5661.5,45292,3623.36
SO - 0010769,2017-10-18,31,Wholesale,USD,GUT930,44,10,10,3872.6,38726,2749.55
SO - 0008684,2017-10-19,7,Export,USD,FLR025,60,10,5,1098.8,5494,516.44
SO - 0009107,2017-10-19,174,Distributor,USD,NXH382,48,1,12,3229.4,38752.8,1453.23
SO - 0009465,2017-10-19,96,Wholesale,USD,AXW291,11,25,5,1078.7,5393.5,571.71
SO - 0009484,2017-10-19,87,Wholesale,USD,GUT930,44,28,12,958.1,11497.2,411.98
SO - 0009666,2017-10-19,152,Export,USD,NXH382,52,18,10,1782.2,17822,1301.01
SO - 0010397,2017-10-19,49,Distributor,USD,AXW291,29,21,11,1078.7,11865.7,755.09
SO - 0010747,2017-10-19,161,Distributor,USD,AXW291,4,8,6,268,1608,152.76
SO - 0008228,2017-10-20,54,Distributor,USD,AXW291,20,7,9,1005,9045,673.35
SO - 0008240,2017-10-20,61,Export,USD,AXW291,20,26,10,2680,26800,1795.6
SO - 0008264,2017-10-20,140,Wholesale,USD,AXW291,16,26,9,1701.8,15316.2,935.99
SO - 0009537,2017-10-20,125,Distributor,USD,AXW291,2,26,5,1333.3,6666.5,986.64
SO - 0009771,2017-10-20,73,Distributor,USD,AXW291,13,20,6,2224.4,13346.4,1401.37
SO - 0009830,2017-10-20,106,Wholesale,USD,FLR025,62,26,7,187.6,1313.2,108.81
SO - 0009894,2017-10-20,50,Wholesale,USD,AXW291,4,26,9,3095.4,27858.6,1392.93
SO - 0010201,2017-10-20,127,Wholesale,USD,AXW291,2,19,11,2592.9,28521.9,1192.73
SO - 0010633,2017-10-20,149,Wholesale,USD,AXW291,8,2,9,750.4,6753.6,637.84
SO - 0010761,2017-10-20,95,Wholesale,USD,FLR025,66,19,10,891.1,8911,623.77
SO - 0008433,2017-10-21,171,Distributor,USD,AXW291,20,2,7,5909.4,41365.8,4432.05
SO - 0008543,2017-10-21,59,Export,USD,FLR025,65,14,6,1018.4,6110.4,723.06
SO - 0008903,2017-10-21,48,Distributor,USD,NXH382,51,29,7,924.6,6472.2,656.47
SO - 0009171,2017-10-21,14,Distributor,USD,AXW291,24,10,7,5607.9,39255.3,4149.85
SO - 0009735,2017-10-21,1,Wholesale,USD,GUT930,32,25,8,3966.4,31731.2,3133.46
SO - 0010763,2017-10-21,18,Distributor,USD,GUT930,32,13,8,1279.7,10237.6,678.24
SO - 0009409,2017-10-22,4,Wholesale,USD,AXW291,10,15,9,3805.6,34250.4,1598.35
SO - 0009541,2017-10-22,165,Distributor,USD,GUT930,43,25,11,1118.9,12307.9,861.55
SO - 0009656,2017-10-22,157,Wholesale,USD,AXW291,6,12,11,3892.7,42819.7,1868.5
SO - 0009663,2017-10-22,150,Distributor,USD,FLR025,63,29,11,991.6,10907.6,644.54
SO - 0009668,2017-10-22,151,Distributor,USD,AXW291,1,15,9,5152.3,46370.7,3709.66
SO - 0010181,2017-10-22,169,Distributor,USD,AXW291,12,25,12,174.2,2090.4,128.91
SO - 0010366,2017-10-22,171,Wholesale,USD,AXW291,31,1,6,3537.6,21225.6,1627.3
SO - 0010454,2017-10-22,13,Wholesale,USD,AXW291,16,18,5,1118.9,5594.5,794.42
SO - 0010475,2017-10-22,42,Distributor,USD,AXW291,21,6,11,2291.4,25205.4,1214.44
SO - 0010491,2017-10-22,76,Wholesale,USD,AXW291,28,16,11,1105.5,12160.5,762.8
SO - 0010646,2017-10-22,39,Distributor,USD,FLR025,64,18,7,1179.2,8254.4,554.22
SO - 0008200,2017-10-23,153,Distributor,USD,FLR025,65,26,10,1266.3,12663,987.71
SO - 0009475,2017-10-23,29,Export,USD,AXW291,26,26,10,3926.2,39262,2826.86
SO - 0009700,2017-10-23,40,Wholesale,USD,AXW291,8,15,5,194.3,971.5,102.98
SO - 0008460,2017-10-24,133,Distributor,USD,NXH382,57,4,8,917.9,7343.2,771.04
SO - 0009002,2017-10-24,65,Distributor,USD,AXW291,5,12,9,2994.9,26954.1,2126.38
SO - 0010149,2017-10-24,86,Wholesale,USD,NXH382,60,10,10,1139,11390,911.2
SO - 0010783,2017-10-24,138,Export,USD,AXW291,31,17,6,1132.3,6793.8,928.49
SO - 0008360,2017-10-25,114,Export,USD,AXW291,29,25,8,6231,49848,3177.81
SO - 0008602,2017-10-25,111,Distributor,USD,NXH382,53,19,7,1125.6,7879.2,495.26
SO - 0008643,2017-10-25,113,Export,USD,NXH382,47,25,11,2244.5,24689.5,1705.82
SO - 0008937,2017-10-25,93,Wholesale,USD,FLR025,61,26,12,991.6,11899.2,565.21
SO - 0009164,2017-10-25,53,Wholesale,USD,GUT930,32,26,11,3685,40535,2395.25
SO - 0009243,2017-10-25,79,Wholesale,USD,NXH382,57,5,6,2445.5,14673,978.2
SO - 0009333,2017-10-25,98,Distributor,USD,FLR025,66,25,11,187.6,2063.6,142.58
SO - 0009441,2017-10-25,41,Distributor,USD,AXW291,30,12,11,5902.7,64929.7,3069.4
SO - 0009525,2017-10-25,116,Distributor,USD,AXW291,11,26,9,3691.7,33225.3,2104.27
SO - 0009527,2017-10-25,168,Wholesale,USD,NXH382,57,24,9,1969.8,17728.2,965.2
SO - 0009782,2017-10-25,158,Wholesale,USD,AXW291,12,5,7,2700.1,18900.7,1107.04
SO - 0009828,2017-10-25,96,Distributor,USD,AXW291,23,18,9,3919.5,35275.5,2273.31
SO - 0009916,2017-10-25,144,Export,USD,FLR025,61,3,7,5815.6,40709.2,4826.95
SO - 0010643,2017-10-25,104,Distributor,USD,GUT930,37,25,6,3557.7,21346.2,1814.43
SO - 0008145,2017-10-26,62,Wholesale,USD,AXW291,3,9,10,1005,10050,592.95
SO - 0009643,2017-10-26,174,Export,USD,GUT930,34,15,6,783.9,4703.4,572.25
SO - 0010191,2017-10-26,55,Distributor,USD,NXH382,47,19,9,891.1,8019.9,436.64
SO - 0010239,2017-10-26,160,Wholesale,USD,GUT930,44,1,9,1025.1,9225.9,451.04
SO - 0010299,2017-10-26,72,Export,USD,GUT930,45,5,11,938,10318,497.14
SO - 0010559,2017-10-26,73,Distributor,USD,AXW291,6,10,7,1902.8,13319.6,1065.57
SO - 0010590,2017-10-26,78,Distributor,USD,AXW291,10,18,12,1896.1,22753.2,796.36
SO - 0010739,2017-10-26,102,Wholesale,USD,NXH382,56,14,7,1835.8,12850.6,1193.27
SO - 0010782,2017-10-26,66,Wholesale,USD,GUT930,45,25,12,1098.8,13185.6,846.08
SO - 0008110,2017-10-27,104,Wholesale,USD,NXH382,59,5,10,1675,16750,1155.75
SO - 0008485,2017-10-27,152,Wholesale,USD,NXH382,51,3,11,227.8,2505.8,95.68
SO - 0008571,2017-10-27,135,Wholesale,USD,AXW291,16,15,8,3906.1,31248.8,3242.06
SO - 0008633,2017-10-27,145,Wholesale,USD,NXH382,56,26,12,2546,30552,1934.96
SO - 0008679,2017-10-27,115,Wholesale,USD,AXW291,12,2,8,1098.8,8790.4,483.47
SO - 0009532,2017-10-27,152,Wholesale,USD,AXW291,13,7,6,3417,20502,2084.37
SO - 0009533,2017-10-27,1,Wholesale,USD,AXW291,22,30,6,1333.3,7999.8,1026.64
SO - 0009703,2017-10-27,103,Export,USD,NXH382,55,5,9,884.4,7959.6,353.76
SO - 0009915,2017-10-27,161,Wholesale,USD,NXH382,52,13,8,1098.8,8790.4,582.36
SO - 0010124,2017-10-27,80,Export,USD,NXH382,49,27,7,2291.4,16039.8,1512.32
SO - 0010628,2017-10-27,169,Wholesale,USD,AXW291,6,6,10,1943,19430,796.63
SO - 0010686,2017-10-27,77,Wholesale,USD,AXW291,17,1,5,4006.6,20033,2043.37
SO - 0008405,2017-10-28,87,Wholesale,USD,AXW291,4,8,11,1701.8,18719.8,1276.35
SO - 0008649,2017-10-28,23,Distributor,USD,GUT930,36,5,5,3872.6,19363,1897.57
SO - 0008988,2017-10-28,113,Export,USD,NXH382,57,21,9,2338.3,21044.7,1215.92
SO - 0009303,2017-10-28,26,Wholesale,USD,FLR025,60,16,12,837.5,10050,628.13
SO - 0009366,2017-10-28,111,Distributor,USD,GUT930,32,3,6,3912.8,23476.8,1604.25
SO - 0010075,2017-10-28,20,Wholesale,USD,AXW291,15,14,6,2633.1,15798.6,1079.57
SO - 0010484,2017-10-28,145,Distributor,USD,GUT930,34,17,10,2351.7,23517,1128.82
SO - 0010549,2017-10-28,91,Wholesale,USD,AXW291,20,3,5,1132.3,5661.5,826.58
SO - 0010561,2017-10-28,7,Wholesale,USD,AXW291,27,25,8,3986.5,31892,2072.98
SO - 0010575,2017-10-28,118,Wholesale,USD,FLR025,61,1,6,1882.7,11296.2,1581.47
SO - 0010645,2017-10-28,72,Distributor,USD,NXH382,57,9,9,1031.8,9286.2,650.03
SO - 0008325,2017-10-29,76,Distributor,USD,NXH382,48,25,12,1172.5,14070,539.35
SO - 0008458,2017-10-29,144,Wholesale,USD,AXW291,3,25,5,971.5,4857.5,641.19
SO - 0009017,2017-10-29,168,Wholesale,USD,AXW291,12,1,11,2566.1,28227.1,1539.66
SO - 0009251,2017-10-29,95,Wholesale,USD,AXW291,15,13,8,2546,20368,2062.26
SO - 0009318,2017-10-29,65,Distributor,USD,NXH382,53,6,6,268,1608,171.52
SO - 0010294,2017-10-29,113,Wholesale,USD,AXW291,25,26,12,3906.1,46873.2,2968.64
SO - 0010725,2017-10-29,24,Wholesale,USD,AXW291,31,25,5,5246.1,26230.5,3619.81
SO - 0008270,2017-10-30,156,Wholesale,USD,AXW291,26,18,11,1058.6,11644.6,804.54
SO - 0008368,2017-10-30,106,Distributor,USD,GUT930,34,13,5,3457.2,17286,1486.6
SO - 0008814,2017-10-30,9,Wholesale,USD,FLR025,61,5,6,1768.8,10612.8,1096.66
SO - 0009044,2017-10-30,124,Wholesale,USD,NXH382,48,7,8,6552.6,52420.8,3866.03
SO - 0009433,2017-10-30,29,Distributor,USD,AXW291,20,15,6,3705.1,22230.6,2482.42
SO - 0009503,2017-10-30,94,Distributor,USD,AXW291,14,4,7,1058.6,7410.2,561.06
SO - 0009930,2017-10-30,122,Wholesale,USD,AXW291,17,3,10,5735.2,57352,4416.1
SO - 0010152,2017-10-30,145,Wholesale,USD,GUT930,38,28,11,180.9,1989.9,74.17
SO - 0010236,2017-10-30,162,Wholesale,USD,NXH382,49,26,6,2318.2,13909.2,1947.29
SO - 0010265,2017-10-30,119,Wholesale,USD,NXH382,59,3,9,1139,10251,592.28
SO - 0010534,2017-10-30,146,Wholesale,USD,FLR025,60,25,6,3899.4,23396.4,2612.6
SO - 0008107,2017-10-31,143,Distributor,USD,AXW291,15,12,6,2579.5,15477,1031.8
SO - 0008542,2017-10-31,18,Wholesale,USD,NXH382,50,14,11,3953,43483,1739.32
SO - 0008647,2017-10-31,117,Distributor,USD,FLR025,62,2,10,3303.1,33031,2312.17
SO - 0008751,2017-10-31,147,Wholesale,USD,GUT930,39,25,8,6157.3,49258.4,4617.98
SO - 0009026,2017-10-31,153,Wholesale,USD,AXW291,22,3,12,247.9,2974.8,193.36
SO - 0009279,2017-10-31,100,Export,USD,AXW291,27,25,9,757.1,6813.9,401.26
SO - 0009615,2017-10-31,152,Wholesale,USD,AXW291,28,8,5,904.5,4522.5,750.74
SO - 0009682,2017-10-31,74,Distributor,USD,AXW291,13,27,8,180.9,1447.2,148.34
SO - 0009746,2017-10-31,15,Wholesale,USD,AXW291,10,18,5,3946.3,19731.5,1933.69
SO - 0009779,2017-10-31,134,Export,USD,GUT930,44,15,8,958.1,7664.8,411.98
SO - 0010079,2017-10-31,98,Distributor,USD,AXW291,6,9,6,3993.2,23959.2,1677.14
SO - 0010441,2017-10-31,118,Wholesale,USD,NXH382,49,4,12,2499.1,29989.2,1349.51
SO - 0008379,2017-11-01,60,Distributor,USD,FLR025,61,9,7,234.5,1641.5,93.8
SO - 0008867,2017-11-01,80,Wholesale,USD,NXH382,59,17,11,2726.9,29995.9,1636.14
SO - 0009095,2017-11-01,87,Wholesale,USD,GUT930,46,2,8,1829.1,14632.8,951.13
SO - 0009216,2017-11-01,24,Distributor,USD,AXW291,20,2,9,1092.1,9828.9,578.81
SO - 0009222,2017-11-01,136,Distributor,USD,GUT930,40,22,6,1118.9,6713.4,660.15
SO - 0009603,2017-11-01,28,Distributor,USD,NXH382,54,23,5,2237.8,11189,939.88
SO - 0009629,2017-11-01,75,Wholesale,USD,GUT930,32,22,9,1051.9,9467.1,831
SO - 0009989,2017-11-01,126,Wholesale,USD,FLR025,64,27,9,958.1,8622.9,814.39
SO - 0010224,2017-11-01,11,Export,USD,AXW291,20,5,5,2345,11725,1172.5
SO - 0010431,2017-11-01,146,Distributor,USD,NXH382,58,25,9,3906.1,35154.9,2499.9
SO - 0010718,2017-11-01,57,Distributor,USD,AXW291,21,26,8,1788.9,14311.2,966.01
SO - 0008883,2017-11-02,57,Export,USD,AXW291,24,15,11,1005,11055,643.2
SO - 0008912,2017-11-02,66,Distributor,USD,AXW291,12,14,8,3986.5,31892,1913.52
SO - 0009033,2017-11-02,33,Wholesale,USD,AXW291,23,13,7,5266.2,36863.4,2791.09
SO - 0009059,2017-11-02,58,Wholesale,USD,AXW291,7,26,8,1045.2,8361.6,742.09
SO - 0010028,2017-11-02,116,Wholesale,USD,FLR025,64,6,5,1018.4,5092,661.96
SO - 0010189,2017-11-02,53,Wholesale,USD,AXW291,5,13,6,3691.7,22150.2,2178.1
SO - 0010245,2017-11-02,84,Export,USD,AXW291,31,9,12,1072,12864,439.52
SO - 0010651,2017-11-02,141,Wholesale,USD,NXH382,59,20,9,1139,10251,592.28
SO - 0008371,2017-11-03,122,Wholesale,USD,FLR025,66,3,7,261.3,1829.1,107.13
SO - 0008398,2017-11-03,164,Distributor,USD,GUT930,38,5,6,824.1,4944.6,354.36
SO - 0008710,2017-11-03,102,Wholesale,USD,AXW291,10,2,11,3892.7,42819.7,2102.06
SO - 0008771,2017-11-03,7,Wholesale,USD,GUT930,46,15,7,1065.3,7457.1,767.02
SO - 0009131,2017-11-03,109,Export,USD,GUT930,45,3,7,1715.2,12006.4,1200.64
SO - 0009596,2017-11-03,163,Wholesale,USD,FLR025,63,7,9,1829.1,16461.9,1225.5
SO - 0009729,2017-11-03,65,Wholesale,USD,AXW291,18,5,10,1045.2,10452,648.02
SO - 0009911,2017-11-03,78,Distributor,USD,AXW291,27,17,5,911.2,4556,446.49
SO - 0010399,2017-11-03,69,Export,USD,GUT930,38,16,8,837.5,6700,452.25
SO - 0010570,2017-11-03,36,Wholesale,USD,NXH382,52,25,11,1232.8,13560.8,813.65
SO - 0009212,2017-11-04,67,Wholesale,USD,NXH382,53,11,8,3932.9,31463.2,2831.69
SO - 0009346,2017-11-04,132,Wholesale,USD,NXH382,57,13,7,1011.7,7081.9,839.71
SO - 0009385,2017-11-04,18,Wholesale,USD,AXW291,13,18,6,984.9,5909.4,512.15
SO - 0009557,2017-11-04,151,Wholesale,USD,NXH382,47,4,7,2264.6,15852.2,1789.03
SO - 0009784,2017-11-04,150,Distributor,USD,AXW291,5,28,9,5306.4,47757.6,3130.78
SO - 0010029,2017-11-04,168,Wholesale,USD,AXW291,15,19,6,234.5,1407,140.7
SO - 0010255,2017-11-04,70,Wholesale,USD,AXW291,12,1,12,1112.2,13346.4,611.71
SO - 0008129,2017-11-05,34,Wholesale,USD,FLR025,62,19,5,3517.5,17587.5,2778.83
SO - 0008146,2017-11-05,1,Wholesale,USD,NXH382,57,8,6,2479,14874,1735.3
SO - 0008189,2017-11-05,99,Export,USD,FLR025,65,1,10,1011.7,10117,819.48
SO - 0008516,2017-11-05,73,Wholesale,USD,AXW291,26,14,9,5956.3,53606.7,4467.23
SO - 0008732,2017-11-05,99,Wholesale,USD,AXW291,8,26,7,268,1876,182.24
SO - 0008993,2017-11-05,70,Wholesale,USD,AXW291,29,2,7,180.9,1266.3,144.72
SO - 0008586,2017-11-06,82,Wholesale,USD,AXW291,11,25,5,3986.5,19932.5,1993.25
SO - 0008843,2017-11-06,38,Wholesale,USD,NXH382,50,15,12,1045.2,12542.4,846.61
SO - 0008866,2017-11-06,12,Export,USD,NXH382,55,25,6,1996.6,11979.6,1197.96
SO - 0008891,2017-11-06,39,Distributor,USD,NXH382,54,20,9,971.5,8743.5,816.06
SO - 0008965,2017-11-06,35,Export,USD,NXH382,57,2,5,268,1340,176.88
SO - 0009067,2017-11-06,133,Wholesale,USD,AXW291,16,1,9,971.5,8743.5,680.05
SO - 0009726,2017-11-06,135,Wholesale,USD,NXH382,53,26,5,1922.9,9614.5,1211.43
SO - 0010424,2017-11-06,52,Wholesale,USD,NXH382,50,22,11,6070.2,66772.2,2670.89
SO - 0010701,2017-11-06,55,Wholesale,USD,AXW291,10,9,5,1105.5,5527.5,729.63
SO - 0008125,2017-11-07,117,Distributor,USD,GUT930,41,14,10,3731.9,37319,2948.2
SO - 0008352,2017-11-07,48,Wholesale,USD,AXW291,9,25,10,3872.6,38726,2517.19
SO - 0008462,2017-11-07,104,Wholesale,USD,AXW291,24,25,12,1072,12864,868.32
SO - 0008603,2017-11-07,20,Wholesale,USD,GUT930,40,1,10,1842.5,18425,1087.08
SO - 0009097,2017-11-07,132,Distributor,USD,GUT930,32,9,10,174.2,1742,130.65
SO - 0009300,2017-11-07,111,Wholesale,USD,GUT930,38,2,9,6458.8,58129.2,5489.98
SO - 0009493,2017-11-07,22,Wholesale,USD,NXH382,57,30,5,1956.4,9782,1545.56
SO - 0009594,2017-11-07,154,Distributor,USD,GUT930,32,3,11,1058.6,11644.6,889.22
SO - 0010111,2017-11-07,121,Distributor,USD,AXW291,23,10,5,167.5,837.5,73.7
SO - 0010569,2017-11-07,128,Wholesale,USD,GUT930,34,18,8,1118.9,8951.2,839.18
SO - 0008548,2017-11-08,152,Wholesale,USD,AXW291,1,25,7,1835.8,12850.6,1413.57
SO - 0009114,2017-11-08,65,Wholesale,USD,AXW291,10,5,5,998.3,4991.5,808.62
SO - 0009391,2017-11-08,42,Distributor,USD,AXW291,11,4,7,1112.2,7785.4,900.88
SO - 0009486,2017-11-08,60,Wholesale,USD,AXW291,10,27,5,1976.5,9882.5,1600.97
SO - 0009582,2017-11-08,106,Wholesale,USD,AXW291,8,17,9,6190.8,55717.2,3900.2
SO - 0009766,2017-11-08,158,Export,USD,AXW291,8,20,8,3939.6,31516.8,2954.7
SO - 0010234,2017-11-08,62,Distributor,USD,AXW291,11,26,12,1038.5,12462,851.57
SO - 0010528,2017-11-08,132,Wholesale,USD,AXW291,26,4,6,207.7,1246.2,149.54
SO - 0008502,2017-11-09,44,Export,USD,AXW291,12,4,5,2559.4,12797,1330.89
SO - 0008544,2017-11-09,21,Wholesale,USD,AXW291,3,6,11,5045.1,55496.1,3279.32
SO - 0008902,2017-11-09,2,Export,USD,AXW291,16,25,11,1145.7,12602.7,492.65
SO - 0008929,2017-11-09,77,Wholesale,USD,AXW291,14,25,7,750.4,5252.8,547.79
SO - 0009616,2017-11-09,109,Wholesale,USD,AXW291,27,4,8,3892.7,31141.6,1634.93
SO - 0009699,2017-11-09,9,Distributor,USD,AXW291,16,28,5,3926.2,19631,3140.96
SO - 0010319,2017-11-09,36,Wholesale,USD,AXW291,19,26,5,1715.2,8576,771.84
SO - 0010665,2017-11-09,9,Wholesale,USD,NXH382,59,27,10,1869.3,18693,1345.9
SO - 0010744,2017-11-09,114,Distributor,USD,NXH382,51,13,9,991.6,8924.4,436.3
SO - 0008278,2017-11-10,112,Distributor,USD,AXW291,8,25,11,964.8,10612.8,685.01
SO - 0008290,2017-11-10,161,Distributor,USD,AXW291,14,18,8,2559.4,20475.2,1945.14
SO - 0009029,2017-11-10,151,Distributor,USD,AXW291,13,15,8,5721.8,45774.4,4863.53
SO - 0009268,2017-11-10,53,Distributor,USD,NXH382,53,3,11,3557.7,39134.7,1707.7
SO - 0009456,2017-11-10,43,Export,USD,AXW291,24,2,11,3725.2,40977.2,2756.65
SO - 0009851,2017-11-10,28,Export,USD,NXH382,55,4,6,5192.5,31155,3634.75
SO - 0010182,2017-11-10,79,Wholesale,USD,GUT930,46,13,9,3926.2,35335.8,1688.27
SO - 0010447,2017-11-10,174,Wholesale,USD,AXW291,23,30,7,3262.9,22840.3,2349.29
SO - 0010495,2017-11-10,52,Wholesale,USD,AXW291,6,11,11,201,2211,116.58
SO - 0008133,2017-11-11,81,Wholesale,USD,NXH382,59,16,9,6277.9,56501.1,4520.09
SO - 0009217,2017-11-11,109,Export,USD,NXH382,48,20,12,6365,76380,4582.8
SO - 0009444,2017-11-11,38,Wholesale,USD,AXW291,3,25,7,2546,17822,1196.62
SO - 0009574,2017-11-11,29,Distributor,USD,FLR025,63,25,5,2472.3,12361.5,1928.39
SO - 0009891,2017-11-11,143,Distributor,USD,AXW291,7,14,6,3819,22914,2864.25
SO - 0010376,2017-11-11,45,Wholesale,USD,AXW291,3,26,12,1239.5,14874,805.68
SO - 0010416,2017-11-11,128,Wholesale,USD,AXW291,23,3,10,3939.6,39396,2048.59
